sample_id,group_id,split,label,label_id,generator,genre,score,threshold,prediction_id,prediction
real_086634,grp_003e4e10ddf9,validation,REAL,0,human,Pop,-3.0435861283061403,-0.48758440905551126,0,REAL
fake_2576e3b82b0485e9,grp_003e4e10ddf9,validation,FAKE,1,musicgen,Pop,1.7914980624540537,-0.48758440905551126,1,FAKE
fake_2d8ca09ae72af715,grp_003e4e10ddf9,validation,FAKE,1,acestep,Pop,3.4578853102164677,-0.48758440905551126,1,FAKE
fake_3739d6374c0677c3,grp_003e4e10ddf9,validation,FAKE,1,mubert,Pop,1.0769818559153062,-0.48758440905551126,1,FAKE
fake_385e9a6514fb6b06,grp_003e4e10ddf9,validation,FAKE,1,stableaudio,Pop,1.0767867747489732,-0.48758440905551126,1,FAKE
fake_39a9e76b236bc467,grp_003e4e10ddf9,validation,FAKE,1,elevenlabs,Pop,-0.4895062037899436,-0.48758440905551126,0,REAL
fake_43dbf3d9de5f3d48,grp_003e4e10ddf9,validation,FAKE,1,brev,Pop,3.4595376128655126,-0.48758440905551126,1,FAKE
fake_695157c191d7355a,grp_003e4e10ddf9,validation,FAKE,1,producer,Pop,1.0766848939757665,-0.48758440905551126,1,FAKE
fake_6c56824807cea687,grp_003e4e10ddf9,validation,FAKE,1,audioldm,Pop,4.135322696743617,-0.48758440905551126,1,FAKE
fake_7c213ebbb9ee0578,grp_003e4e10ddf9,validation,FAKE,1,suno,Pop,3.4592074229588317,-0.48758440905551126,1,FAKE
fake_91bb460de915181c,grp_003e4e10ddf9,validation,FAKE,1,diffrhythm,Pop,1.076187345149871,-0.48758440905551126,1,FAKE
fake_afc764e645e9191b,grp_003e4e10ddf9,validation,FAKE,1,songgen,Pop,4.135782227465061,-0.48758440905551126,1,FAKE
fake_cc0eb800c1d26414,grp_003e4e10ddf9,validation,FAKE,1,udio,Pop,3.459003400751188,-0.48758440905551126,1,FAKE
fake_d8bf575e88c9eace,grp_003e4e10ddf9,validation,FAKE,1,elevenlabs,Pop,-0.4895062037899436,-0.48758440905551126,0,REAL
fake_d92907485688457b,grp_003e4e10ddf9,validation,FAKE,1,suno,Pop,3.459141573315031,-0.48758440905551126,1,FAKE
fake_da08791da833f83d,grp_003e4e10ddf9,validation,FAKE,1,brev,Pop,3.459880091471537,-0.48758440905551126,1,FAKE
fake_e91f901bf85d7392,grp_003e4e10ddf9,validation,FAKE,1,udio,Pop,3.459003400751188,-0.48758440905551126,1,FAKE
real_037147,grp_0a217462029e,validation,REAL,0,human,Rock,1.071370315742902,-0.48758440905551126,1,FAKE
fake_053efb184af5c879,grp_0a217462029e,validation,FAKE,1,brev,Rock,3.459304067875647,-0.48758440905551126,1,FAKE
fake_3132dc7102ce6a3f,grp_0a217462029e,validation,FAKE,1,udio,Rock,3.459003400751188,-0.48758440905551126,1,FAKE
fake_3336a06f50e003d5,grp_0a217462029e,validation,FAKE,1,musicgen,Rock,1.7914980624540537,-0.48758440905551126,1,FAKE
fake_4fd287ab48378f5d,grp_0a217462029e,validation,FAKE,1,songgen,Rock,4.134474871529735,-0.48758440905551126,1,FAKE
fake_7563fde0bf276a7b,grp_0a217462029e,validation,FAKE,1,suno,Rock,3.4594688167218592,-0.48758440905551126,1,FAKE
fake_7bf23fd876970444,grp_0a217462029e,validation,FAKE,1,stableaudio,Rock,1.0767867747489732,-0.48758440905551126,1,FAKE
fake_8292c01ca25a76b4,grp_0a217462029e,validation,FAKE,1,elevenlabs,Rock,-0.49565764278756763,-0.48758440905551126,0,REAL
fake_829dc9407fb93092,grp_0a217462029e,validation,FAKE,1,elevenlabs,Rock,-0.5010423192611357,-0.48758440905551126,0,REAL
fake_8d6f32d1ae2e4897,grp_0a217462029e,validation,FAKE,1,diffrhythm,Rock,1.0766114328116694,-0.48758440905551126,1,FAKE
fake_96f55a68eba91fba,grp_0a217462029e,validation,FAKE,1,mubert,Rock,1.0769818559153062,-0.48758440905551126,1,FAKE
fake_97fc314616724625,grp_0a217462029e,validation,FAKE,1,audioldm,Rock,4.135322696743617,-0.48758440905551126,1,FAKE
fake_9c87e0c198b1e7cd,grp_0a217462029e,validation,FAKE,1,acestep,Rock,3.457299647804251,-0.48758440905551126,1,FAKE
fake_a4a08c93b86fdc69,grp_0a217462029e,validation,FAKE,1,brev,Rock,3.4594466655297165,-0.48758440905551126,1,FAKE
fake_d5932c956a401894,grp_0a217462029e,validation,FAKE,1,suno,Rock,3.458870101787242,-0.48758440905551126,1,FAKE
fake_efb37445379fb02d,grp_0a217462029e,validation,FAKE,1,producer,Rock,1.0767096338592492,-0.48758440905551126,1,FAKE
fake_faec04aab39d30bc,grp_0a217462029e,validation,FAKE,1,udio,Rock,3.459003400751188,-0.48758440905551126,1,FAKE
real_148802,grp_0bb37b1bc037,validation,REAL,0,human,Electronic,-3.588555205854078,-0.48758440905551126,0,REAL
fake_186494c5430cc5be,grp_0bb37b1bc037,validation,FAKE,1,musicgen,Electronic,1.7914980624540537,-0.48758440905551126,1,FAKE
fake_57c60d33a64d5307,grp_0bb37b1bc037,validation,FAKE,1,audioldm,Electronic,4.135322696743617,-0.48758440905551126,1,FAKE
fake_5ac720c882a81d4d,grp_0bb37b1bc037,validation,FAKE,1,songgen,Electronic,4.135949685937343,-0.48758440905551126,1,FAKE
fake_755ae5b140e7ec2b,grp_0bb37b1bc037,validation,FAKE,1,diffrhythm,Electronic,1.0765913071688322,-0.48758440905551126,1,FAKE
fake_c4dd68b1214955a8,grp_0bb37b1bc037,validation,FAKE,1,acestep,Electronic,3.4583545919223604,-0.48758440905551126,1,FAKE
real_004383,grp_11a7b94ccdaf,validation,REAL,0,human,Rock,-2.0331420380833567,-0.48758440905551126,0,REAL
fake_1e8eff7aa5c46373,grp_11a7b94ccdaf,validation,FAKE,1,elevenlabs,Rock,-0.49207069767650236,-0.48758440905551126,0,REAL
fake_4016b63b366aad0d,grp_11a7b94ccdaf,validation,FAKE,1,udio,Rock,3.459003400751188,-0.48758440905551126,1,FAKE
fake_482b440fd9008676,grp_11a7b94ccdaf,validation,FAKE,1,elevenlabs,Rock,-0.4895062037899436,-0.48758440905551126,0,REAL
fake_483aa7b6be7e53e7,grp_11a7b94ccdaf,validation,FAKE,1,songgen,Rock,4.136798482650903,-0.48758440905551126,1,FAKE
fake_79dccbf95211f5cb,grp_11a7b94ccdaf,validation,FAKE,1,brev,Rock,3.4593266447767013,-0.48758440905551126,1,FAKE
fake_7e5dfa365dcffd36,grp_11a7b94ccdaf,validation,FAKE,1,mubert,Rock,1.0769818559153062,-0.48758440905551126,1,FAKE
fake_8b381de5edd2e579,grp_11a7b94ccdaf,validation,FAKE,1,suno,Rock,3.459563196491768,-0.48758440905551126,1,FAKE
fake_93ebe6628c6c420b,grp_11a7b94ccdaf,validation,FAKE,1,udio,Rock,3.459003400751188,-0.48758440905551126,1,FAKE
fake_b1f4116c8dc3cc57,grp_11a7b94ccdaf,validation,FAKE,1,acestep,Rock,3.456330338695238,-0.48758440905551126,1,FAKE
fake_c386fbcdc76aa798,grp_11a7b94ccdaf,validation,FAKE,1,suno,Rock,3.4593551200219035,-0.48758440905551126,1,FAKE
fake_c68664934d163af9,grp_11a7b94ccdaf,validation,FAKE,1,musicgen,Rock,1.7914980624540537,-0.48758440905551126,1,FAKE
fake_c842b94e55ed0a91,grp_11a7b94ccdaf,validation,FAKE,1,diffrhythm,Rock,1.0761437262172264,-0.48758440905551126,1,FAKE
fake_e95974ecc7a3efe4,grp_11a7b94ccdaf,validation,FAKE,1,audioldm,Rock,4.135322696743617,-0.48758440905551126,1,FAKE
fake_ea0510d8772450ea,grp_11a7b94ccdaf,validation,FAKE,1,brev,Rock,3.4591031245501727,-0.48758440905551126,1,FAKE
fake_eb0817322e01014b,grp_11a7b94ccdaf,validation,FAKE,1,producer,Rock,1.0766740280550504,-0.48758440905551126,1,FAKE
real_006795,grp_12bb40f8f41a,validation,REAL,0,human,Pop,-2.0364478215428417,-0.48758440905551126,0,REAL
fake_10d10dd2b2d9b72e,grp_12bb40f8f41a,validation,FAKE,1,elevenlabs,Pop,-0.49565764278756763,-0.48758440905551126,0,REAL
fake_17a30c40022b343b,grp_12bb40f8f41a,validation,FAKE,1,diffrhythm,Pop,1.0754272425899325,-0.48758440905551126,1,FAKE
fake_30a7e623095ae823,grp_12bb40f8f41a,validation,FAKE,1,audioldm,Pop,4.135322696743617,-0.48758440905551126,1,FAKE
fake_42d65b7dcb2a6395,grp_12bb40f8f41a,validation,FAKE,1,songgen,Pop,4.136798482650903,-0.48758440905551126,1,FAKE
fake_4a0d200fe22cd436,grp_12bb40f8f41a,validation,FAKE,1,acestep,Pop,3.457818210552262,-0.48758440905551126,1,FAKE
fake_4fea871dc127079b,grp_12bb40f8f41a,validation,FAKE,1,stableaudio,Pop,1.0767867747489732,-0.48758440905551126,1,FAKE
fake_549d21bab4e0389e,grp_12bb40f8f41a,validation,FAKE,1,mubert,Pop,1.0769818559153062,-0.48758440905551126,1,FAKE
fake_72337a841537a98a,grp_12bb40f8f41a,validation,FAKE,1,musicgen,Pop,1.7914980624540537,-0.48758440905551126,1,FAKE
fake_81bbe11da11e01c3,grp_12bb40f8f41a,validation,FAKE,1,brev,Pop,3.459562588284803,-0.48758440905551126,1,FAKE
fake_994ec903647712e9,grp_12bb40f8f41a,validation,FAKE,1,producer,Pop,1.0765652198659441,-0.48758440905551126,1,FAKE
fake_9c1d24768d4bfb95,grp_12bb40f8f41a,validation,FAKE,1,udio,Pop,3.459003400751188,-0.48758440905551126,1,FAKE
fake_a0219785ae8b5b5e,grp_12bb40f8f41a,validation,FAKE,1,brev,Pop,3.4591437838096413,-0.48758440905551126,1,FAKE
fake_adca2d56790f7ae6,grp_12bb40f8f41a,validation,FAKE,1,suno,Pop,3.4588641668474605,-0.48758440905551126,1,FAKE
fake_c6b97fd6e2caa1e3,grp_12bb40f8f41a,validation,FAKE,1,elevenlabs,Pop,-0.49565764278756763,-0.48758440905551126,0,REAL
fake_ceadaebfb9b7f6ec,grp_12bb40f8f41a,validation,FAKE,1,suno,Pop,3.458548461098676,-0.48758440905551126,1,FAKE
fake_dd5f4aaec4f437ae,grp_12bb40f8f41a,validation,FAKE,1,diffrhythm,Pop,1.076309273205644,-0.48758440905551126,1,FAKE
fake_dea138b730fb32db,grp_12bb40f8f41a,validation,FAKE,1,udio,Pop,3.459003400751188,-0.48758440905551126,1,FAKE
real_149488,grp_14f0d5325d25,validation,REAL,0,human,Rock,-3.5886565722332886,-0.48758440905551126,0,REAL
fake_2e4ebe062ab1f9e5,grp_14f0d5325d25,validation,FAKE,1,elevenlabs,Rock,-0.4895062037899436,-0.48758440905551126,0,REAL
fake_30679a490aca9680,grp_14f0d5325d25,validation,FAKE,1,udio,Rock,3.459003400751188,-0.48758440905551126,1,FAKE
fake_31fcd0d1cd857278,grp_14f0d5325d25,validation,FAKE,1,acestep,Rock,3.4556954458750377,-0.48758440905551126,1,FAKE
fake_40e18cf631f5cfb5,grp_14f0d5325d25,validation,FAKE,1,stableaudio,Rock,1.0767867747489732,-0.48758440905551126,1,FAKE
fake_490b7a3559af13f3,grp_14f0d5325d25,validation,FAKE,1,elevenlabs,Rock,-0.4895062037899436,-0.48758440905551126,0,REAL
fake_4a9aa983d361b0d2,grp_14f0d5325d25,validation,FAKE,1,brev,Rock,3.4597418595269316,-0.48758440905551126,1,FAKE
fake_56ae92923da1548b,grp_14f0d5325d25,validation,FAKE,1,diffrhythm,Rock,1.0764810699334664,-0.48758440905551126,1,FAKE
fake_573712f91168441a,grp_14f0d5325d25,validation,FAKE,1,musicgen,Rock,1.7914980624540537,-0.48758440905551126,1,FAKE
fake_64bceafd58cb9dab,grp_14f0d5325d25,validation,FAKE,1,suno,Rock,3.459721602992176,-0.48758440905551126,1,FAKE
fake_69d97637931dc04a,grp_14f0d5325d25,validation,FAKE,1,audioldm,Rock,4.135322696743617,-0.48758440905551126,1,FAKE
fake_6c0e17b9336c34be,grp_14f0d5325d25,validation,FAKE,1,suno,Rock,3.459675409883072,-0.48758440905551126,1,FAKE
fake_c05ec67e285914a8,grp_14f0d5325d25,validation,FAKE,1,mubert,Rock,1.0769818559153062,-0.48758440905551126,1,FAKE
fake_c1ef5b12bd679506,grp_14f0d5325d25,validation,FAKE,1,udio,Rock,3.459003400751188,-0.48758440905551126,1,FAKE
fake_c6b83361e2a1b5dc,grp_14f0d5325d25,validation,FAKE,1,brev,Rock,3.4596948726341283,-0.48758440905551126,1,FAKE
fake_cf4316b6e19eaa55,grp_14f0d5325d25,validation,FAKE,1,songgen,Rock,4.136798482650903,-0.48758440905551126,1,FAKE
fake_e2500b4c19336fe7,grp_14f0d5325d25,validation,FAKE,1,producer,Rock,1.0769635724092526,-0.48758440905551126,1,FAKE
real_140932,grp_18d056af1770,validation,REAL,0,human,Electronic,-3.586148647249521,-0.48758440905551126,0,REAL
fake_12709d7603b67630,grp_18d056af1770,validation,FAKE,1,songgen,Electronic,4.130390652382511,-0.48758440905551126,1,FAKE
fake_4687373651b135cf,grp_18d056af1770,validation,FAKE,1,musicgen,Electronic,1.7914980624540537,-0.48758440905551126,1,FAKE
fake_71a3f2f12b1eb362,grp_18d056af1770,validation,FAKE,1,audioldm,Electronic,4.135322696743617,-0.48758440905551126,1,FAKE
fake_93b399a86a28629b,grp_18d056af1770,validation,FAKE,1,diffrhythm,Electronic,1.0765106595540903,-0.48758440905551126,1,FAKE
fake_a6929261c5575746,grp_18d056af1770,validation,FAKE,1,acestep,Electronic,3.4555096938930685,-0.48758440905551126,1,FAKE
real_022473,grp_25f703acf582,validation,REAL,0,human,Pop,-3.588359246029917,-0.48758440905551126,0,REAL
fake_00bc4e0d53d0506f,grp_25f703acf582,validation,FAKE,1,diffrhythm,Pop,1.0762334640796039,-0.48758440905551126,1,FAKE
fake_057229e7f0382be3,grp_25f703acf582,validation,FAKE,1,brev,Pop,3.4589222640329074,-0.48758440905551126,1,FAKE
fake_1266cdf952bad9f8,grp_25f703acf582,validation,FAKE,1,musicgen,Pop,1.7914980624540537,-0.48758440905551126,1,FAKE
fake_5211f50283f3d37e,grp_25f703acf582,validation,FAKE,1,udio,Pop,3.459003400751188,-0.48758440905551126,1,FAKE
fake_53eac33bace98d0d,grp_25f703acf582,validation,FAKE,1,songgen,Pop,4.136798482650903,-0.48758440905551126,1,FAKE
fake_5a2b0f2236534a58,grp_25f703acf582,validation,FAKE,1,mubert,Pop,1.0769818559153062,-0.48758440905551126,1,FAKE
fake_5a77170762d2e99e,grp_25f703acf582,validation,FAKE,1,producer,Pop,1.0766278376562477,-0.48758440905551126,1,FAKE
fake_8ce55ab732fdd564,grp_25f703acf582,validation,FAKE,1,udio,Pop,3.459003400751188,-0.48758440905551126,1,FAKE
fake_a433ca764780771d,grp_25f703acf582,validation,FAKE,1,stableaudio,Pop,1.0767867747489732,-0.48758440905551126,1,FAKE
fake_b34b5cc31a4e3f30,grp_25f703acf582,validation,FAKE,1,brev,Pop,3.4591201867503134,-0.48758440905551126,1,FAKE
fake_b80556bfb0e885d6,grp_25f703acf582,validation,FAKE,1,elevenlabs,Pop,-0.49207069767650236,-0.48758440905551126,0,REAL
fake_cbfde612e427ec88,grp_25f703acf582,validation,FAKE,1,acestep,Pop,3.4577283971216795,-0.48758440905551126,1,FAKE
fake_e068253e6e827b0a,grp_25f703acf582,validation,FAKE,1,elevenlabs,Pop,-0.49207069767650236,-0.48758440905551126,0,REAL
fake_e4c25cc1fe984f08,grp_25f703acf582,validation,FAKE,1,suno,Pop,3.4587394601198325,-0.48758440905551126,1,FAKE
fake_f690d01efb669c20,grp_25f703acf582,validation,FAKE,1,suno,Pop,3.459175015842447,-0.48758440905551126,1,FAKE
fake_fef0825fa709d10c,grp_25f703acf582,validation,FAKE,1,audioldm,Pop,4.135322696743617,-0.48758440905551126,1,FAKE
real_024919,grp_39ba159a240b,validation,REAL,0,human,Electronic,-3.587628857747722,-0.48758440905551126,0,REAL
fake_345df95ea1385b77,grp_39ba159a240b,validation,FAKE,1,udio,Electronic,3.4588169768440737,-0.48758440905551126,1,FAKE
fake_3496c57acb4df1b2,grp_39ba159a240b,validation,FAKE,1,diffrhythm,Electronic,1.0761697070229892,-0.48758440905551126,1,FAKE
fake_35c8d4d8c2d502b4,grp_39ba159a240b,validation,FAKE,1,acestep,Electronic,3.45750334125453,-0.48758440905551126,1,FAKE
fake_3aa2e3dc3f8f10f2,grp_39ba159a240b,validation,FAKE,1,brev,Electronic,3.459680997318247,-0.48758440905551126,1,FAKE
fake_402daf3d10a38f71,grp_39ba159a240b,validation,FAKE,1,udio,Electronic,3.4588169768440737,-0.48758440905551126,1,FAKE
fake_5a4abe1fa91d5ab0,grp_39ba159a240b,validation,FAKE,1,suno,Electronic,3.45916976910655,-0.48758440905551126,1,FAKE
fake_629ebce8e27662f4,grp_39ba159a240b,validation,FAKE,1,suno,Electronic,3.45965127586513,-0.48758440905551126,1,FAKE
fake_632b6186ea0c7b26,grp_39ba159a240b,validation,FAKE,1,brev,Electronic,3.4591270308224957,-0.48758440905551126,1,FAKE
fake_7718f2be87bb5e96,grp_39ba159a240b,validation,FAKE,1,musicgen,Electronic,1.7914980624540537,-0.48758440905551126,1,FAKE
fake_8862beb3e868faba,grp_39ba159a240b,validation,FAKE,1,stableaudio,Electronic,1.0767867747489732,-0.48758440905551126,1,FAKE
fake_8e25d3653e5e278d,grp_39ba159a240b,validation,FAKE,1,elevenlabs,Electronic,-0.4895062037899436,-0.48758440905551126,0,REAL
fake_9f26d2e5682a3d29,grp_39ba159a240b,validation,FAKE,1,songgen,Electronic,4.135251836346763,-0.48758440905551126,1,FAKE
fake_cc1025b96414270f,grp_39ba159a240b,validation,FAKE,1,mubert,Electronic,1.0767307293310209,-0.48758440905551126,1,FAKE
fake_f4b54060925cd0c3,grp_39ba159a240b,validation,FAKE,1,elevenlabs,Electronic,-0.49207069767650236,-0.48758440905551126,0,REAL
fake_fa972f277c64e4aa,grp_39ba159a240b,validation,FAKE,1,producer,Electronic,1.076597054947381,-0.48758440905551126,1,FAKE
fake_fdca2c5ba6dace89,grp_39ba159a240b,validation,FAKE,1,audioldm,Electronic,4.135322696743617,-0.48758440905551126,1,FAKE
real_022478,grp_3d38917bf732,validation,REAL,0,human,Pop,-3.588398027708619,-0.48758440905551126,0,REAL
fake_0b069084e60d26c0,grp_3d38917bf732,validation,FAKE,1,udio,Pop,3.459003400751188,-0.48758440905551126,1,FAKE
fake_16842149b4a7653d,grp_3d38917bf732,validation,FAKE,1,udio,Pop,3.459003400751188,-0.48758440905551126,1,FAKE
fake_180f014a9e50e5a3,grp_3d38917bf732,validation,FAKE,1,brev,Pop,3.459151873693254,-0.48758440905551126,1,FAKE
fake_42ecfdfdd17a2c00,grp_3d38917bf732,validation,FAKE,1,brev,Pop,3.4587254008999064,-0.48758440905551126,1,FAKE
fake_47f1cec02ef49361,grp_3d38917bf732,validation,FAKE,1,songgen,Pop,4.136365800017812,-0.48758440905551126,1,FAKE
fake_4a4f120cd3c3e746,grp_3d38917bf732,validation,FAKE,1,mubert,Pop,1.0769818559153062,-0.48758440905551126,1,FAKE
fake_4ccbec040de76285,grp_3d38917bf732,validation,FAKE,1,producer,Pop,1.076688488973042,-0.48758440905551126,1,FAKE
fake_5db284fdc225ba64,grp_3d38917bf732,validation,FAKE,1,suno,Pop,3.459395321206996,-0.48758440905551126,1,FAKE
fake_75868eaa9d6f4df6,grp_3d38917bf732,validation,FAKE,1,musicgen,Pop,1.7914980624540537,-0.48758440905551126,1,FAKE
fake_7c733f320dd8eafe,grp_3d38917bf732,validation,FAKE,1,suno,Pop,3.459204303346673,-0.48758440905551126,1,FAKE
fake_84f550a4e3f7c1fa,grp_3d38917bf732,validation,FAKE,1,acestep,Pop,3.4571934951828136,-0.48758440905551126,1,FAKE
fake_87f1f09d104b7dd9,grp_3d38917bf732,validation,FAKE,1,elevenlabs,Pop,-0.49207069767650236,-0.48758440905551126,0,REAL
fake_892921bc82a1460b,grp_3d38917bf732,validation,FAKE,1,diffrhythm,Pop,1.0761516449282493,-0.48758440905551126,1,FAKE
fake_c8f5be48d5f01a5f,grp_3d38917bf732,validation,FAKE,1,stableaudio,Pop,1.0767867747489732,-0.48758440905551126,1,FAKE
fake_ebf38087500e5127,grp_3d38917bf732,validation,FAKE,1,audioldm,Pop,4.135322696743617,-0.48758440905551126,1,FAKE
fake_f6d2a3f22ce1ce08,grp_3d38917bf732,validation,FAKE,1,elevenlabs,Pop,-0.49207069767650236,-0.48758440905551126,0,REAL
real_107613,grp_521c33c2e240,validation,REAL,0,human,Electronic,-1.8025070359031394,-0.48758440905551126,0,REAL
fake_43f7527bb71ceb7d,grp_521c33c2e240,validation,FAKE,1,songgen,Electronic,4.136570103570834,-0.48758440905551126,1,FAKE
fake_5856e8c0939041bf,grp_521c33c2e240,validation,FAKE,1,acestep,Electronic,3.458449649970049,-0.48758440905551126,1,FAKE
fake_817d0b67657c8491,grp_521c33c2e240,validation,FAKE,1,diffrhythm,Electronic,1.0762510053463101,-0.48758440905551126,1,FAKE
fake_c1d84041aa8a76e2,grp_521c33c2e240,validation,FAKE,1,musicgen,Electronic,1.7914980624540537,-0.48758440905551126,1,FAKE
fake_cb803a8d7f51f9e5,grp_521c33c2e240,validation,FAKE,1,audioldm,Electronic,4.135322696743617,-0.48758440905551126,1,FAKE
real_117282,grp_6533b49fc067,validation,REAL,0,human,Electronic,-3.5823059165745033,-0.48758440905551126,0,REAL
fake_00377c61f52b6c96,grp_6533b49fc067,validation,FAKE,1,musicgen,Electronic,1.7914980624540537,-0.48758440905551126,1,FAKE
fake_27667e9c09a6f148,grp_6533b49fc067,validation,FAKE,1,songgen,Electronic,4.133710572514941,-0.48758440905551126,1,FAKE
fake_88365a3a030d9d08,grp_6533b49fc067,validation,FAKE,1,acestep,Electronic,3.4583696862396227,-0.48758440905551126,1,FAKE
fake_ac80e6e37e038f4e,grp_6533b49fc067,validation,FAKE,1,audioldm,Electronic,4.135322696743617,-0.48758440905551126,1,FAKE
fake_f68567f8af6e7ad6,grp_6533b49fc067,validation,FAKE,1,diffrhythm,Electronic,1.0761068930383058,-0.48758440905551126,1,FAKE
real_131168,grp_70cf990647e6,validation,REAL,0,human,Rock,-3.5898425853226428,-0.48758440905551126,0,REAL
fake_123cc63278490979,grp_70cf990647e6,validation,FAKE,1,udio,Rock,3.459003400751188,-0.48758440905551126,1,FAKE
fake_1879a9fa6ae95331,grp_70cf990647e6,validation,FAKE,1,elevenlabs,Rock,-0.49207069767650236,-0.48758440905551126,0,REAL
fake_3043cafd47a7b9ec,grp_70cf990647e6,validation,FAKE,1,diffrhythm,Rock,1.0761874862025338,-0.48758440905551126,1,FAKE
fake_349998914bc4f850,grp_70cf990647e6,validation,FAKE,1,acestep,Rock,3.45796052778822,-0.48758440905551126,1,FAKE
fake_354e2ade326a24ae,grp_70cf990647e6,validation,FAKE,1,suno,Rock,3.458491317329393,-0.48758440905551126,1,FAKE
fake_37bf4cc7b9fc2086,grp_70cf990647e6,validation,FAKE,1,audioldm,Rock,4.135322696743617,-0.48758440905551126,1,FAKE
fake_713192e6b4eeb317,grp_70cf990647e6,validation,FAKE,1,suno,Rock,3.459046489979925,-0.48758440905551126,1,FAKE
fake_83aef0a41d252169,grp_70cf990647e6,validation,FAKE,1,musicgen,Rock,1.7914980624540537,-0.48758440905551126,1,FAKE
fake_8d8389cddd90f7cf,grp_70cf990647e6,validation,FAKE,1,brev,Rock,3.4587883597200477,-0.48758440905551126,1,FAKE
fake_8fff0a4f91c71836,grp_70cf990647e6,validation,FAKE,1,mubert,Rock,1.0769818559153062,-0.48758440905551126,1,FAKE
fake_91c55d2d44e1a6cd,grp_70cf990647e6,validation,FAKE,1,udio,Rock,3.459003400751188,-0.48758440905551126,1,FAKE
fake_96f2a1deb530568b,grp_70cf990647e6,validation,FAKE,1,brev,Rock,3.458327359569129,-0.48758440905551126,1,FAKE
fake_98850b69e18c5276,grp_70cf990647e6,validation,FAKE,1,stableaudio,Rock,1.0767867747489732,-0.48758440905551126,1,FAKE
fake_cb2076003e8c43a4,grp_70cf990647e6,validation,FAKE,1,elevenlabs,Rock,-0.49565764278756763,-0.48758440905551126,0,REAL
fake_dd538febb5b6be96,grp_70cf990647e6,validation,FAKE,1,songgen,Rock,4.128898434842504,-0.48758440905551126,1,FAKE
fake_fece2c409fdeae07,grp_70cf990647e6,validation,FAKE,1,producer,Rock,1.0763490566658835,-0.48758440905551126,1,FAKE
real_026730,grp_717fec7a989c,validation,REAL,0,human,Rock,-3.5881782648626483,-0.48758440905551126,0,REAL
fake_21977416addaaf27,grp_717fec7a989c,validation,FAKE,1,udio,Rock,3.459003400751188,-0.48758440905551126,1,FAKE
fake_341c7f0e97e8b805,grp_717fec7a989c,validation,FAKE,1,suno,Rock,3.4594200807942492,-0.48758440905551126,1,FAKE
fake_39699b2376e0494b,grp_717fec7a989c,validation,FAKE,1,acestep,Rock,3.458573556170405,-0.48758440905551126,1,FAKE
fake_3b4fa70e58d3c54c,grp_717fec7a989c,validation,FAKE,1,brev,Rock,3.459647193161535,-0.48758440905551126,1,FAKE
fake_6879e493b82b2eb0,grp_717fec7a989c,validation,FAKE,1,brev,Rock,3.4594284901328933,-0.48758440905551126,1,FAKE
fake_7a5de14680cddc70,grp_717fec7a989c,validation,FAKE,1,mubert,Rock,1.0769818559153062,-0.48758440905551126,1,FAKE
fake_8e2225bcefa47052,grp_717fec7a989c,validation,FAKE,1,udio,Rock,3.459003400751188,-0.48758440905551126,1,FAKE
fake_939f1fce638f1f40,grp_717fec7a989c,validation,FAKE,1,suno,Rock,3.458863740969216,-0.48758440905551126,1,FAKE
fake_96960ab1506caef6,grp_717fec7a989c,validation,FAKE,1,musicgen,Rock,1.7914980624540537,-0.48758440905551126,1,FAKE
fake_986661efec21a0ef,grp_717fec7a989c,validation,FAKE,1,audioldm,Rock,4.135322696743617,-0.48758440905551126,1,FAKE
fake_b4292d0a99479a1d,grp_717fec7a989c,validation,FAKE,1,producer,Rock,1.0768311581516619,-0.48758440905551126,1,FAKE
fake_b70f7d532ea933e3,grp_717fec7a989c,validation,FAKE,1,diffrhythm,Rock,1.0764841552971252,-0.48758440905551126,1,FAKE
fake_ccaec087c7b04ee0,grp_717fec7a989c,validation,FAKE,1,stableaudio,Rock,1.0767867747489732,-0.48758440905551126,1,FAKE
fake_cfbdfdcc30f974ba,grp_717fec7a989c,validation,FAKE,1,songgen,Rock,4.136798482650903,-0.48758440905551126,1,FAKE
fake_d0775077f89803ab,grp_717fec7a989c,validation,FAKE,1,elevenlabs,Rock,-0.49207069767650236,-0.48758440905551126,0,REAL
fake_f3dbf73408dc12a0,grp_717fec7a989c,validation,FAKE,1,elevenlabs,Rock,-0.49207069767650236,-0.48758440905551126,0,REAL
real_113021,grp_74000523d39a,validation,REAL,0,human,Pop,-0.5607252987747442,-0.48758440905551126,0,REAL
fake_387ffbd21e0947bb,grp_74000523d39a,validation,FAKE,1,diffrhythm,Pop,1.075810874088464,-0.48758440905551126,1,FAKE
fake_6139eaeb09174ba4,grp_74000523d39a,validation,FAKE,1,acestep,Pop,3.4567053172411732,-0.48758440905551126,1,FAKE
fake_63f92f1ca991ead9,grp_74000523d39a,validation,FAKE,1,musicgen,Pop,1.7914980624540537,-0.48758440905551126,1,FAKE
fake_c21584f5515e04c6,grp_74000523d39a,validation,FAKE,1,songgen,Pop,4.1356952247217915,-0.48758440905551126,1,FAKE
fake_e2de785db572d0b2,grp_74000523d39a,validation,FAKE,1,audioldm,Pop,4.135322696743617,-0.48758440905551126,1,FAKE
fake_fdd898b258605b08,grp_74000523d39a,validation,FAKE,1,stableaudio,Pop,1.0767867747489732,-0.48758440905551126,1,FAKE
real_147299,grp_7c0d49ac6da7,validation,REAL,0,human,Electronic,-3.581669406454054,-0.48758440905551126,0,REAL
fake_23d8245a4e84f1ab,grp_7c0d49ac6da7,validation,FAKE,1,diffrhythm,Electronic,1.076291445643236,-0.48758440905551126,1,FAKE
fake_3b9f7b970c62ecbe,grp_7c0d49ac6da7,validation,FAKE,1,musicgen,Electronic,1.7914980624540537,-0.48758440905551126,1,FAKE
fake_67274b47aac98721,grp_7c0d49ac6da7,validation,FAKE,1,acestep,Electronic,3.4567053172411732,-0.48758440905551126,1,FAKE
fake_69cfec0c6a48dd2d,grp_7c0d49ac6da7,validation,FAKE,1,songgen,Electronic,4.136798482650903,-0.48758440905551126,1,FAKE
fake_6dfb8488e7a0aac7,grp_7c0d49ac6da7,validation,FAKE,1,audioldm,Electronic,4.135322696743617,-0.48758440905551126,1,FAKE
real_112373,grp_7ebb860f0a51,validation,REAL,0,human,Electronic,0.2950158037617152,-0.48758440905551126,1,FAKE
fake_1a54b94aed4ea95d,grp_7ebb860f0a51,validation,FAKE,1,diffrhythm,Electronic,1.0759764246980774,-0.48758440905551126,1,FAKE
fake_270c1b729a89f64f,grp_7ebb860f0a51,validation,FAKE,1,audioldm,Electronic,4.135322696743617,-0.48758440905551126,1,FAKE
fake_38f93dd7fe87f2a2,grp_7ebb860f0a51,validation,FAKE,1,musicgen,Electronic,1.7914980624540537,-0.48758440905551126,1,FAKE
fake_4239507954c4a36a,grp_7ebb860f0a51,validation,FAKE,1,acestep,Electronic,3.4578484394689175,-0.48758440905551126,1,FAKE
fake_56d4ea17937c2ec0,grp_7ebb860f0a51,validation,FAKE,1,songgen,Electronic,4.133835879198391,-0.48758440905551126,1,FAKE
real_005285,grp_7f2193cd8714,validation,REAL,0,human,Rock,-2.034060670668967,-0.48758440905551126,0,REAL
fake_35cea45e62604241,grp_7f2193cd8714,validation,FAKE,1,stableaudio,Rock,1.0767867747489732,-0.48758440905551126,1,FAKE
fake_6c38c7ed2c72ba42,grp_7f2193cd8714,validation,FAKE,1,acestep,Rock,3.458294496060369,-0.48758440905551126,1,FAKE
fake_85ec3f25464ed5d8,grp_7f2193cd8714,validation,FAKE,1,audioldm,Rock,4.135322696743617,-0.48758440905551126,1,FAKE
fake_bd2f11ebf046a55d,grp_7f2193cd8714,validation,FAKE,1,diffrhythm,Rock,1.0759764246980774,-0.48758440905551126,1,FAKE
fake_c27ad5f2d2f1d98e,grp_7f2193cd8714,validation,FAKE,1,musicgen,Rock,1.7914980624540537,-0.48758440905551126,1,FAKE
fake_c49ae7e650113b9a,grp_7f2193cd8714,validation,FAKE,1,songgen,Rock,4.136798482650903,-0.48758440905551126,1,FAKE
real_089814,grp_7f21a40a12f4,validation,REAL,0,human,Electronic,-3.5889280439841933,-0.48758440905551126,0,REAL
fake_1e1a517ae4516845,grp_7f21a40a12f4,validation,FAKE,1,diffrhythm,Electronic,1.075836928649847,-0.48758440905551126,1,FAKE
fake_6cc007eab8247a45,grp_7f21a40a12f4,validation,FAKE,1,audioldm,Electronic,4.135322696743617,-0.48758440905551126,1,FAKE
fake_763547fadad3327f,grp_7f21a40a12f4,validation,FAKE,1,songgen,Electronic,4.132675006145754,-0.48758440905551126,1,FAKE
fake_db58c91d0d2ef0ec,grp_7f21a40a12f4,validation,FAKE,1,musicgen,Electronic,1.7914980624540537,-0.48758440905551126,1,FAKE
fake_f5bb6e503c3130f9,grp_7f21a40a12f4,validation,FAKE,1,acestep,Electronic,3.457916642347194,-0.48758440905551126,1,FAKE
real_121253,grp_81d22f6f83f2,validation,REAL,0,human,Rock,-3.590127232039311,-0.48758440905551126,0,REAL
fake_29d6e418f8ca9ccf,grp_81d22f6f83f2,validation,FAKE,1,acestep,Rock,3.4565643202566845,-0.48758440905551126,1,FAKE
fake_9487302f39dca85b,grp_81d22f6f83f2,validation,FAKE,1,audioldm,Rock,4.135322696743617,-0.48758440905551126,1,FAKE
fake_96e7bd7a32c42c44,grp_81d22f6f83f2,validation,FAKE,1,stableaudio,Rock,1.0767867747489732,-0.48758440905551126,1,FAKE
fake_9cece5c825cfbe9b,grp_81d22f6f83f2,validation,FAKE,1,songgen,Rock,4.135194508940837,-0.48758440905551126,1,FAKE
fake_a2f08cae47b36a10,grp_81d22f6f83f2,validation,FAKE,1,musicgen,Rock,1.7914980624540537,-0.48758440905551126,1,FAKE
fake_ef486b77728cd715,grp_81d22f6f83f2,validation,FAKE,1,diffrhythm,Rock,1.075810874088464,-0.48758440905551126,1,FAKE
real_075787,grp_84679b629d03,validation,REAL,0,human,Rock,-3.58907670708588,-0.48758440905551126,0,REAL
fake_5a9afa63d5990962,grp_84679b629d03,validation,FAKE,1,songgen,Rock,4.133954146312774,-0.48758440905551126,1,FAKE
fake_5b280cca98f06d40,grp_84679b629d03,validation,FAKE,1,musicgen,Rock,1.7914980624540537,-0.48758440905551126,1,FAKE
fake_847c0198ba3bb6a6,grp_84679b629d03,validation,FAKE,1,audioldm,Rock,4.135322696743617,-0.48758440905551126,1,FAKE
fake_93d033490eeb7233,grp_84679b629d03,validation,FAKE,1,diffrhythm,Rock,1.0762168744973857,-0.48758440905551126,1,FAKE
fake_9f8c10bfdcac3e63,grp_84679b629d03,validation,FAKE,1,acestep,Rock,3.4582980151659894,-0.48758440905551126,1,FAKE
real_147377,grp_86f161359581,validation,REAL,0,human,Rock,-3.595089141850318,-0.48758440905551126,0,REAL
fake_02187ce02680570e,grp_86f161359581,validation,FAKE,1,audioldm,Rock,4.135322696743617,-0.48758440905551126,1,FAKE
fake_16c99854f13d4e9b,grp_86f161359581,validation,FAKE,1,mubert,Rock,1.0769818559153062,-0.48758440905551126,1,FAKE
fake_1fff6103fef3c870,grp_86f161359581,validation,FAKE,1,elevenlabs,Rock,-0.49207069767650236,-0.48758440905551126,0,REAL
fake_8eff404af312e99a,grp_86f161359581,validation,FAKE,1,diffrhythm,Rock,1.075914689828522,-0.48758440905551126,1,FAKE
fake_947d84e16ce8dbba,grp_86f161359581,validation,FAKE,1,elevenlabs,Rock,-0.49897121554469237,-0.48758440905551126,0,REAL
fake_a276de2f2d9b5da2,grp_86f161359581,validation,FAKE,1,suno,Rock,3.4586081866128233,-0.48758440905551126,1,FAKE
fake_a6b9e658cf22459e,grp_86f161359581,validation,FAKE,1,acestep,Rock,3.4554683918770843,-0.48758440905551126,1,FAKE
fake_b0c3c864cec9ee0a,grp_86f161359581,validation,FAKE,1,musicgen,Rock,1.7914980624540537,-0.48758440905551126,1,FAKE
fake_b3d1ec44f02945c6,grp_86f161359581,validation,FAKE,1,stableaudio,Rock,1.0767867747489732,-0.48758440905551126,1,FAKE
fake_b72fb4124ba6c93a,grp_86f161359581,validation,FAKE,1,songgen,Rock,4.129683281973627,-0.48758440905551126,1,FAKE
fake_d1824531ddd89547,grp_86f161359581,validation,FAKE,1,brev,Rock,3.4585364900344713,-0.48758440905551126,1,FAKE
fake_d413512064db9f7b,grp_86f161359581,validation,FAKE,1,suno,Rock,3.4591880608313224,-0.48758440905551126,1,FAKE
fake_e4026c657d546823,grp_86f161359581,validation,FAKE,1,udio,Rock,3.459003400751188,-0.48758440905551126,1,FAKE
fake_f25bc0ed0727d201,grp_86f161359581,validation,FAKE,1,udio,Rock,3.459003400751188,-0.48758440905551126,1,FAKE
fake_f43adc148e8df4ec,grp_86f161359581,validation,FAKE,1,brev,Rock,3.458923748482329,-0.48758440905551126,1,FAKE
fake_f8b59713e4a20aec,grp_86f161359581,validation,FAKE,1,producer,Rock,1.076157171087552,-0.48758440905551126,1,FAKE
real_131164,grp_878c122b1357,validation,REAL,0,human,Rock,-3.589654977259382,-0.48758440905551126,0,REAL
fake_52d2b8ca27dbe06e,grp_878c122b1357,validation,FAKE,1,acestep,Rock,3.4544741838865827,-0.48758440905551126,1,FAKE
fake_5abb5e271a38f027,grp_878c122b1357,validation,FAKE,1,diffrhythm,Rock,1.0761874862025338,-0.48758440905551126,1,FAKE
fake_774be063a8d2be5e,grp_878c122b1357,validation,FAKE,1,musicgen,Rock,1.7914980624540537,-0.48758440905551126,1,FAKE
fake_7b2eb159eb3cb522,grp_878c122b1357,validation,FAKE,1,songgen,Rock,4.136798482650903,-0.48758440905551126,1,FAKE
fake_9d5d8ba78bcc81f9,grp_878c122b1357,validation,FAKE,1,audioldm,Rock,4.135322696743617,-0.48758440905551126,1,FAKE
fake_ea118f27ae750b0c,grp_878c122b1357,validation,FAKE,1,stableaudio,Rock,1.0767867747489732,-0.48758440905551126,1,FAKE
real_091161,grp_8a6f27536752,validation,REAL,0,human,Pop,-3.5890379254071796,-0.48758440905551126,0,REAL
fake_032b6931d0676ca2,grp_8a6f27536752,validation,FAKE,1,songgen,Pop,4.133242318598697,-0.48758440905551126,1,FAKE
fake_05308a8efa0c1856,grp_8a6f27536752,validation,FAKE,1,producer,Pop,1.0770142679366854,-0.48758440905551126,1,FAKE
fake_0e259a234f62a91d,grp_8a6f27536752,validation,FAKE,1,elevenlabs,Pop,-0.49565764278756763,-0.48758440905551126,0,REAL
fake_2f6f28db6b14b9bb,grp_8a6f27536752,validation,FAKE,1,mubert,Pop,1.0769818559153062,-0.48758440905551126,1,FAKE
fake_608b0ab2f75e7ffb,grp_8a6f27536752,validation,FAKE,1,suno,Pop,3.4589471311574336,-0.48758440905551126,1,FAKE
fake_7971f11ab25da847,grp_8a6f27536752,validation,FAKE,1,udio,Pop,3.459003400751188,-0.48758440905551126,1,FAKE
fake_9c77e15cdc735377,grp_8a6f27536752,validation,FAKE,1,acestep,Pop,3.4565194624337545,-0.48758440905551126,1,FAKE
fake_9fca0b77007dd187,grp_8a6f27536752,validation,FAKE,1,stableaudio,Pop,1.0767867747489732,-0.48758440905551126,1,FAKE
fake_a0307f2e63f8354b,grp_8a6f27536752,validation,FAKE,1,brev,Pop,3.459860216141669,-0.48758440905551126,1,FAKE
fake_b3d642e3c6b97aea,grp_8a6f27536752,validation,FAKE,1,suno,Pop,3.459523315835168,-0.48758440905551126,1,FAKE
fake_b81bf66a387784f1,grp_8a6f27536752,validation,FAKE,1,diffrhythm,Pop,1.0758291905258313,-0.48758440905551126,1,FAKE
fake_ba28661c2abac233,grp_8a6f27536752,validation,FAKE,1,audioldm,Pop,4.135322696743617,-0.48758440905551126,1,FAKE
fake_bbe6f788684a851d,grp_8a6f27536752,validation,FAKE,1,elevenlabs,Pop,-0.49207069767650236,-0.48758440905551126,0,REAL
fake_cc0d1ce38d08ce96,grp_8a6f27536752,validation,FAKE,1,udio,Pop,3.459003400751188,-0.48758440905551126,1,FAKE
fake_df43d470cbc6e7ae,grp_8a6f27536752,validation,FAKE,1,musicgen,Pop,1.7914980624540537,-0.48758440905551126,1,FAKE
fake_e6afbb6a73ffc6da,grp_8a6f27536752,validation,FAKE,1,brev,Pop,3.4593683351051023,-0.48758440905551126,1,FAKE
fake_e896f568491ba249,grp_8a6f27536752,validation,FAKE,1,stableaudio,Pop,1.0767867747489732,-0.48758440905551126,1,FAKE
real_004701,grp_8e4c92f52bec,validation,REAL,0,human,Electronic,-0.4820372726911142,-0.48758440905551126,1,FAKE
fake_150fa3da04146236,grp_8e4c92f52bec,validation,FAKE,1,songgen,Electronic,4.132977153989927,-0.48758440905551126,1,FAKE
fake_162c6116035d60d4,grp_8e4c92f52bec,validation,FAKE,1,mubert,Electronic,1.0767307293310209,-0.48758440905551126,1,FAKE
fake_231777eeb9b09d21,grp_8e4c92f52bec,validation,FAKE,1,brev,Electronic,3.458685930469421,-0.48758440905551126,1,FAKE
fake_4ddd70bb56a945e6,grp_8e4c92f52bec,validation,FAKE,1,producer,Electronic,1.0768321633091498,-0.48758440905551126,1,FAKE
fake_53238078ca0e96a2,grp_8e4c92f52bec,validation,FAKE,1,elevenlabs,Electronic,-0.4895062037899436,-0.48758440905551126,0,REAL
fake_6806d2d76284f42b,grp_8e4c92f52bec,validation,FAKE,1,audioldm,Electronic,4.135322696743617,-0.48758440905551126,1,FAKE
fake_6f6e26ecb9333fc4,grp_8e4c92f52bec,validation,FAKE,1,suno,Electronic,3.4585991032968577,-0.48758440905551126,1,FAKE
fake_878fd28afe117094,grp_8e4c92f52bec,validation,FAKE,1,suno,Electronic,3.4593074592830195,-0.48758440905551126,1,FAKE
fake_96ac2b16f2f312fb,grp_8e4c92f52bec,validation,FAKE,1,acestep,Electronic,3.457930995682335,-0.48758440905551126,1,FAKE
fake_a217350a6e4fb3e7,grp_8e4c92f52bec,validation,FAKE,1,udio,Electronic,3.4588169768440737,-0.48758440905551126,1,FAKE
fake_a4b571e63656cd2c,grp_8e4c92f52bec,validation,FAKE,1,elevenlabs,Electronic,-0.49207069767650236,-0.48758440905551126,0,REAL
fake_b01409c4ad49508b,grp_8e4c92f52bec,validation,FAKE,1,diffrhythm,Electronic,1.0758978829784973,-0.48758440905551126,1,FAKE
fake_c96a79a0fe620d88,grp_8e4c92f52bec,validation,FAKE,1,stableaudio,Electronic,1.0767867747489732,-0.48758440905551126,1,FAKE
fake_cfa463cc40541040,grp_8e4c92f52bec,validation,FAKE,1,musicgen,Electronic,1.7914980624540537,-0.48758440905551126,1,FAKE
fake_f10e57df97efb307,grp_8e4c92f52bec,validation,FAKE,1,udio,Electronic,3.4588169768440737,-0.48758440905551126,1,FAKE
fake_f5f4f3f8c0ee90fe,grp_8e4c92f52bec,validation,FAKE,1,brev,Electronic,3.45904188297798,-0.48758440905551126,1,FAKE
real_131122,grp_8f31a8079de3,validation,REAL,0,human,Rock,-3.5828845657200077,-0.48758440905551126,0,REAL
fake_142317eaed2255f5,grp_8f31a8079de3,validation,FAKE,1,brev,Rock,3.45940623885292,-0.48758440905551126,1,FAKE
fake_16372e472a0639c4,grp_8f31a8079de3,validation,FAKE,1,songgen,Rock,4.13508333066181,-0.48758440905551126,1,FAKE
fake_3a155e5c459fec43,grp_8f31a8079de3,validation,FAKE,1,mubert,Rock,1.0769818559153062,-0.48758440905551126,1,FAKE
fake_49a87dc61ecb034d,grp_8f31a8079de3,validation,FAKE,1,udio,Rock,3.459003400751188,-0.48758440905551126,1,FAKE
fake_5f8284ba381e886d,grp_8f31a8079de3,validation,FAKE,1,brev,Rock,3.459101711315104,-0.48758440905551126,1,FAKE
fake_6f91705fbd3d2a1e,grp_8f31a8079de3,validation,FAKE,1,elevenlabs,Rock,-0.49207069767650236,-0.48758440905551126,0,REAL
fake_7566023eccaf0d5f,grp_8f31a8079de3,validation,FAKE,1,suno,Rock,3.459253493490179,-0.48758440905551126,1,FAKE
fake_9187d1405789323f,grp_8f31a8079de3,validation,FAKE,1,suno,Rock,3.4593389760907822,-0.48758440905551126,1,FAKE
fake_92fc721e947a0f54,grp_8f31a8079de3,validation,FAKE,1,acestep,Rock,3.4582549366797015,-0.48758440905551126,1,FAKE
fake_94a09ced35dcd762,grp_8f31a8079de3,validation,FAKE,1,musicgen,Rock,1.7914980624540537,-0.48758440905551126,1,FAKE
fake_a5fd78ac021c7a49,grp_8f31a8079de3,validation,FAKE,1,audioldm,Rock,4.135322696743617,-0.48758440905551126,1,FAKE
fake_a9b01a30adc533b6,grp_8f31a8079de3,validation,FAKE,1,udio,Rock,3.459003400751188,-0.48758440905551126,1,FAKE
fake_aa97851ce97f5c3f,grp_8f31a8079de3,validation,FAKE,1,elevenlabs,Rock,-0.49207069767650236,-0.48758440905551126,0,REAL
fake_cd80d698373202ab,grp_8f31a8079de3,validation,FAKE,1,diffrhythm,Rock,1.0765104380297994,-0.48758440905551126,1,FAKE
fake_e22115a115ed07dc,grp_8f31a8079de3,validation,FAKE,1,producer,Rock,1.07661914682545,-0.48758440905551126,1,FAKE
real_003988,grp_9076a7f7bdc7,validation,REAL,0,human,Rock,-2.0360079129807174,-0.48758440905551126,0,REAL
fake_17a1995d56c19e54,grp_9076a7f7bdc7,validation,FAKE,1,songgen,Rock,4.136798482650903,-0.48758440905551126,1,FAKE
fake_3ed337b0c5849cd6,grp_9076a7f7bdc7,validation,FAKE,1,audioldm,Rock,4.135322696743617,-0.48758440905551126,1,FAKE
fake_585ebfdb2f42f0f3,grp_9076a7f7bdc7,validation,FAKE,1,acestep,Rock,3.457880923429569,-0.48758440905551126,1,FAKE
fake_80e7fa57661ac0bf,grp_9076a7f7bdc7,validation,FAKE,1,diffrhythm,Rock,1.0758978829784973,-0.48758440905551126,1,FAKE
fake_cb7b52816c7a1d89,grp_9076a7f7bdc7,validation,FAKE,1,musicgen,Rock,1.7914980624540537,-0.48758440905551126,1,FAKE
real_143126,grp_a4864fedd7f9,validation,REAL,0,human,Electronic,-2.285998891894356,-0.48758440905551126,0,REAL
fake_50b6726472a34f47,grp_a4864fedd7f9,validation,FAKE,1,diffrhythm,Electronic,1.075914689828522,-0.48758440905551126,1,FAKE
fake_6d1049bc8afc8fea,grp_a4864fedd7f9,validation,FAKE,1,audioldm,Electronic,4.135322696743617,-0.48758440905551126,1,FAKE
fake_98777061025a89b0,grp_a4864fedd7f9,validation,FAKE,1,musicgen,Electronic,1.7914980624540537,-0.48758440905551126,1,FAKE
fake_ac36cbe358d6bc29,grp_a4864fedd7f9,validation,FAKE,1,acestep,Electronic,3.458536814743126,-0.48758440905551126,1,FAKE
fake_e1177229b2e94e30,grp_a4864fedd7f9,validation,FAKE,1,songgen,Electronic,4.13327418222556,-0.48758440905551126,1,FAKE
real_042787,grp_a52947fc22a1,validation,REAL,0,human,Rock,-3.588516390392712,-0.48758440905551126,0,REAL
fake_058ad496a56c5046,grp_a52947fc22a1,validation,FAKE,1,mubert,Rock,1.0769818559153062,-0.48758440905551126,1,FAKE
fake_0f21d1bc677dbc23,grp_a52947fc22a1,validation,FAKE,1,diffrhythm,Rock,1.0761236203068867,-0.48758440905551126,1,FAKE
fake_14a001fd0078d2b2,grp_a52947fc22a1,validation,FAKE,1,elevenlabs,Rock,-0.4895062037899436,-0.48758440905551126,0,REAL
fake_1a299dc4664b7d39,grp_a52947fc22a1,validation,FAKE,1,suno,Rock,3.459274643969736,-0.48758440905551126,1,FAKE
fake_2a95556b8894e4bc,grp_a52947fc22a1,validation,FAKE,1,musicgen,Rock,1.7914980624540537,-0.48758440905551126,1,FAKE
fake_4ff459b6b32295e7,grp_a52947fc22a1,validation,FAKE,1,udio,Rock,3.459003400751188,-0.48758440905551126,1,FAKE
fake_5589bfcbdc23b0fc,grp_a52947fc22a1,validation,FAKE,1,brev,Rock,3.4597132976765916,-0.48758440905551126,1,FAKE
fake_5ce48a3d6a101363,grp_a52947fc22a1,validation,FAKE,1,audioldm,Rock,4.135322696743617,-0.48758440905551126,1,FAKE
fake_6599e91a40873b5c,grp_a52947fc22a1,validation,FAKE,1,udio,Rock,3.459003400751188,-0.48758440905551126,1,FAKE
fake_77bc3d246d052090,grp_a52947fc22a1,validation,FAKE,1,acestep,Rock,3.4569090417223425,-0.48758440905551126,1,FAKE
fake_78bbaa4f14f497ec,grp_a52947fc22a1,validation,FAKE,1,stableaudio,Rock,1.0767867747489732,-0.48758440905551126,1,FAKE
fake_7a226b635791e059,grp_a52947fc22a1,validation,FAKE,1,elevenlabs,Rock,-0.4895062037899436,-0.48758440905551126,0,REAL
fake_9a56d49aea2fd9e5,grp_a52947fc22a1,validation,FAKE,1,songgen,Rock,4.136214464864319,-0.48758440905551126,1,FAKE
fake_9e6c19824a664699,grp_a52947fc22a1,validation,FAKE,1,suno,Rock,3.4595219955470142,-0.48758440905551126,1,FAKE
fake_adaecae69b3a3f09,grp_a52947fc22a1,validation,FAKE,1,producer,Rock,1.076998712798527,-0.48758440905551126,1,FAKE
fake_e3b63706f5df934b,grp_a52947fc22a1,validation,FAKE,1,brev,Rock,3.4595135003190807,-0.48758440905551126,1,FAKE
real_130137,grp_a7504cc659d6,validation,REAL,0,human,Electronic,-3.5889951144162,-0.48758440905551126,0,REAL
fake_06b82466d22ce649,grp_a7504cc659d6,validation,FAKE,1,musicgen,Electronic,1.7914980624540537,-0.48758440905551126,1,FAKE
fake_57ba7efa465f6a29,grp_a7504cc659d6,validation,FAKE,1,audioldm,Electronic,4.135322696743617,-0.48758440905551126,1,FAKE
fake_6ffeb2ad479a191b,grp_a7504cc659d6,validation,FAKE,1,diffrhythm,Electronic,1.076262466024978,-0.48758440905551126,1,FAKE
fake_809e4101e7a7fc43,grp_a7504cc659d6,validation,FAKE,1,songgen,Electronic,4.136798482650903,-0.48758440905551126,1,FAKE
fake_9aa2751e2291e0ac,grp_a7504cc659d6,validation,FAKE,1,acestep,Electronic,3.4585299951346626,-0.48758440905551126,1,FAKE
real_154926,grp_adf2a5ad2f01,validation,REAL,0,human,Electronic,-2.034823369799744,-0.48758440905551126,0,REAL
fake_8fc70e3d706c7403,grp_adf2a5ad2f01,validation,FAKE,1,audioldm,Electronic,4.135322696743617,-0.48758440905551126,1,FAKE
fake_a4f0914168201aee,grp_adf2a5ad2f01,validation,FAKE,1,musicgen,Electronic,1.7914980624540537,-0.48758440905551126,1,FAKE
fake_b2f630d0ad9fe3b8,grp_adf2a5ad2f01,validation,FAKE,1,acestep,Electronic,3.454980794730734,-0.48758440905551126,1,FAKE
fake_c57774a243d556e0,grp_adf2a5ad2f01,validation,FAKE,1,diffrhythm,Electronic,1.0764810699334664,-0.48758440905551126,1,FAKE
fake_fad4e0597e282162,grp_adf2a5ad2f01,validation,FAKE,1,songgen,Electronic,4.136798482650903,-0.48758440905551126,1,FAKE
real_003966,grp_afc0e01abba2,validation,REAL,0,human,Rock,-2.0332390767367654,-0.48758440905551126,0,REAL
fake_379dbf007b8485cb,grp_afc0e01abba2,validation,FAKE,1,musicgen,Rock,1.7914980624540537,-0.48758440905551126,1,FAKE
fake_46d98e1f69dd6018,grp_afc0e01abba2,validation,FAKE,1,acestep,Rock,3.458501329959417,-0.48758440905551126,1,FAKE
fake_6cc386c703289689,grp_afc0e01abba2,validation,FAKE,1,stableaudio,Rock,1.0767867747489732,-0.48758440905551126,1,FAKE
fake_bef6d6851974ac37,grp_afc0e01abba2,validation,FAKE,1,diffrhythm,Rock,1.0759051835809745,-0.48758440905551126,1,FAKE
fake_bf61bada55e674b1,grp_afc0e01abba2,validation,FAKE,1,songgen,Rock,4.1336532352768875,-0.48758440905551126,1,FAKE
fake_dc0a1c2d801c3116,grp_afc0e01abba2,validation,FAKE,1,audioldm,Rock,4.135322696743617,-0.48758440905551126,1,FAKE
real_031566,grp_b6e5b3e35e9e,validation,REAL,0,human,Electronic,-0.4749854707807124,-0.48758440905551126,1,FAKE
fake_1ca8a76e1a410c5e,grp_b6e5b3e35e9e,validation,FAKE,1,acestep,Electronic,3.457931474696553,-0.48758440905551126,1,FAKE
fake_2f1696d25fc86fea,grp_b6e5b3e35e9e,validation,FAKE,1,songgen,Electronic,4.134586591882082,-0.48758440905551126,1,FAKE
fake_558b700e4d12fe04,grp_b6e5b3e35e9e,validation,FAKE,1,musicgen,Electronic,1.7914980624540537,-0.48758440905551126,1,FAKE
fake_a116a86fbd7f39e4,grp_b6e5b3e35e9e,validation,FAKE,1,audioldm,Electronic,4.135322696743617,-0.48758440905551126,1,FAKE
fake_b541201dc7d5283f,grp_b6e5b3e35e9e,validation,FAKE,1,diffrhythm,Electronic,1.0765104380297994,-0.48758440905551126,1,FAKE
real_004385,grp_c6bb8060b62d,validation,REAL,0,human,Rock,-2.033096753378432,-0.48758440905551126,0,REAL
fake_12e123f7abe2562e,grp_c6bb8060b62d,validation,FAKE,1,musicgen,Rock,1.7914980624540537,-0.48758440905551126,1,FAKE
fake_943363f7fa158588,grp_c6bb8060b62d,validation,FAKE,1,diffrhythm,Rock,1.0764810699334664,-0.48758440905551126,1,FAKE
fake_aabfff2f874042b2,grp_c6bb8060b62d,validation,FAKE,1,audioldm,Rock,4.135322696743617,-0.48758440905551126,1,FAKE
fake_b2cd570900730d19,grp_c6bb8060b62d,validation,FAKE,1,acestep,Rock,3.4585974530248746,-0.48758440905551126,1,FAKE
fake_f3a60700c4f9693c,grp_c6bb8060b62d,validation,FAKE,1,songgen,Rock,4.133889821806889,-0.48758440905551126,1,FAKE
real_071505,grp_d48102df0ccb,validation,REAL,0,human,Electronic,-3.588818162561209,-0.48758440905551126,0,REAL
fake_008b51bee43a71d5,grp_d48102df0ccb,validation,FAKE,1,elevenlabs,Electronic,-0.48758440905551126,-0.48758440905551126,1,FAKE
fake_0b419bd024989644,grp_d48102df0ccb,validation,FAKE,1,diffrhythm,Electronic,1.0757237564651771,-0.48758440905551126,1,FAKE
fake_305c4134f00c7b44,grp_d48102df0ccb,validation,FAKE,1,stableaudio,Electronic,1.0767867747489732,-0.48758440905551126,1,FAKE
fake_3461c2868efe9b79,grp_d48102df0ccb,validation,FAKE,1,brev,Electronic,3.459646475320308,-0.48758440905551126,1,FAKE
fake_56a88e94e55235e5,grp_d48102df0ccb,validation,FAKE,1,brev,Electronic,3.45948213297745,-0.48758440905551126,1,FAKE
fake_6020f356f1559ad3,grp_d48102df0ccb,validation,FAKE,1,suno,Electronic,3.4597051576085525,-0.48758440905551126,1,FAKE
fake_6fa9e57ce1133827,grp_d48102df0ccb,validation,FAKE,1,acestep,Electronic,3.4563412247022405,-0.48758440905551126,1,FAKE
fake_a0b0cfd63df7b525,grp_d48102df0ccb,validation,FAKE,1,musicgen,Electronic,1.7914980624540537,-0.48758440905551126,1,FAKE
fake_b132636f0214d2a5,grp_d48102df0ccb,validation,FAKE,1,elevenlabs,Electronic,-0.48758440905551126,-0.48758440905551126,1,FAKE
fake_b3547b189f44cc16,grp_d48102df0ccb,validation,FAKE,1,mubert,Electronic,1.0769818559153062,-0.48758440905551126,1,FAKE
fake_b6918ee23222aeba,grp_d48102df0ccb,validation,FAKE,1,suno,Electronic,3.459717767944758,-0.48758440905551126,1,FAKE
fake_c39126973ebb4a0c,grp_d48102df0ccb,validation,FAKE,1,producer,Electronic,1.076934508906394,-0.48758440905551126,1,FAKE
fake_d3ce09fd8c07ace4,grp_d48102df0ccb,validation,FAKE,1,udio,Electronic,3.4588169768440737,-0.48758440905551126,1,FAKE
fake_dd6e27e2e4181430,grp_d48102df0ccb,validation,FAKE,1,songgen,Electronic,4.134746916089653,-0.48758440905551126,1,FAKE
fake_e085e03dbb7dcdcd,grp_d48102df0ccb,validation,FAKE,1,audioldm,Electronic,4.135322696743617,-0.48758440905551126,1,FAKE
fake_f30e5c12a6a1eff4,grp_d48102df0ccb,validation,FAKE,1,udio,Electronic,3.4588169768440737,-0.48758440905551126,1,FAKE
real_022472,grp_d6b62fe5936e,validation,REAL,0,human,Pop,-3.588385100482384,-0.48758440905551126,0,REAL
fake_001efa347ee10e72,grp_d6b62fe5936e,validation,FAKE,1,songgen,Pop,4.1317663577094885,-0.48758440905551126,1,FAKE
fake_04a5b4ab50685125,grp_d6b62fe5936e,validation,FAKE,1,udio,Pop,3.459003400751188,-0.48758440905551126,1,FAKE
fake_17a1c01347949c6a,grp_d6b62fe5936e,validation,FAKE,1,audioldm,Pop,4.135322696743617,-0.48758440905551126,1,FAKE
fake_255f8da290f92078,grp_d6b62fe5936e,validation,FAKE,1,udio,Pop,3.459003400751188,-0.48758440905551126,1,FAKE
fake_30487afcd5142ce4,grp_d6b62fe5936e,validation,FAKE,1,brev,Pop,3.4595957049310218,-0.48758440905551126,1,FAKE
fake_31fe272dd669c1a9,grp_d6b62fe5936e,validation,FAKE,1,suno,Pop,3.4594028691231618,-0.48758440905551126,1,FAKE
fake_37f200bbe625f060,grp_d6b62fe5936e,validation,FAKE,1,elevenlabs,Pop,-0.49207069767650236,-0.48758440905551126,0,REAL
fake_87d88aecf56ad483,grp_d6b62fe5936e,validation,FAKE,1,brev,Pop,3.45959208520401,-0.48758440905551126,1,FAKE
fake_a035ee3396d199a2,grp_d6b62fe5936e,validation,FAKE,1,stableaudio,Pop,1.0767867747489732,-0.48758440905551126,1,FAKE
fake_a1c59b8303f0e0c2,grp_d6b62fe5936e,validation,FAKE,1,producer,Pop,1.0768368333001423,-0.48758440905551126,1,FAKE
fake_aac13cda6c9c874c,grp_d6b62fe5936e,validation,FAKE,1,suno,Pop,3.459264466445568,-0.48758440905551126,1,FAKE
fake_c9a2f703a680eb61,grp_d6b62fe5936e,validation,FAKE,1,acestep,Pop,3.45863352772734,-0.48758440905551126,1,FAKE
fake_cfc1c4014889ffe8,grp_d6b62fe5936e,validation,FAKE,1,musicgen,Pop,1.7914980624540537,-0.48758440905551126,1,FAKE
fake_e5fc6b58be4d5915,grp_d6b62fe5936e,validation,FAKE,1,mubert,Pop,1.0769818559153062,-0.48758440905551126,1,FAKE
fake_f40922cc98d79c5d,grp_d6b62fe5936e,validation,FAKE,1,elevenlabs,Pop,-0.49207069767650236,-0.48758440905551126,0,REAL
fake_fd1abb33b4ecef91,grp_d6b62fe5936e,validation,FAKE,1,diffrhythm,Pop,1.0764810699334664,-0.48758440905551126,1,FAKE
real_141877,grp_da3f8cd0ed27,validation,REAL,0,human,Rock,-3.588309374598772,-0.48758440905551126,0,REAL
fake_0c3c9bd75e4f1bb7,grp_da3f8cd0ed27,validation,FAKE,1,acestep,Rock,3.458772573502295,-0.48758440905551126,1,FAKE
fake_199dc7ec09495f1c,grp_da3f8cd0ed27,validation,FAKE,1,brev,Rock,3.459711681229797,-0.48758440905551126,1,FAKE
fake_3358fa6187a813cc,grp_da3f8cd0ed27,validation,FAKE,1,elevenlabs,Rock,-0.4895062037899436,-0.48758440905551126,0,REAL
fake_484e6a022214a2fe,grp_da3f8cd0ed27,validation,FAKE,1,mubert,Rock,1.0769818559153062,-0.48758440905551126,1,FAKE
fake_4ed2b34b90b39b1a,grp_da3f8cd0ed27,validation,FAKE,1,stableaudio,Rock,1.0767867747489732,-0.48758440905551126,1,FAKE
fake_52c31be9af7d37fc,grp_da3f8cd0ed27,validation,FAKE,1,songgen,Rock,4.136798482650903,-0.48758440905551126,1,FAKE
fake_5616c2c3c76ad448,grp_da3f8cd0ed27,validation,FAKE,1,suno,Rock,3.4593597597065404,-0.48758440905551126,1,FAKE
fake_6d64bdf148a77fb4,grp_da3f8cd0ed27,validation,FAKE,1,udio,Rock,3.459003400751188,-0.48758440905551126,1,FAKE
fake_83f1e9475d07089a,grp_da3f8cd0ed27,validation,FAKE,1,musicgen,Rock,1.7914980624540537,-0.48758440905551126,1,FAKE
fake_b26296bde74cde36,grp_da3f8cd0ed27,validation,FAKE,1,elevenlabs,Rock,-0.4895062037899436,-0.48758440905551126,0,REAL
fake_bd790a844b1be0aa,grp_da3f8cd0ed27,validation,FAKE,1,audioldm,Rock,4.135322696743617,-0.48758440905551126,1,FAKE
fake_c0986d0db6d8fef6,grp_da3f8cd0ed27,validation,FAKE,1,producer,Rock,1.0767616763431387,-0.48758440905551126,1,FAKE
fake_d4690b7802ace662,grp_da3f8cd0ed27,validation,FAKE,1,brev,Rock,3.4596984791588663,-0.48758440905551126,1,FAKE
fake_d5cc0ef1ffedfe2e,grp_da3f8cd0ed27,validation,FAKE,1,diffrhythm,Rock,1.0762168744973857,-0.48758440905551126,1,FAKE
fake_d9cc006ef7fa1f1b,grp_da3f8cd0ed27,validation,FAKE,1,udio,Rock,3.459003400751188,-0.48758440905551126,1,FAKE
fake_f8f47be76e1fe169,grp_da3f8cd0ed27,validation,FAKE,1,suno,Rock,3.4597052011504648,-0.48758440905551126,1,FAKE
real_142080,grp_ddce4a719434,validation,REAL,0,human,Electronic,-3.5890637798596448,-0.48758440905551126,0,REAL
fake_067d4708b28ffabd,grp_ddce4a719434,validation,FAKE,1,songgen,Electronic,4.136798482650903,-0.48758440905551126,1,FAKE
fake_22a4fe3e02c800a6,grp_ddce4a719434,validation,FAKE,1,brev,Electronic,3.459413591789093,-0.48758440905551126,1,FAKE
fake_22b1bd42d2b92e54,grp_ddce4a719434,validation,FAKE,1,udio,Electronic,3.4588169768440737,-0.48758440905551126,1,FAKE
fake_447c8a8df7b46218,grp_ddce4a719434,validation,FAKE,1,stableaudio,Electronic,1.0767867747489732,-0.48758440905551126,1,FAKE
fake_4da998aa56e03577,grp_ddce4a719434,validation,FAKE,1,audioldm,Electronic,4.135322696743617,-0.48758440905551126,1,FAKE
fake_54357c3cd1fd7ddf,grp_ddce4a719434,validation,FAKE,1,suno,Electronic,3.4596382857773147,-0.48758440905551126,1,FAKE
fake_6bb84f2f4633c3c5,grp_ddce4a719434,validation,FAKE,1,elevenlabs,Electronic,-0.4895062037899436,-0.48758440905551126,0,REAL
fake_704ed88bdcb3bae1,grp_ddce4a719434,validation,FAKE,1,udio,Electronic,3.4588169768440737,-0.48758440905551126,1,FAKE
fake_97d7f0cc8ee80896,grp_ddce4a719434,validation,FAKE,1,elevenlabs,Electronic,-0.4895062037899436,-0.48758440905551126,0,REAL
fake_a193f5a0c34dff82,grp_ddce4a719434,validation,FAKE,1,mubert,Electronic,1.0767307293310209,-0.48758440905551126,1,FAKE
fake_aa5b5c4263cb69ee,grp_ddce4a719434,validation,FAKE,1,producer,Electronic,1.0767616763431387,-0.48758440905551126,1,FAKE
fake_bb42345a4ed858e8,grp_ddce4a719434,validation,FAKE,1,diffrhythm,Electronic,1.0757237564651771,-0.48758440905551126,1,FAKE
fake_bdb052c71c0736a6,grp_ddce4a719434,validation,FAKE,1,musicgen,Electronic,1.7914980624540537,-0.48758440905551126,1,FAKE
fake_c06aea4f8633cb99,grp_ddce4a719434,validation,FAKE,1,acestep,Electronic,3.458795222195813,-0.48758440905551126,1,FAKE
fake_d17cb5f26b063362,grp_ddce4a719434,validation,FAKE,1,brev,Electronic,3.4595880649549224,-0.48758440905551126,1,FAKE
fake_f0d9e660e36eb5aa,grp_ddce4a719434,validation,FAKE,1,suno,Electronic,3.4595867742273496,-0.48758440905551126,1,FAKE
real_127296,grp_e5cdace5e035,validation,REAL,0,human,Pop,-2.1593319492681946,-0.48758440905551126,0,REAL
fake_13eb46ca40e509e0,grp_e5cdace5e035,validation,FAKE,1,elevenlabs,Pop,-0.49207069767650236,-0.48758440905551126,0,REAL
fake_301a97c8156be2cb,grp_e5cdace5e035,validation,FAKE,1,acestep,Pop,3.4563106078869783,-0.48758440905551126,1,FAKE
fake_324f3eaf09377ca9,grp_e5cdace5e035,validation,FAKE,1,brev,Pop,3.459823685712059,-0.48758440905551126,1,FAKE
fake_410b8ee1353f78f4,grp_e5cdace5e035,validation,FAKE,1,songgen,Pop,4.136798482650903,-0.48758440905551126,1,FAKE
fake_48dc17e5272731ee,grp_e5cdace5e035,validation,FAKE,1,brev,Pop,3.459726660060002,-0.48758440905551126,1,FAKE
fake_53453203c0056ad5,grp_e5cdace5e035,validation,FAKE,1,udio,Pop,3.459003400751188,-0.48758440905551126,1,FAKE
fake_55129835a08d8e1a,grp_e5cdace5e035,validation,FAKE,1,udio,Pop,3.459003400751188,-0.48758440905551126,1,FAKE
fake_74d43fd0f34f1cd9,grp_e5cdace5e035,validation,FAKE,1,musicgen,Pop,1.7914980624540537,-0.48758440905551126,1,FAKE
fake_8ac15cdc760b487a,grp_e5cdace5e035,validation,FAKE,1,elevenlabs,Pop,-0.49207069767650236,-0.48758440905551126,0,REAL
fake_8e4324e636c55e5b,grp_e5cdace5e035,validation,FAKE,1,stableaudio,Pop,1.0767867747489732,-0.48758440905551126,1,FAKE
fake_96dce062e4c33ad7,grp_e5cdace5e035,validation,FAKE,1,producer,Pop,1.0768989761431018,-0.48758440905551126,1,FAKE
fake_a0bfb8ac86a8320d,grp_e5cdace5e035,validation,FAKE,1,suno,Pop,3.4595045095491543,-0.48758440905551126,1,FAKE
fake_a6a6064ccae8a4bb,grp_e5cdace5e035,validation,FAKE,1,diffrhythm,Pop,1.076262466024978,-0.48758440905551126,1,FAKE
fake_d7a1de078e49a458,grp_e5cdace5e035,validation,FAKE,1,suno,Pop,3.4597972952135594,-0.48758440905551126,1,FAKE
real_147384,grp_eeb13cbb62dd,validation,REAL,0,human,Rock,-3.591306653611168,-0.48758440905551126,0,REAL
fake_02a0af414bf3ba68,grp_eeb13cbb62dd,validation,FAKE,1,acestep,Rock,3.45762536967161,-0.48758440905551126,1,FAKE
fake_15c4214fc516e2b9,grp_eeb13cbb62dd,validation,FAKE,1,musicgen,Rock,1.7914980624540537,-0.48758440905551126,1,FAKE
fake_4c5e1d214f747524,grp_eeb13cbb62dd,validation,FAKE,1,audioldm,Rock,4.135322696743617,-0.48758440905551126,1,FAKE
fake_91a8601961b5fee9,grp_eeb13cbb62dd,validation,FAKE,1,diffrhythm,Rock,1.0761874862025338,-0.48758440905551126,1,FAKE
fake_dd7dcb825e6b8a3d,grp_eeb13cbb62dd,validation,FAKE,1,songgen,Rock,4.133791392884307,-0.48758440905551126,1,FAKE
fake_f84285a681cf1c63,grp_eeb13cbb62dd,validation,FAKE,1,stableaudio,Rock,1.0767867747489732,-0.48758440905551126,1,FAKE
real_033601,grp_f62876d637a8,validation,REAL,0,human,Electronic,-2.0356003506363978,-0.48758440905551126,0,REAL
fake_5317de49990a1db6,grp_f62876d637a8,validation,FAKE,1,audioldm,Electronic,4.135322696743617,-0.48758440905551126,1,FAKE
fake_6c7bc6c1654b5a0f,grp_f62876d637a8,validation,FAKE,1,songgen,Electronic,4.132668494481832,-0.48758440905551126,1,FAKE
fake_ac668a960ba9a994,grp_f62876d637a8,validation,FAKE,1,musicgen,Electronic,1.7914980624540537,-0.48758440905551126,1,FAKE
fake_bdabe91052c777e3,grp_f62876d637a8,validation,FAKE,1,acestep,Electronic,3.4570691338914328,-0.48758440905551126,1,FAKE
fake_deab766ffc1b8500,grp_f62876d637a8,validation,FAKE,1,diffrhythm,Electronic,1.076329669834335,-0.48758440905551126,1,FAKE
real_033594,grp_f98dbbd8fac6,validation,REAL,0,human,Electronic,-2.0357347392492082,-0.48758440905551126,0,REAL
fake_08fd3bf99f2f1025,grp_f98dbbd8fac6,validation,FAKE,1,mubert,Electronic,1.0767307293310209,-0.48758440905551126,1,FAKE
fake_21890dd2c93d87ba,grp_f98dbbd8fac6,validation,FAKE,1,suno,Electronic,3.459396282244148,-0.48758440905551126,1,FAKE
fake_339c47836df15a56,grp_f98dbbd8fac6,validation,FAKE,1,elevenlabs,Electronic,-0.49207069767650236,-0.48758440905551126,0,REAL
fake_38c69f4cbea8f937,grp_f98dbbd8fac6,validation,FAKE,1,stableaudio,Electronic,1.0767867747489732,-0.48758440905551126,1,FAKE
fake_3c14027254d86d53,grp_f98dbbd8fac6,validation,FAKE,1,acestep,Electronic,3.458482690800846,-0.48758440905551126,1,FAKE
fake_65db758002bb5b9b,grp_f98dbbd8fac6,validation,FAKE,1,brev,Electronic,3.459347373217459,-0.48758440905551126,1,FAKE
fake_6750b9e73c5187c5,grp_f98dbbd8fac6,validation,FAKE,1,udio,Electronic,3.4588169768440737,-0.48758440905551126,1,FAKE
fake_8272ddeb82896961,grp_f98dbbd8fac6,validation,FAKE,1,diffrhythm,Electronic,1.0762081433432042,-0.48758440905551126,1,FAKE
fake_835c9f7029d423d4,grp_f98dbbd8fac6,validation,FAKE,1,audioldm,Electronic,4.135322696743617,-0.48758440905551126,1,FAKE
fake_9fa97acf09e03798,grp_f98dbbd8fac6,validation,FAKE,1,songgen,Electronic,4.136798482650903,-0.48758440905551126,1,FAKE
fake_a899d3225533b0b4,grp_f98dbbd8fac6,validation,FAKE,1,producer,Electronic,1.0769842870790312,-0.48758440905551126,1,FAKE
fake_c6dde42c7223c3bf,grp_f98dbbd8fac6,validation,FAKE,1,elevenlabs,Electronic,-0.49207069767650236,-0.48758440905551126,0,REAL
fake_d1804eff0c6b2a38,grp_f98dbbd8fac6,validation,FAKE,1,musicgen,Electronic,1.7914980624540537,-0.48758440905551126,1,FAKE
fake_e27b761d424f5654,grp_f98dbbd8fac6,validation,FAKE,1,udio,Electronic,3.4588169768440737,-0.48758440905551126,1,FAKE
fake_f8fc673321414fdc,grp_f98dbbd8fac6,validation,FAKE,1,suno,Electronic,3.45926550962466,-0.48758440905551126,1,FAKE
fake_fdd2f17ff7dc4ec5,grp_f98dbbd8fac6,validation,FAKE,1,brev,Electronic,3.459287024344799,-0.48758440905551126,1,FAKE
real_143059,grp_f9f78e50e40a,validation,REAL,0,human,Electronic,-2.0358267741610208,-0.48758440905551126,0,REAL
fake_18fe7bd82f73e723,grp_f9f78e50e40a,validation,FAKE,1,suno,Electronic,3.460046905310784,-0.48758440905551126,1,FAKE
fake_2ef519dbc4d59e5d,grp_f9f78e50e40a,validation,FAKE,1,diffrhythm,Electronic,1.0758453106815824,-0.48758440905551126,1,FAKE
fake_3c8447dd58f625fb,grp_f9f78e50e40a,validation,FAKE,1,mubert,Electronic,1.0767307293310209,-0.48758440905551126,1,FAKE
fake_3e0044090d5bcb62,grp_f9f78e50e40a,validation,FAKE,1,elevenlabs,Electronic,-0.49207069767650236,-0.48758440905551126,0,REAL
fake_435d7facd3a1384f,grp_f9f78e50e40a,validation,FAKE,1,stableaudio,Electronic,1.0767867747489732,-0.48758440905551126,1,FAKE
fake_4dd925e82cd12c81,grp_f9f78e50e40a,validation,FAKE,1,suno,Electronic,3.459608379394475,-0.48758440905551126,1,FAKE
fake_5c930c3c9d5b8944,grp_f9f78e50e40a,validation,FAKE,1,audioldm,Electronic,4.135322696743617,-0.48758440905551126,1,FAKE
fake_68395ed8094ad658,grp_f9f78e50e40a,validation,FAKE,1,elevenlabs,Electronic,-0.49207069767650236,-0.48758440905551126,0,REAL
fake_74a38786c622fafd,grp_f9f78e50e40a,validation,FAKE,1,producer,Electronic,1.0768989761431018,-0.48758440905551126,1,FAKE
fake_7e1f1f98f25674ab,grp_f9f78e50e40a,validation,FAKE,1,udio,Electronic,3.4588169768440737,-0.48758440905551126,1,FAKE
fake_81bde21232da9bde,grp_f9f78e50e40a,validation,FAKE,1,songgen,Electronic,4.1353656307551,-0.48758440905551126,1,FAKE
fake_9f08edef17f7224c,grp_f9f78e50e40a,validation,FAKE,1,acestep,Electronic,3.454828823793739,-0.48758440905551126,1,FAKE
fake_aa1e8f2f9e658f71,grp_f9f78e50e40a,validation,FAKE,1,udio,Electronic,3.4588169768440737,-0.48758440905551126,1,FAKE
fake_bc01cd98aac8369e,grp_f9f78e50e40a,validation,FAKE,1,brev,Electronic,3.4596628974144923,-0.48758440905551126,1,FAKE
fake_f555fd9cc9e94d19,grp_f9f78e50e40a,validation,FAKE,1,brev,Electronic,3.4596725547371454,-0.48758440905551126,1,FAKE
fake_f8fca7f6197deb15,grp_f9f78e50e40a,validation,FAKE,1,musicgen,Electronic,1.7914980624540537,-0.48758440905551126,1,FAKE
real_127303,grp_fbb085127650,validation,REAL,0,human,Pop,-2.021456617874251,-0.48758440905551126,0,REAL
fake_2a53f506064a49b5,grp_fbb085127650,validation,FAKE,1,musicgen,Pop,1.7914980624540537,-0.48758440905551126,1,FAKE
fake_3c960b98461088cb,grp_fbb085127650,validation,FAKE,1,audioldm,Pop,4.135322696743617,-0.48758440905551126,1,FAKE
fake_458f48eae5ff1026,grp_fbb085127650,validation,FAKE,1,acestep,Pop,3.4580559781089995,-0.48758440905551126,1,FAKE
fake_d32cfcf250fd7092,grp_fbb085127650,validation,FAKE,1,songgen,Pop,4.136798482650903,-0.48758440905551126,1,FAKE
fake_d844a7641fd30a7a,grp_fbb085127650,validation,FAKE,1,diffrhythm,Pop,1.0765841729824674,-0.48758440905551126,1,FAKE
real_006791,grp_fbdc7ec3decb,validation,REAL,0,human,Pop,-2.0360661361727646,-0.48758440905551126,0,REAL
fake_17426a03b73ff4f7,grp_fbdc7ec3decb,validation,FAKE,1,songgen,Pop,4.134361402785366,-0.48758440905551126,1,FAKE
fake_17b16b0254d081f8,grp_fbdc7ec3decb,validation,FAKE,1,diffrhythm,Pop,1.0766114328116694,-0.48758440905551126,1,FAKE
fake_2c5961ffa1ae5649,grp_fbdc7ec3decb,validation,FAKE,1,brev,Pop,3.4595401685900473,-0.48758440905551126,1,FAKE
fake_49ba0a3092fee968,grp_fbdc7ec3decb,validation,FAKE,1,elevenlabs,Pop,-0.49207069767650236,-0.48758440905551126,0,REAL
fake_4bc0b717da36ba7a,grp_fbdc7ec3decb,validation,FAKE,1,musicgen,Pop,1.7914980624540537,-0.48758440905551126,1,FAKE
fake_58f98cc98937536e,grp_fbdc7ec3decb,validation,FAKE,1,udio,Pop,3.459003400751188,-0.48758440905551126,1,FAKE
fake_5a218ef5cbe34c9c,grp_fbdc7ec3decb,validation,FAKE,1,producer,Pop,1.076879535826417,-0.48758440905551126,1,FAKE
fake_67940b0d09bdaa9c,grp_fbdc7ec3decb,validation,FAKE,1,suno,Pop,3.459564890994343,-0.48758440905551126,1,FAKE
fake_94c62ed2475fd082,grp_fbdc7ec3decb,validation,FAKE,1,brev,Pop,3.4596632992399083,-0.48758440905551126,1,FAKE
fake_9c1be57a0cba5264,grp_fbdc7ec3decb,validation,FAKE,1,elevenlabs,Pop,-0.49207069767650236,-0.48758440905551126,0,REAL
fake_aeb8edee6664ac41,grp_fbdc7ec3decb,validation,FAKE,1,udio,Pop,3.459003400751188,-0.48758440905551126,1,FAKE
fake_c27aa2506ea33190,grp_fbdc7ec3decb,validation,FAKE,1,mubert,Pop,1.0769818559153062,-0.48758440905551126,1,FAKE
fake_d48b1bdc0a2a32fb,grp_fbdc7ec3decb,validation,FAKE,1,suno,Pop,3.4596054525133457,-0.48758440905551126,1,FAKE
fake_d52d8d12a5972fd0,grp_fbdc7ec3decb,validation,FAKE,1,acestep,Pop,3.4582764906569468,-0.48758440905551126,1,FAKE
fake_de543d35cb9b42fa,grp_fbdc7ec3decb,validation,FAKE,1,audioldm,Pop,4.135322696743617,-0.48758440905551126,1,FAKE
fake_f351806c85d10721,grp_fbdc7ec3decb,validation,FAKE,1,stableaudio,Pop,1.0767867747489732,-0.48758440905551126,1,FAKE
real_118048,grp_0052ea5afb6e,test,REAL,0,human,Rock,-0.057732639869057856,-0.48758440905551126,1,FAKE
fake_0707241a29bbcf17,grp_0052ea5afb6e,test,FAKE,1,musicgen,Rock,1.7914980624540537,-0.48758440905551126,1,FAKE
fake_138c71b0496cf35a,grp_0052ea5afb6e,test,FAKE,1,diffrhythm,Rock,1.0765106595540903,-0.48758440905551126,1,FAKE
fake_15dba956b9cf0260,grp_0052ea5afb6e,test,FAKE,1,suno,Rock,3.459055747573439,-0.48758440905551126,1,FAKE
fake_305b0fb34345b174,grp_0052ea5afb6e,test,FAKE,1,producer,Rock,1.0768671097442195,-0.48758440905551126,1,FAKE
fake_36011ea495ba99d6,grp_0052ea5afb6e,test,FAKE,1,songgen,Rock,4.13525247049635,-0.48758440905551126,1,FAKE
fake_57f521facd539eac,grp_0052ea5afb6e,test,FAKE,1,suno,Rock,3.4592860165156285,-0.48758440905551126,1,FAKE
fake_66f9afd207cbedbf,grp_0052ea5afb6e,test,FAKE,1,mubert,Rock,1.0769818559153062,-0.48758440905551126,1,FAKE
fake_70c91e2c811a5c80,grp_0052ea5afb6e,test,FAKE,1,acestep,Rock,3.4584911144077286,-0.48758440905551126,1,FAKE
fake_7d4995a8c77dddbc,grp_0052ea5afb6e,test,FAKE,1,audioldm,Rock,4.135322696743617,-0.48758440905551126,1,FAKE
fake_8f880bf76c592a62,grp_0052ea5afb6e,test,FAKE,1,elevenlabs,Rock,-0.49207069767650236,-0.48758440905551126,0,REAL
fake_964b98a93be1b219,grp_0052ea5afb6e,test,FAKE,1,elevenlabs,Rock,-0.49207069767650236,-0.48758440905551126,0,REAL
fake_b4e3c416976151fc,grp_0052ea5afb6e,test,FAKE,1,udio,Rock,3.459003400751188,-0.48758440905551126,1,FAKE
fake_c4eed947c8cc984f,grp_0052ea5afb6e,test,FAKE,1,brev,Rock,3.4598928031059186,-0.48758440905551126,1,FAKE
fake_e3c9002b8ce894e4,grp_0052ea5afb6e,test,FAKE,1,udio,Rock,3.459003400751188,-0.48758440905551126,1,FAKE
fake_fa4e255c71369a6f,grp_0052ea5afb6e,test,FAKE,1,stableaudio,Rock,1.0767867747489732,-0.48758440905551126,1,FAKE
fake_fd583ac02ecb68e4,grp_0052ea5afb6e,test,FAKE,1,brev,Rock,3.4599286404798675,-0.48758440905551126,1,FAKE
real_040485,grp_0d51de8c089d,test,REAL,0,human,Electronic,-3.589059806851804,-0.48758440905551126,0,REAL
fake_00f0eda8fdf380d2,grp_0d51de8c089d,test,FAKE,1,audioldm,Electronic,4.135322696743617,-0.48758440905551126,1,FAKE
fake_0d07984168f85b12,grp_0d51de8c089d,test,FAKE,1,acestep,Electronic,3.4577601046190507,-0.48758440905551126,1,FAKE
fake_12ea2381ca1faec3,grp_0d51de8c089d,test,FAKE,1,elevenlabs,Electronic,-0.49207069767650236,-0.48758440905551126,0,REAL
fake_14be88f5905f9d81,grp_0d51de8c089d,test,FAKE,1,musicgen,Electronic,1.7914980624540537,-0.48758440905551126,1,FAKE
fake_1b50354122cf86ab,grp_0d51de8c089d,test,FAKE,1,producer,Electronic,1.0762824964966726,-0.48758440905551126,1,FAKE
fake_28b7401fe8ee386c,grp_0d51de8c089d,test,FAKE,1,stableaudio,Electronic,1.0767867747489732,-0.48758440905551126,1,FAKE
fake_3fdebdc90330dd2d,grp_0d51de8c089d,test,FAKE,1,songgen,Electronic,4.1334608747208526,-0.48758440905551126,1,FAKE
fake_5a41ae8bed6ad700,grp_0d51de8c089d,test,FAKE,1,suno,Electronic,3.459565621651541,-0.48758440905551126,1,FAKE
fake_6c48fffe78187f06,grp_0d51de8c089d,test,FAKE,1,elevenlabs,Electronic,-0.49207069767650236,-0.48758440905551126,0,REAL
fake_6f7eb6a6dbb9e8ef,grp_0d51de8c089d,test,FAKE,1,suno,Electronic,3.4591981163380017,-0.48758440905551126,1,FAKE
fake_8f6999ecf9610f71,grp_0d51de8c089d,test,FAKE,1,brev,Electronic,3.4595166030005187,-0.48758440905551126,1,FAKE
fake_951df6c24b55e8a0,grp_0d51de8c089d,test,FAKE,1,udio,Electronic,3.4588169768440737,-0.48758440905551126,1,FAKE
fake_a5d031ca47fe348b,grp_0d51de8c089d,test,FAKE,1,diffrhythm,Electronic,1.0758978829784973,-0.48758440905551126,1,FAKE
fake_a98f2470911763c5,grp_0d51de8c089d,test,FAKE,1,udio,Electronic,3.4588169768440737,-0.48758440905551126,1,FAKE
fake_e51a3b177fa3f6ef,grp_0d51de8c089d,test,FAKE,1,brev,Electronic,3.458954298828962,-0.48758440905551126,1,FAKE
fake_eaa760addd050c8e,grp_0d51de8c089d,test,FAKE,1,mubert,Electronic,1.0767307293310209,-0.48758440905551126,1,FAKE
real_042770,grp_1bc3161b9edd,test,REAL,0,human,Rock,-3.5884193517393026,-0.48758440905551126,0,REAL
fake_35be5a62e5d3b401,grp_1bc3161b9edd,test,FAKE,1,musicgen,Rock,1.7914980624540537,-0.48758440905551126,1,FAKE
fake_47dea6132e2a362a,grp_1bc3161b9edd,test,FAKE,1,stableaudio,Rock,1.0767867747489732,-0.48758440905551126,1,FAKE
fake_59ff116e3b62850e,grp_1bc3161b9edd,test,FAKE,1,audioldm,Rock,4.135322696743617,-0.48758440905551126,1,FAKE
fake_b8b6870a300ddfdf,grp_1bc3161b9edd,test,FAKE,1,acestep,Rock,3.457158097938839,-0.48758440905551126,1,FAKE
fake_c13e0ad23bf509c4,grp_1bc3161b9edd,test,FAKE,1,songgen,Rock,4.136112871904308,-0.48758440905551126,1,FAKE
fake_fabd4e171b7c15b8,grp_1bc3161b9edd,test,FAKE,1,diffrhythm,Rock,1.0758978829784973,-0.48758440905551126,1,FAKE
real_001881,grp_1db6bb2ea6ff,test,REAL,0,human,Electronic,-2.034338848142074,-0.48758440905551126,0,REAL
fake_3a0c84c518f9eb0c,grp_1db6bb2ea6ff,test,FAKE,1,acestep,Electronic,3.4528857847942085,-0.48758440905551126,1,FAKE
fake_73a1f4a767398597,grp_1db6bb2ea6ff,test,FAKE,1,songgen,Electronic,4.136798482650903,-0.48758440905551126,1,FAKE
fake_a209aca2460ee352,grp_1db6bb2ea6ff,test,FAKE,1,musicgen,Electronic,1.7914980624540537,-0.48758440905551126,1,FAKE
fake_bbb4ef8d09655631,grp_1db6bb2ea6ff,test,FAKE,1,diffrhythm,Electronic,1.0765106595540903,-0.48758440905551126,1,FAKE
fake_ed65121c2b085e62,grp_1db6bb2ea6ff,test,FAKE,1,audioldm,Electronic,4.135322696743617,-0.48758440905551126,1,FAKE
real_072073,grp_24ae70892ed5,test,REAL,0,human,Electronic,-3.589376799786276,-0.48758440905551126,0,REAL
fake_1e8cc1d03ceab095,grp_24ae70892ed5,test,FAKE,1,musicgen,Electronic,1.7914980624540537,-0.48758440905551126,1,FAKE
fake_34a622751f779e9a,grp_24ae70892ed5,test,FAKE,1,acestep,Electronic,3.4536210098854445,-0.48758440905551126,1,FAKE
fake_b6f97cc985a20534,grp_24ae70892ed5,test,FAKE,1,audioldm,Electronic,4.135322696743617,-0.48758440905551126,1,FAKE
fake_f21b7af464a6820c,grp_24ae70892ed5,test,FAKE,1,songgen,Electronic,4.136798482650903,-0.48758440905551126,1,FAKE
real_132443,grp_2717e07ca6be,test,REAL,0,human,Electronic,-3.5885402271971873,-0.48758440905551126,0,REAL
fake_2e3a35c1a51efbbc,grp_2717e07ca6be,test,FAKE,1,diffrhythm,Electronic,1.075914689828522,-0.48758440905551126,1,FAKE
fake_3008dfaf82ad4161,grp_2717e07ca6be,test,FAKE,1,mubert,Electronic,1.0767307293310209,-0.48758440905551126,1,FAKE
fake_503a5e5885217d27,grp_2717e07ca6be,test,FAKE,1,songgen,Electronic,4.136798482650903,-0.48758440905551126,1,FAKE
fake_5df33837a17d27ad,grp_2717e07ca6be,test,FAKE,1,producer,Electronic,1.0771299199796123,-0.48758440905551126,1,FAKE
fake_6db2648006abb8b6,grp_2717e07ca6be,test,FAKE,1,elevenlabs,Electronic,-0.4895062037899436,-0.48758440905551126,0,REAL
fake_74e9e40e422b71a9,grp_2717e07ca6be,test,FAKE,1,brev,Electronic,3.4597357089191374,-0.48758440905551126,1,FAKE
fake_806683b256aa7fd4,grp_2717e07ca6be,test,FAKE,1,elevenlabs,Electronic,-0.49207069767650236,-0.48758440905551126,0,REAL
fake_8690b741745ed43e,grp_2717e07ca6be,test,FAKE,1,stableaudio,Electronic,1.0767867747489732,-0.48758440905551126,1,FAKE
fake_8a26a6417e72ed09,grp_2717e07ca6be,test,FAKE,1,musicgen,Electronic,1.7914980624540537,-0.48758440905551126,1,FAKE
fake_9995be3f48cc996c,grp_2717e07ca6be,test,FAKE,1,suno,Electronic,3.459611559368023,-0.48758440905551126,1,FAKE
fake_b1c1ce9bfcb38648,grp_2717e07ca6be,test,FAKE,1,udio,Electronic,3.4588169768440737,-0.48758440905551126,1,FAKE
fake_cb557826e59643ac,grp_2717e07ca6be,test,FAKE,1,suno,Electronic,3.4596330893210974,-0.48758440905551126,1,FAKE
fake_cc6dd49769eaff2b,grp_2717e07ca6be,test,FAKE,1,acestep,Electronic,3.455676745480674,-0.48758440905551126,1,FAKE
fake_eecbea6b16cff596,grp_2717e07ca6be,test,FAKE,1,udio,Electronic,3.4588169768440737,-0.48758440905551126,1,FAKE
fake_f03e3f0921f5879f,grp_2717e07ca6be,test,FAKE,1,audioldm,Electronic,4.135322696743617,-0.48758440905551126,1,FAKE
fake_f8640bddf2980732,grp_2717e07ca6be,test,FAKE,1,brev,Electronic,3.4595950477390023,-0.48758440905551126,1,FAKE
real_113027,grp_2c0c06b6bba9,test,REAL,0,human,Pop,-0.5815575238501118,-0.48758440905551126,0,REAL
fake_16b297a5b6d80ab0,grp_2c0c06b6bba9,test,FAKE,1,musicgen,Pop,1.7914980624540537,-0.48758440905551126,1,FAKE
fake_4c3f74d316d43be2,grp_2c0c06b6bba9,test,FAKE,1,songgen,Pop,4.136652636613899,-0.48758440905551126,1,FAKE
fake_587a8b5ec6927bbc,grp_2c0c06b6bba9,test,FAKE,1,diffrhythm,Pop,1.0759051835809745,-0.48758440905551126,1,FAKE
fake_9cea4c844a2c137c,grp_2c0c06b6bba9,test,FAKE,1,stableaudio,Pop,1.0767867747489732,-0.48758440905551126,1,FAKE
fake_f1c75472f4c5c9dc,grp_2c0c06b6bba9,test,FAKE,1,audioldm,Pop,4.135322696743617,-0.48758440905551126,1,FAKE
fake_f9380b51d4e685d7,grp_2c0c06b6bba9,test,FAKE,1,acestep,Pop,3.4580081018309174,-0.48758440905551126,1,FAKE
real_108855,grp_2e25f00bb041,test,REAL,0,human,Electronic,0.07808004916932365,-0.48758440905551126,1,FAKE
fake_0c094d3c6422ec3e,grp_2e25f00bb041,test,FAKE,1,diffrhythm,Electronic,1.0762334640796039,-0.48758440905551126,1,FAKE
fake_5efde904e75e9fbb,grp_2e25f00bb041,test,FAKE,1,acestep,Electronic,3.457411641160266,-0.48758440905551126,1,FAKE
fake_606bb8f2e66c1100,grp_2e25f00bb041,test,FAKE,1,songgen,Electronic,4.135775100810659,-0.48758440905551126,1,FAKE
fake_b3ef04b7afd18ef4,grp_2e25f00bb041,test,FAKE,1,musicgen,Electronic,1.7914980624540537,-0.48758440905551126,1,FAKE
fake_edbba5a5e8510373,grp_2e25f00bb041,test,FAKE,1,audioldm,Electronic,4.135322696743617,-0.48758440905551126,1,FAKE
real_042372,grp_2f63afb13d01,test,REAL,0,human,Electronic,-3.5889926801153624,-0.48758440905551126,0,REAL
fake_098507cc3bebbaa8,grp_2f63afb13d01,test,FAKE,1,mubert,Electronic,1.0767307293310209,-0.48758440905551126,1,FAKE
fake_0be737499b17ffdf,grp_2f63afb13d01,test,FAKE,1,acestep,Electronic,3.458007625989305,-0.48758440905551126,1,FAKE
fake_1201cb3056c07f18,grp_2f63afb13d01,test,FAKE,1,brev,Electronic,3.459328862324978,-0.48758440905551126,1,FAKE
fake_1dd77a415ba7fb22,grp_2f63afb13d01,test,FAKE,1,musicgen,Electronic,1.7914980624540537,-0.48758440905551126,1,FAKE
fake_3dce018dcd29dfbc,grp_2f63afb13d01,test,FAKE,1,udio,Electronic,3.4588169768440737,-0.48758440905551126,1,FAKE
fake_550771d39db39bbc,grp_2f63afb13d01,test,FAKE,1,audioldm,Electronic,4.135322696743617,-0.48758440905551126,1,FAKE
fake_8c330eb1744453f9,grp_2f63afb13d01,test,FAKE,1,elevenlabs,Electronic,-0.49207069767650236,-0.48758440905551126,0,REAL
fake_929c5dae54309118,grp_2f63afb13d01,test,FAKE,1,producer,Electronic,1.0765078814128937,-0.48758440905551126,1,FAKE
fake_98c6db2c9cd6d1b7,grp_2f63afb13d01,test,FAKE,1,suno,Electronic,3.459501765134354,-0.48758440905551126,1,FAKE
fake_9fb9f3fa7ebbb2f0,grp_2f63afb13d01,test,FAKE,1,diffrhythm,Electronic,1.0765104380297994,-0.48758440905551126,1,FAKE
fake_a3509dadc451a79a,grp_2f63afb13d01,test,FAKE,1,elevenlabs,Electronic,-0.49207069767650236,-0.48758440905551126,0,REAL
fake_a6830eb86e320db8,grp_2f63afb13d01,test,FAKE,1,suno,Electronic,3.4595917477861677,-0.48758440905551126,1,FAKE
fake_b1fc18761d0dbc25,grp_2f63afb13d01,test,FAKE,1,songgen,Electronic,4.136798482650903,-0.48758440905551126,1,FAKE
fake_c53d2f56f6ae64ce,grp_2f63afb13d01,test,FAKE,1,stableaudio,Electronic,1.0767867747489732,-0.48758440905551126,1,FAKE
fake_cbb3aa492fd509fb,grp_2f63afb13d01,test,FAKE,1,brev,Electronic,3.4592618463196185,-0.48758440905551126,1,FAKE
fake_dc24033bb167fe60,grp_2f63afb13d01,test,FAKE,1,udio,Electronic,3.4588169768440737,-0.48758440905551126,1,FAKE
real_129265,grp_2feebdb27e1a,test,REAL,0,human,Rock,-3.594972695466227,-0.48758440905551126,0,REAL
fake_0f4f8cf359598713,grp_2feebdb27e1a,test,FAKE,1,diffrhythm,Rock,1.0761874862025338,-0.48758440905551126,1,FAKE
fake_1d7ce8a14857c6b3,grp_2feebdb27e1a,test,FAKE,1,acestep,Rock,3.4553081536781263,-0.48758440905551126,1,FAKE
fake_5cf2c0e8c959dc3d,grp_2feebdb27e1a,test,FAKE,1,songgen,Rock,4.136798482650903,-0.48758440905551126,1,FAKE
fake_7a0cb5e6c66df22d,grp_2feebdb27e1a,test,FAKE,1,audioldm,Rock,4.135322696743617,-0.48758440905551126,1,FAKE
fake_cc50f013d2197228,grp_2feebdb27e1a,test,FAKE,1,musicgen,Rock,1.7914980624540537,-0.48758440905551126,1,FAKE
fake_ff7ce436efff1010,grp_2feebdb27e1a,test,FAKE,1,stableaudio,Rock,1.0767867747489732,-0.48758440905551126,1,FAKE
real_113020,grp_3bd6e8945065,test,REAL,0,human,Pop,-0.38546442911336776,-0.48758440905551126,1,FAKE
fake_3a5b0c0b272602b0,grp_3bd6e8945065,test,FAKE,1,stableaudio,Pop,1.0767867747489732,-0.48758440905551126,1,FAKE
fake_4b559ad88e6ed673,grp_3bd6e8945065,test,FAKE,1,diffrhythm,Pop,1.0765628142020134,-0.48758440905551126,1,FAKE
fake_60ddc4f1cb40614c,grp_3bd6e8945065,test,FAKE,1,audioldm,Pop,4.135322696743617,-0.48758440905551126,1,FAKE
fake_9b3110cdd99f9d2e,grp_3bd6e8945065,test,FAKE,1,musicgen,Pop,1.7914980624540537,-0.48758440905551126,1,FAKE
fake_e33fd1a7a6cb9030,grp_3bd6e8945065,test,FAKE,1,songgen,Pop,4.136798482650903,-0.48758440905551126,1,FAKE
fake_fac7055cef8b9d7e,grp_3bd6e8945065,test,FAKE,1,acestep,Pop,3.4572705528916803,-0.48758440905551126,1,FAKE
real_131160,grp_3f782d4c6d0b,test,REAL,0,human,Rock,-3.589810239104839,-0.48758440905551126,0,REAL
fake_054781ebc88c2541,grp_3f782d4c6d0b,test,FAKE,1,songgen,Rock,4.134474871529735,-0.48758440905551126,1,FAKE
fake_0d0710911653545c,grp_3f782d4c6d0b,test,FAKE,1,musicgen,Rock,1.7914980624540537,-0.48758440905551126,1,FAKE
fake_165dd15d9082fbe1,grp_3f782d4c6d0b,test,FAKE,1,udio,Rock,3.459003400751188,-0.48758440905551126,1,FAKE
fake_1fef44ee8be5909b,grp_3f782d4c6d0b,test,FAKE,1,suno,Rock,3.4591880608313224,-0.48758440905551126,1,FAKE
fake_342ffd64095347ef,grp_3f782d4c6d0b,test,FAKE,1,diffrhythm,Rock,1.076262466024978,-0.48758440905551126,1,FAKE
fake_41a71ea2e95c688a,grp_3f782d4c6d0b,test,FAKE,1,elevenlabs,Rock,-0.49565764278756763,-0.48758440905551126,0,REAL
fake_4a615cee7d4539d3,grp_3f782d4c6d0b,test,FAKE,1,brev,Rock,3.459261326514035,-0.48758440905551126,1,FAKE
fake_58039d8ddc638691,grp_3f782d4c6d0b,test,FAKE,1,udio,Rock,3.459003400751188,-0.48758440905551126,1,FAKE
fake_5ad7cdbc0f2a940c,grp_3f782d4c6d0b,test,FAKE,1,elevenlabs,Rock,-0.49565764278756763,-0.48758440905551126,0,REAL
fake_5e607164f17b3820,grp_3f782d4c6d0b,test,FAKE,1,acestep,Rock,3.4570461578441622,-0.48758440905551126,1,FAKE
fake_6e84c9df8d526382,grp_3f782d4c6d0b,test,FAKE,1,suno,Rock,3.4587548819716574,-0.48758440905551126,1,FAKE
fake_8229f75f085a8bf5,grp_3f782d4c6d0b,test,FAKE,1,mubert,Rock,1.0769818559153062,-0.48758440905551126,1,FAKE
fake_8cd8ac8ceea2375a,grp_3f782d4c6d0b,test,FAKE,1,stableaudio,Rock,1.0767867747489732,-0.48758440905551126,1,FAKE
fake_8f44e3f4de62e6a5,grp_3f782d4c6d0b,test,FAKE,1,brev,Rock,3.45898781650941,-0.48758440905551126,1,FAKE
fake_cc042605872623f9,grp_3f782d4c6d0b,test,FAKE,1,audioldm,Rock,4.135322696743617,-0.48758440905551126,1,FAKE
fake_f49008c4690a1184,grp_3f782d4c6d0b,test,FAKE,1,producer,Rock,1.0763002105420005,-0.48758440905551126,1,FAKE
real_005287,grp_4826d605734d,test,REAL,0,human,Rock,-2.033957245642095,-0.48758440905551126,0,REAL
fake_08897759c265bd1d,grp_4826d605734d,test,FAKE,1,suno,Rock,3.4586018235683906,-0.48758440905551126,1,FAKE
fake_180d42b9c4afa1cf,grp_4826d605734d,test,FAKE,1,audioldm,Rock,4.135322696743617,-0.48758440905551126,1,FAKE
fake_21a2bb25b7fd8286,grp_4826d605734d,test,FAKE,1,udio,Rock,3.459003400751188,-0.48758440905551126,1,FAKE
fake_286132b9b8d12c82,grp_4826d605734d,test,FAKE,1,brev,Rock,3.459368843790144,-0.48758440905551126,1,FAKE
fake_2c3174ca843627bc,grp_4826d605734d,test,FAKE,1,brev,Rock,3.459434662366319,-0.48758440905551126,1,FAKE
fake_2e9db392a534dc3e,grp_4826d605734d,test,FAKE,1,elevenlabs,Rock,-0.49565764278756763,-0.48758440905551126,0,REAL
fake_3de77b99825e53b4,grp_4826d605734d,test,FAKE,1,udio,Rock,3.459003400751188,-0.48758440905551126,1,FAKE
fake_48c96ee53cb0c5eb,grp_4826d605734d,test,FAKE,1,stableaudio,Rock,1.0767867747489732,-0.48758440905551126,1,FAKE
fake_5bf2e5270bc32d28,grp_4826d605734d,test,FAKE,1,elevenlabs,Rock,-0.49565764278756763,-0.48758440905551126,0,REAL
fake_6154492540e28d48,grp_4826d605734d,test,FAKE,1,musicgen,Rock,1.7914980624540537,-0.48758440905551126,1,FAKE
fake_70973f895a53767e,grp_4826d605734d,test,FAKE,1,acestep,Rock,3.457253744801407,-0.48758440905551126,1,FAKE
fake_aa3a3ced5f8796b4,grp_4826d605734d,test,FAKE,1,mubert,Rock,1.0769818559153062,-0.48758440905551126,1,FAKE
fake_ae43f9c17b43db26,grp_4826d605734d,test,FAKE,1,suno,Rock,3.4589464433402486,-0.48758440905551126,1,FAKE
fake_b957df64516f2cde,grp_4826d605734d,test,FAKE,1,producer,Rock,1.0770061880592685,-0.48758440905551126,1,FAKE
fake_c9d5b900baa904b5,grp_4826d605734d,test,FAKE,1,songgen,Rock,4.136798482650903,-0.48758440905551126,1,FAKE
fake_e5ff6992a4b4a95e,grp_4826d605734d,test,FAKE,1,diffrhythm,Rock,1.0762510053463101,-0.48758440905551126,1,FAKE
real_091164,grp_4fee7afc91b2,test,REAL,0,human,Pop,-3.5877839844625257,-0.48758440905551126,0,REAL
fake_0fcf8aed3be21512,grp_4fee7afc91b2,test,FAKE,1,diffrhythm,Pop,1.075836928649847,-0.48758440905551126,1,FAKE
fake_35576fb5baaf7f49,grp_4fee7afc91b2,test,FAKE,1,acestep,Pop,3.458282111614425,-0.48758440905551126,1,FAKE
fake_631582ddb489abc6,grp_4fee7afc91b2,test,FAKE,1,stableaudio,Pop,1.0767867747489732,-0.48758440905551126,1,FAKE
fake_6a6709e8b681a20a,grp_4fee7afc91b2,test,FAKE,1,suno,Pop,3.459164151793289,-0.48758440905551126,1,FAKE
fake_72118648557485e3,grp_4fee7afc91b2,test,FAKE,1,elevenlabs,Pop,-0.49207069767650236,-0.48758440905551126,0,REAL
fake_8084bd147868d190,grp_4fee7afc91b2,test,FAKE,1,producer,Pop,1.0769511536620562,-0.48758440905551126,1,FAKE
fake_a50b79655f56ce3e,grp_4fee7afc91b2,test,FAKE,1,songgen,Pop,4.136798482650903,-0.48758440905551126,1,FAKE
fake_b8de460f7726f681,grp_4fee7afc91b2,test,FAKE,1,elevenlabs,Pop,-0.49207069767650236,-0.48758440905551126,0,REAL
fake_bc664a3c0c3ab3f7,grp_4fee7afc91b2,test,FAKE,1,brev,Pop,3.4597380705753182,-0.48758440905551126,1,FAKE
fake_c95e92bc9411bc65,grp_4fee7afc91b2,test,FAKE,1,audioldm,Pop,4.135322696743617,-0.48758440905551126,1,FAKE
fake_cb45757bfbf35171,grp_4fee7afc91b2,test,FAKE,1,udio,Pop,3.459003400751188,-0.48758440905551126,1,FAKE
fake_e693dcee24b8e63a,grp_4fee7afc91b2,test,FAKE,1,suno,Pop,3.4591917171632947,-0.48758440905551126,1,FAKE
fake_ef9197333b6158b6,grp_4fee7afc91b2,test,FAKE,1,udio,Pop,3.459003400751188,-0.48758440905551126,1,FAKE
fake_f8eceb3a0aacdc1e,grp_4fee7afc91b2,test,FAKE,1,mubert,Pop,1.0769818559153062,-0.48758440905551126,1,FAKE
fake_f92ccd02ec3ec1df,grp_4fee7afc91b2,test,FAKE,1,musicgen,Pop,1.7914980624540537,-0.48758440905551126,1,FAKE
fake_fdda9d70c9edd974,grp_4fee7afc91b2,test,FAKE,1,brev,Pop,3.45902645642587,-0.48758440905551126,1,FAKE
real_134148,grp_56ecc6381ac5,test,REAL,0,human,Electronic,-3.5891090251514637,-0.48758440905551126,0,REAL
fake_022083df5d73636f,grp_56ecc6381ac5,test,FAKE,1,songgen,Electronic,4.133342028395509,-0.48758440905551126,1,FAKE
fake_11894204e08de569,grp_56ecc6381ac5,test,FAKE,1,diffrhythm,Electronic,1.0764810699334664,-0.48758440905551126,1,FAKE
fake_81e0575d67829cb4,grp_56ecc6381ac5,test,FAKE,1,acestep,Electronic,3.4570306685953383,-0.48758440905551126,1,FAKE
fake_e5176841198cc46c,grp_56ecc6381ac5,test,FAKE,1,musicgen,Electronic,1.7914980624540537,-0.48758440905551126,1,FAKE
fake_e8d3036d89a208ae,grp_56ecc6381ac5,test,FAKE,1,audioldm,Electronic,4.135322696743617,-0.48758440905551126,1,FAKE
real_113028,grp_5d4c2635966a,test,REAL,0,human,Pop,-0.7183135690891111,-0.48758440905551126,0,REAL
fake_089111d4e48fc1bb,grp_5d4c2635966a,test,FAKE,1,musicgen,Pop,1.7914980624540537,-0.48758440905551126,1,FAKE
fake_45bb233b323c5944,grp_5d4c2635966a,test,FAKE,1,songgen,Pop,4.1371602392798845,-0.48758440905551126,1,FAKE
fake_549b65b7f635fe94,grp_5d4c2635966a,test,FAKE,1,audioldm,Pop,4.135322696743617,-0.48758440905551126,1,FAKE
fake_5bf725ea9a487b6a,grp_5d4c2635966a,test,FAKE,1,stableaudio,Pop,1.0767867747489732,-0.48758440905551126,1,FAKE
fake_8e3976c4e9e40dad,grp_5d4c2635966a,test,FAKE,1,diffrhythm,Pop,1.076329669834335,-0.48758440905551126,1,FAKE
fake_97f55d9901f3e083,grp_5d4c2635966a,test,FAKE,1,brev,Pop,3.4599971640222984,-0.48758440905551126,1,FAKE
fake_a41057933dea5838,grp_5d4c2635966a,test,FAKE,1,brev,Pop,3.4599439986413714,-0.48758440905551126,1,FAKE
fake_aef0bcca64cc53ee,grp_5d4c2635966a,test,FAKE,1,producer,Pop,1.077024029239107,-0.48758440905551126,1,FAKE
fake_af0f84c5736d45dc,grp_5d4c2635966a,test,FAKE,1,acestep,Pop,3.4561110931531114,-0.48758440905551126,1,FAKE
fake_af823206cc513a06,grp_5d4c2635966a,test,FAKE,1,suno,Pop,3.459528936266139,-0.48758440905551126,1,FAKE
fake_bb730b8a014a565f,grp_5d4c2635966a,test,FAKE,1,elevenlabs,Pop,-0.49207069767650236,-0.48758440905551126,0,REAL
fake_bcfa303d13714afe,grp_5d4c2635966a,test,FAKE,1,mubert,Pop,1.0769818559153062,-0.48758440905551126,1,FAKE
fake_c8bbb87086e1b1fb,grp_5d4c2635966a,test,FAKE,1,udio,Pop,3.459003400751188,-0.48758440905551126,1,FAKE
fake_e388c7d40648a5be,grp_5d4c2635966a,test,FAKE,1,elevenlabs,Pop,-0.4895062037899436,-0.48758440905551126,0,REAL
fake_f75351ef83237910,grp_5d4c2635966a,test,FAKE,1,udio,Pop,3.459003400751188,-0.48758440905551126,1,FAKE
fake_ff77447960b5ba52,grp_5d4c2635966a,test,FAKE,1,suno,Pop,3.4597482961420285,-0.48758440905551126,1,FAKE
real_135341,grp_64a7dcdc618e,test,REAL,0,human,Pop,0.2942071483166355,-0.48758440905551126,1,FAKE
fake_02e901389e6b24f2,grp_64a7dcdc618e,test,FAKE,1,songgen,Pop,4.136726002186122,-0.48758440905551126,1,FAKE
fake_19a8b24c5dd24e56,grp_64a7dcdc618e,test,FAKE,1,elevenlabs,Pop,-0.49207069767650236,-0.48758440905551126,0,REAL
fake_37a793b135138326,grp_64a7dcdc618e,test,FAKE,1,suno,Pop,3.459498783151785,-0.48758440905551126,1,FAKE
fake_41d0f66132c31696,grp_64a7dcdc618e,test,FAKE,1,producer,Pop,1.076720656468157,-0.48758440905551126,1,FAKE
fake_4b985e99457c3a30,grp_64a7dcdc618e,test,FAKE,1,suno,Pop,3.459721135195643,-0.48758440905551126,1,FAKE
fake_4f61467781444380,grp_64a7dcdc618e,test,FAKE,1,elevenlabs,Pop,-0.4895062037899436,-0.48758440905551126,0,REAL
fake_620ea31b8d84457e,grp_64a7dcdc618e,test,FAKE,1,acestep,Pop,3.458340054003011,-0.48758440905551126,1,FAKE
fake_73ed11d05f07e71c,grp_64a7dcdc618e,test,FAKE,1,stableaudio,Pop,1.0767867747489732,-0.48758440905551126,1,FAKE
fake_8a9ee294f3cf8b80,grp_64a7dcdc618e,test,FAKE,1,mubert,Pop,1.0769818559153062,-0.48758440905551126,1,FAKE
fake_94611b1553b3a513,grp_64a7dcdc618e,test,FAKE,1,musicgen,Pop,1.7914980624540537,-0.48758440905551126,1,FAKE
fake_a2f45e82283cfdfd,grp_64a7dcdc618e,test,FAKE,1,audioldm,Pop,4.135322696743617,-0.48758440905551126,1,FAKE
fake_a79b7c411a2bb6c0,grp_64a7dcdc618e,test,FAKE,1,brev,Pop,3.4599876158793723,-0.48758440905551126,1,FAKE
fake_d9ae7f07eef15489,grp_64a7dcdc618e,test,FAKE,1,brev,Pop,3.4599500219313906,-0.48758440905551126,1,FAKE
fake_da19a8f82456a0ff,grp_64a7dcdc618e,test,FAKE,1,udio,Pop,3.459003400751188,-0.48758440905551126,1,FAKE
fake_e716f7a5acbca501,grp_64a7dcdc618e,test,FAKE,1,udio,Pop,3.459003400751188,-0.48758440905551126,1,FAKE
fake_e7d51aaf14cceb17,grp_64a7dcdc618e,test,FAKE,1,diffrhythm,Pop,1.0762081433432042,-0.48758440905551126,1,FAKE
real_072070,grp_678678f9cdd4,test,REAL,0,human,Electronic,-3.5891633147487756,-0.48758440905551126,0,REAL
fake_40bde8834fd386ce,grp_678678f9cdd4,test,FAKE,1,audioldm,Electronic,4.135322696743617,-0.48758440905551126,1,FAKE
fake_a273d507a9c7a840,grp_678678f9cdd4,test,FAKE,1,musicgen,Electronic,1.7914980624540537,-0.48758440905551126,1,FAKE
real_022481,grp_76918bcaa743,test,REAL,0,human,Pop,-3.588361128547259,-0.48758440905551126,0,REAL
fake_4ee900946fbb7698,grp_76918bcaa743,test,FAKE,1,audioldm,Pop,4.135322696743617,-0.48758440905551126,1,FAKE
fake_517441514fc37440,grp_76918bcaa743,test,FAKE,1,songgen,Pop,4.136798482650903,-0.48758440905551126,1,FAKE
fake_9a6cb3c766fd751c,grp_76918bcaa743,test,FAKE,1,acestep,Pop,3.4557182058295934,-0.48758440905551126,1,FAKE
fake_ba2955f9c59d5586,grp_76918bcaa743,test,FAKE,1,stableaudio,Pop,1.0767867747489732,-0.48758440905551126,1,FAKE
fake_dbb5ddccff9b34c0,grp_76918bcaa743,test,FAKE,1,diffrhythm,Pop,1.0758153703839,-0.48758440905551126,1,FAKE
fake_e0db90bc13e5d9d5,grp_76918bcaa743,test,FAKE,1,musicgen,Pop,1.7914980624540537,-0.48758440905551126,1,FAKE
real_137049,grp_7fbd4e6150ee,test,REAL,0,human,Electronic,-3.5823059165745033,-0.48758440905551126,0,REAL
fake_2c05440af2171d42,grp_7fbd4e6150ee,test,FAKE,1,mubert,Electronic,1.0767307293310209,-0.48758440905551126,1,FAKE
fake_31bb2d9efa3a2a4d,grp_7fbd4e6150ee,test,FAKE,1,udio,Electronic,3.4588169768440737,-0.48758440905551126,1,FAKE
fake_3793ea5863f48d0d,grp_7fbd4e6150ee,test,FAKE,1,brev,Electronic,3.459527787212302,-0.48758440905551126,1,FAKE
fake_45ee45b789d9af5d,grp_7fbd4e6150ee,test,FAKE,1,udio,Electronic,3.4588169768440737,-0.48758440905551126,1,FAKE
fake_4cbde3bbdb311df0,grp_7fbd4e6150ee,test,FAKE,1,suno,Electronic,3.459797267012278,-0.48758440905551126,1,FAKE
fake_533217ef1a5bfd3e,grp_7fbd4e6150ee,test,FAKE,1,producer,Electronic,1.076934508906394,-0.48758440905551126,1,FAKE
fake_6d14d08c400ce17d,grp_7fbd4e6150ee,test,FAKE,1,elevenlabs,Electronic,-0.48758440905551126,-0.48758440905551126,1,FAKE
fake_86c86525a180cf0a,grp_7fbd4e6150ee,test,FAKE,1,brev,Electronic,3.459600584903389,-0.48758440905551126,1,FAKE
fake_b4d1dfd0e9380134,grp_7fbd4e6150ee,test,FAKE,1,songgen,Electronic,4.136798482650903,-0.48758440905551126,1,FAKE
fake_bcb998d7354634bf,grp_7fbd4e6150ee,test,FAKE,1,stableaudio,Electronic,1.0767867747489732,-0.48758440905551126,1,FAKE
fake_c3a6b16e1c71d47a,grp_7fbd4e6150ee,test,FAKE,1,acestep,Electronic,3.4555664748805137,-0.48758440905551126,1,FAKE
fake_d4b9157fc020356a,grp_7fbd4e6150ee,test,FAKE,1,diffrhythm,Electronic,1.076171149792398,-0.48758440905551126,1,FAKE
fake_ecf508c63480ad3b,grp_7fbd4e6150ee,test,FAKE,1,audioldm,Electronic,4.135322696743617,-0.48758440905551126,1,FAKE
fake_eee6767b5db06753,grp_7fbd4e6150ee,test,FAKE,1,elevenlabs,Electronic,-0.4895062037899436,-0.48758440905551126,0,REAL
fake_efd3cec56699f1a9,grp_7fbd4e6150ee,test,FAKE,1,musicgen,Electronic,1.7914980624540537,-0.48758440905551126,1,FAKE
fake_f861bbba7092a907,grp_7fbd4e6150ee,test,FAKE,1,suno,Electronic,3.45964592854431,-0.48758440905551126,1,FAKE
real_006796,grp_809a87ba8bcb,test,REAL,0,human,Pop,-2.035969097519354,-0.48758440905551126,0,REAL
fake_4b75fe4c7c7d978c,grp_809a87ba8bcb,test,FAKE,1,diffrhythm,Pop,1.0762305705388466,-0.48758440905551126,1,FAKE
fake_76ec906e2c427dbf,grp_809a87ba8bcb,test,FAKE,1,stableaudio,Pop,1.0767867747489732,-0.48758440905551126,1,FAKE
fake_8cabdcd772288dd3,grp_809a87ba8bcb,test,FAKE,1,acestep,Pop,3.4584393670292304,-0.48758440905551126,1,FAKE
fake_b229844bbd3b6804,grp_809a87ba8bcb,test,FAKE,1,musicgen,Pop,1.7914980624540537,-0.48758440905551126,1,FAKE
fake_e17ecc12a07ced3a,grp_809a87ba8bcb,test,FAKE,1,audioldm,Pop,4.135322696743617,-0.48758440905551126,1,FAKE
fake_e42864794843ae5d,grp_809a87ba8bcb,test,FAKE,1,songgen,Pop,4.136798482650903,-0.48758440905551126,1,FAKE
real_015770,grp_81869ed23e67,test,REAL,0,human,Electronic,0.2942847792393639,-0.48758440905551126,1,FAKE
fake_3556ccdbc9b9700f,grp_81869ed23e67,test,FAKE,1,acestep,Electronic,3.4579003433957727,-0.48758440905551126,1,FAKE
fake_43211038f8b8d2d5,grp_81869ed23e67,test,FAKE,1,diffrhythm,Electronic,1.0762233424016574,-0.48758440905551126,1,FAKE
fake_709fc676c2335e87,grp_81869ed23e67,test,FAKE,1,musicgen,Electronic,1.7914980624540537,-0.48758440905551126,1,FAKE
fake_90573d615fe34465,grp_81869ed23e67,test,FAKE,1,audioldm,Electronic,4.135322696743617,-0.48758440905551126,1,FAKE
fake_f74a4e717d097159,grp_81869ed23e67,test,FAKE,1,songgen,Electronic,4.136798482650903,-0.48758440905551126,1,FAKE
real_147709,grp_855e1d1409b7,test,REAL,0,human,Rock,-2.677109949839698,-0.48758440905551126,0,REAL
fake_00b062a2887001c6,grp_855e1d1409b7,test,FAKE,1,producer,Rock,1.077024029239107,-0.48758440905551126,1,FAKE
fake_08ce27755092d312,grp_855e1d1409b7,test,FAKE,1,suno,Rock,3.459785426430366,-0.48758440905551126,1,FAKE
fake_48ee4e06367a27e8,grp_855e1d1409b7,test,FAKE,1,udio,Rock,3.459003400751188,-0.48758440905551126,1,FAKE
fake_6b8fa6a5905b56d5,grp_855e1d1409b7,test,FAKE,1,musicgen,Rock,1.7914980624540537,-0.48758440905551126,1,FAKE
fake_8a88c5f75ca8e0d8,grp_855e1d1409b7,test,FAKE,1,acestep,Rock,3.4582504497811843,-0.48758440905551126,1,FAKE
fake_8d5d46f9b4ef5f95,grp_855e1d1409b7,test,FAKE,1,songgen,Rock,4.136798482650903,-0.48758440905551126,1,FAKE
fake_914bc42c2c630d94,grp_855e1d1409b7,test,FAKE,1,udio,Rock,3.459003400751188,-0.48758440905551126,1,FAKE
fake_91db604f690ec6c6,grp_855e1d1409b7,test,FAKE,1,elevenlabs,Rock,-0.4895062037899436,-0.48758440905551126,0,REAL
fake_adff3dc4053ec7ae,grp_855e1d1409b7,test,FAKE,1,brev,Rock,3.4597043461489916,-0.48758440905551126,1,FAKE
fake_b26cc90fb2877550,grp_855e1d1409b7,test,FAKE,1,mubert,Rock,1.0769818559153062,-0.48758440905551126,1,FAKE
fake_b39f1a5abd69deb1,grp_855e1d1409b7,test,FAKE,1,diffrhythm,Rock,1.0758453106815824,-0.48758440905551126,1,FAKE
fake_ea0e8fed18aa5f6c,grp_855e1d1409b7,test,FAKE,1,elevenlabs,Rock,-0.4895062037899436,-0.48758440905551126,0,REAL
fake_eee2cb09c0091cbd,grp_855e1d1409b7,test,FAKE,1,brev,Rock,3.4596078270069497,-0.48758440905551126,1,FAKE
fake_f6de3cb640c374a6,grp_855e1d1409b7,test,FAKE,1,suno,Rock,3.4597701430049117,-0.48758440905551126,1,FAKE
fake_f86283545ec4c4e7,grp_855e1d1409b7,test,FAKE,1,audioldm,Rock,4.135322696743617,-0.48758440905551126,1,FAKE
real_087842,grp_8b163fdb1c5d,test,REAL,0,human,Electronic,-3.5888657295449864,-0.48758440905551126,0,REAL
fake_205ae99d472896f8,grp_8b163fdb1c5d,test,FAKE,1,stableaudio,Electronic,1.0767867747489732,-0.48758440905551126,1,FAKE
fake_27e0c270a9134282,grp_8b163fdb1c5d,test,FAKE,1,songgen,Electronic,4.128325011626327,-0.48758440905551126,1,FAKE
fake_37e056a73cb57586,grp_8b163fdb1c5d,test,FAKE,1,suno,Electronic,3.458751249770539,-0.48758440905551126,1,FAKE
fake_580562969f5c0367,grp_8b163fdb1c5d,test,FAKE,1,audioldm,Electronic,4.135322696743617,-0.48758440905551126,1,FAKE
fake_5cc885930351f235,grp_8b163fdb1c5d,test,FAKE,1,producer,Electronic,1.0770529074384911,-0.48758440905551126,1,FAKE
fake_8442a2b7ef344295,grp_8b163fdb1c5d,test,FAKE,1,elevenlabs,Electronic,-0.49565764278756763,-0.48758440905551126,0,REAL
fake_87da2543529cd5df,grp_8b163fdb1c5d,test,FAKE,1,musicgen,Electronic,1.7914980624540537,-0.48758440905551126,1,FAKE
fake_8fb74b836a966bc8,grp_8b163fdb1c5d,test,FAKE,1,udio,Electronic,3.4588169768440737,-0.48758440905551126,1,FAKE
fake_9c5bbba640abcbac,grp_8b163fdb1c5d,test,FAKE,1,mubert,Electronic,1.0767307293310209,-0.48758440905551126,1,FAKE
fake_a03929e537bdc461,grp_8b163fdb1c5d,test,FAKE,1,acestep,Electronic,3.4574924013355366,-0.48758440905551126,1,FAKE
fake_b2f28228ac1c51e4,grp_8b163fdb1c5d,test,FAKE,1,brev,Electronic,3.4596134857266483,-0.48758440905551126,1,FAKE
fake_b77e93fa6fcec51d,grp_8b163fdb1c5d,test,FAKE,1,brev,Electronic,3.4597266038526877,-0.48758440905551126,1,FAKE
fake_c1dec110fb988974,grp_8b163fdb1c5d,test,FAKE,1,diffrhythm,Electronic,1.075924921239149,-0.48758440905551126,1,FAKE
fake_ca0d803eadcafaa4,grp_8b163fdb1c5d,test,FAKE,1,suno,Electronic,3.4595451559927706,-0.48758440905551126,1,FAKE
fake_f04aca4b7a4d8196,grp_8b163fdb1c5d,test,FAKE,1,elevenlabs,Electronic,-0.49207069767650236,-0.48758440905551126,0,REAL
fake_f1b44044fad8187f,grp_8b163fdb1c5d,test,FAKE,1,udio,Electronic,3.4588169768440737,-0.48758440905551126,1,FAKE
real_149416,grp_8dc5671826f4,test,REAL,0,human,Rock,-3.591563404109772,-0.48758440905551126,0,REAL
fake_155bf9a964966597,grp_8dc5671826f4,test,FAKE,1,udio,Rock,3.459003400751188,-0.48758440905551126,1,FAKE
fake_16d990d588e80313,grp_8dc5671826f4,test,FAKE,1,elevenlabs,Rock,-0.49207069767650236,-0.48758440905551126,0,REAL
fake_1d332612129ca9c0,grp_8dc5671826f4,test,FAKE,1,mubert,Rock,1.0769818559153062,-0.48758440905551126,1,FAKE
fake_25a0a9f967682eef,grp_8dc5671826f4,test,FAKE,1,brev,Rock,3.459382727771458,-0.48758440905551126,1,FAKE
fake_4ba8689bcb4030d3,grp_8dc5671826f4,test,FAKE,1,songgen,Rock,4.131569732672494,-0.48758440905551126,1,FAKE
fake_68ae8358f763703b,grp_8dc5671826f4,test,FAKE,1,producer,Rock,1.0700551215029441,-0.48758440905551126,1,FAKE
fake_6bb3cf3934530bb0,grp_8dc5671826f4,test,FAKE,1,acestep,Rock,3.458388786776529,-0.48758440905551126,1,FAKE
fake_aa257db1e6b03fa8,grp_8dc5671826f4,test,FAKE,1,brev,Rock,3.4597357089191374,-0.48758440905551126,1,FAKE
fake_aa6ea24a0640dc5a,grp_8dc5671826f4,test,FAKE,1,musicgen,Rock,1.7914980624540537,-0.48758440905551126,1,FAKE
fake_b57101168cf2e5e1,grp_8dc5671826f4,test,FAKE,1,suno,Rock,3.4589757514896604,-0.48758440905551126,1,FAKE
fake_c56cb8c52ca59800,grp_8dc5671826f4,test,FAKE,1,stableaudio,Rock,1.0767867747489732,-0.48758440905551126,1,FAKE
fake_c9ef320ff874e698,grp_8dc5671826f4,test,FAKE,1,udio,Rock,3.459003400751188,-0.48758440905551126,1,FAKE
fake_da387036965c7775,grp_8dc5671826f4,test,FAKE,1,diffrhythm,Rock,1.0762510053463101,-0.48758440905551126,1,FAKE
fake_dacbde2b0c7da65b,grp_8dc5671826f4,test,FAKE,1,elevenlabs,Rock,-0.49207069767650236,-0.48758440905551126,0,REAL
fake_e8a0687bb5ec9117,grp_8dc5671826f4,test,FAKE,1,suno,Rock,3.4583765191478424,-0.48758440905551126,1,FAKE
fake_f177a6fd0abb5a03,grp_8dc5671826f4,test,FAKE,1,audioldm,Rock,4.135322696743617,-0.48758440905551126,1,FAKE
real_140926,grp_924974b40cb9,test,REAL,0,human,Electronic,-3.589053337608245,-0.48758440905551126,0,REAL
fake_18a54f29c106dd20,grp_924974b40cb9,test,FAKE,1,diffrhythm,Electronic,1.0762081433432042,-0.48758440905551126,1,FAKE
fake_203d860fd7c7b96d,grp_924974b40cb9,test,FAKE,1,songgen,Electronic,4.136365800017812,-0.48758440905551126,1,FAKE
fake_874891e37c22e0b7,grp_924974b40cb9,test,FAKE,1,audioldm,Electronic,4.135322696743617,-0.48758440905551126,1,FAKE
fake_be0eae5c8627dac3,grp_924974b40cb9,test,FAKE,1,acestep,Electronic,3.4579157120450574,-0.48758440905551126,1,FAKE
fake_cd1b6ebb256e7f72,grp_924974b40cb9,test,FAKE,1,musicgen,Electronic,1.7914980624540537,-0.48758440905551126,1,FAKE
real_005149,grp_97427e5819ac,test,REAL,0,human,Rock,-2.034526456205332,-0.48758440905551126,0,REAL
fake_0498a2e22d2ba62b,grp_97427e5819ac,test,FAKE,1,songgen,Rock,4.136798482650903,-0.48758440905551126,1,FAKE
fake_1eb53b92ace0fc91,grp_97427e5819ac,test,FAKE,1,diffrhythm,Rock,1.0761516449282493,-0.48758440905551126,1,FAKE
fake_9dd9fa4910e9e0f0,grp_97427e5819ac,test,FAKE,1,stableaudio,Rock,1.0767867747489732,-0.48758440905551126,1,FAKE
fake_bc9f422dc0ab3896,grp_97427e5819ac,test,FAKE,1,audioldm,Rock,4.135322696743617,-0.48758440905551126,1,FAKE
fake_bf7cecb15212a990,grp_97427e5819ac,test,FAKE,1,acestep,Rock,3.4580409695522683,-0.48758440905551126,1,FAKE
fake_eb6495f1263d409c,grp_97427e5819ac,test,FAKE,1,musicgen,Rock,1.7914980624540537,-0.48758440905551126,1,FAKE
real_135337,grp_9eb9b32a582c,test,REAL,0,human,Pop,0.2941198539844363,-0.48758440905551126,1,FAKE
fake_07ba9719cdad52de,grp_9eb9b32a582c,test,FAKE,1,diffrhythm,Pop,1.076262466024978,-0.48758440905551126,1,FAKE
fake_0b99a34ce079466c,grp_9eb9b32a582c,test,FAKE,1,acestep,Pop,3.458475419155714,-0.48758440905551126,1,FAKE
fake_2d7de52b2123d268,grp_9eb9b32a582c,test,FAKE,1,brev,Pop,3.4596545149688858,-0.48758440905551126,1,FAKE
fake_38f72b7485e175ba,grp_9eb9b32a582c,test,FAKE,1,producer,Pop,1.0768722869937895,-0.48758440905551126,1,FAKE
fake_3e6fbc2dd4f42d3c,grp_9eb9b32a582c,test,FAKE,1,mubert,Pop,1.0769818559153062,-0.48758440905551126,1,FAKE
fake_4ac2c98418a32563,grp_9eb9b32a582c,test,FAKE,1,musicgen,Pop,1.7914980624540537,-0.48758440905551126,1,FAKE
fake_4b17e38d7c0379c2,grp_9eb9b32a582c,test,FAKE,1,udio,Pop,3.459003400751188,-0.48758440905551126,1,FAKE
fake_4bacb572c9064833,grp_9eb9b32a582c,test,FAKE,1,brev,Pop,3.4596173141705657,-0.48758440905551126,1,FAKE
fake_7a40a4d3bfb08482,grp_9eb9b32a582c,test,FAKE,1,audioldm,Pop,4.135322696743617,-0.48758440905551126,1,FAKE
fake_8ced73c76cf88d8f,grp_9eb9b32a582c,test,FAKE,1,suno,Pop,3.459725821641295,-0.48758440905551126,1,FAKE
fake_ab62a388c516c24a,grp_9eb9b32a582c,test,FAKE,1,udio,Pop,3.459003400751188,-0.48758440905551126,1,FAKE
fake_af1cce88caaf96b9,grp_9eb9b32a582c,test,FAKE,1,stableaudio,Pop,1.0767867747489732,-0.48758440905551126,1,FAKE
fake_bc3bb1ac5fcdd7d7,grp_9eb9b32a582c,test,FAKE,1,elevenlabs,Pop,-0.4895062037899436,-0.48758440905551126,0,REAL
fake_befc417adf3a0851,grp_9eb9b32a582c,test,FAKE,1,songgen,Pop,4.136798482650903,-0.48758440905551126,1,FAKE
fake_c37e7999dcd604e5,grp_9eb9b32a582c,test,FAKE,1,suno,Pop,3.4597701430049117,-0.48758440905551126,1,FAKE
fake_ca84a4f563d82126,grp_9eb9b32a582c,test,FAKE,1,elevenlabs,Pop,-0.4895062037899436,-0.48758440905551126,0,REAL
real_149406,grp_a19b6ac9b73b,test,REAL,0,human,Rock,-3.5949403492484233,-0.48758440905551126,0,REAL
fake_56e7d12f164fa5b9,grp_a19b6ac9b73b,test,FAKE,1,audioldm,Rock,4.135322696743617,-0.48758440905551126,1,FAKE
fake_60cdf8a848b2f5d8,grp_a19b6ac9b73b,test,FAKE,1,stableaudio,Rock,1.0767867747489732,-0.48758440905551126,1,FAKE
fake_7d6513fbccdccaa6,grp_a19b6ac9b73b,test,FAKE,1,songgen,Rock,4.131262396913072,-0.48758440905551126,1,FAKE
fake_8280c8defbda769b,grp_a19b6ac9b73b,test,FAKE,1,acestep,Rock,3.4579543741344647,-0.48758440905551126,1,FAKE
fake_8e47854795cb84a5,grp_a19b6ac9b73b,test,FAKE,1,diffrhythm,Rock,1.0765106595540903,-0.48758440905551126,1,FAKE
fake_9bd470c0411df85d,grp_a19b6ac9b73b,test,FAKE,1,musicgen,Rock,1.7914980624540537,-0.48758440905551126,1,FAKE
real_003956,grp_a23dc4ed91cc,test,REAL,0,human,Rock,-2.0341382268093655,-0.48758440905551126,0,REAL
fake_1a56cd5a023463d0,grp_a23dc4ed91cc,test,FAKE,1,stableaudio,Rock,1.0767867747489732,-0.48758440905551126,1,FAKE
fake_3458f7509c574b7e,grp_a23dc4ed91cc,test,FAKE,1,musicgen,Rock,1.7914980624540537,-0.48758440905551126,1,FAKE
fake_651aa47114d822d9,grp_a23dc4ed91cc,test,FAKE,1,diffrhythm,Rock,1.0758291905258313,-0.48758440905551126,1,FAKE
fake_6681745dc1acf084,grp_a23dc4ed91cc,test,FAKE,1,acestep,Rock,3.4551220973616212,-0.48758440905551126,1,FAKE
fake_668e54228a4e4531,grp_a23dc4ed91cc,test,FAKE,1,audioldm,Rock,4.135322696743617,-0.48758440905551126,1,FAKE
fake_a25436ed93136234,grp_a23dc4ed91cc,test,FAKE,1,songgen,Rock,4.136798482650903,-0.48758440905551126,1,FAKE
real_149405,grp_a5765a718147,test,REAL,0,human,Rock,-3.594538460169556,-0.48758440905551126,0,REAL
fake_0a03c8767ee1507a,grp_a5765a718147,test,FAKE,1,udio,Rock,3.459003400751188,-0.48758440905551126,1,FAKE
fake_10e2c0bdf58c4618,grp_a5765a718147,test,FAKE,1,audioldm,Rock,4.135322696743617,-0.48758440905551126,1,FAKE
fake_3582abb8889d8592,grp_a5765a718147,test,FAKE,1,elevenlabs,Rock,-0.49565764278756763,-0.48758440905551126,0,REAL
fake_3f82d7d6ab9ca79b,grp_a5765a718147,test,FAKE,1,brev,Rock,3.4594504722216524,-0.48758440905551126,1,FAKE
fake_594c7cb1b5994202,grp_a5765a718147,test,FAKE,1,elevenlabs,Rock,-0.4971960575216441,-0.48758440905551126,0,REAL
fake_8e6fd32fedc34d24,grp_a5765a718147,test,FAKE,1,stableaudio,Rock,1.0767867747489732,-0.48758440905551126,1,FAKE
fake_911278284bfa17fb,grp_a5765a718147,test,FAKE,1,brev,Rock,3.4590051475340875,-0.48758440905551126,1,FAKE
fake_9df69f586b6d8071,grp_a5765a718147,test,FAKE,1,mubert,Rock,1.0769818559153062,-0.48758440905551126,1,FAKE
fake_aa485108cb0dedeb,grp_a5765a718147,test,FAKE,1,diffrhythm,Rock,1.075810874088464,-0.48758440905551126,1,FAKE
fake_ba7d211982df2da4,grp_a5765a718147,test,FAKE,1,producer,Rock,1.0754475747910726,-0.48758440905551126,1,FAKE
fake_bb971de67049b28e,grp_a5765a718147,test,FAKE,1,suno,Rock,3.458920776828552,-0.48758440905551126,1,FAKE
fake_bc805c2ab59b6511,grp_a5765a718147,test,FAKE,1,musicgen,Rock,1.7914980624540537,-0.48758440905551126,1,FAKE
fake_c49dc5ff022213a0,grp_a5765a718147,test,FAKE,1,acestep,Rock,3.4574817478068196,-0.48758440905551126,1,FAKE
fake_e3800c664c1175fc,grp_a5765a718147,test,FAKE,1,suno,Rock,3.459169001770423,-0.48758440905551126,1,FAKE
fake_eccca2f4dba2bf57,grp_a5765a718147,test,FAKE,1,songgen,Rock,4.133626881830031,-0.48758440905551126,1,FAKE
fake_fd743299d15982bd,grp_a5765a718147,test,FAKE,1,udio,Rock,3.459003400751188,-0.48758440905551126,1,FAKE
real_071506,grp_af58ba19eebd,test,REAL,0,human,Electronic,-3.58891511675796,-0.48758440905551126,0,REAL
fake_00de444d182f2a58,grp_af58ba19eebd,test,FAKE,1,songgen,Electronic,4.134042166471007,-0.48758440905551126,1,FAKE
fake_1abbc97de4f3a5e1,grp_af58ba19eebd,test,FAKE,1,acestep,Electronic,3.4568338366338294,-0.48758440905551126,1,FAKE
fake_6b8528efca911632,grp_af58ba19eebd,test,FAKE,1,musicgen,Electronic,1.7914980624540537,-0.48758440905551126,1,FAKE
fake_d40cc708b7896177,grp_af58ba19eebd,test,FAKE,1,audioldm,Electronic,4.135322696743617,-0.48758440905551126,1,FAKE
fake_e0c7533af82e63a4,grp_af58ba19eebd,test,FAKE,1,diffrhythm,Electronic,1.0762850274777915,-0.48758440905551126,1,FAKE
real_132445,grp_b17d03130c18,test,REAL,0,human,Electronic,-3.5884691274529033,-0.48758440905551126,0,REAL
fake_050964251c249e7c,grp_b17d03130c18,test,FAKE,1,diffrhythm,Electronic,1.0762233424016574,-0.48758440905551126,1,FAKE
fake_0dfd3745e75bb39f,grp_b17d03130c18,test,FAKE,1,audioldm,Electronic,4.135322696743617,-0.48758440905551126,1,FAKE
fake_37f05cfb1105473d,grp_b17d03130c18,test,FAKE,1,acestep,Electronic,3.457943161707803,-0.48758440905551126,1,FAKE
fake_481b3936f5bfb2b3,grp_b17d03130c18,test,FAKE,1,songgen,Electronic,4.136798482650903,-0.48758440905551126,1,FAKE
fake_b9c25a6be7458df0,grp_b17d03130c18,test,FAKE,1,musicgen,Electronic,1.7914980624540537,-0.48758440905551126,1,FAKE
real_022474,grp_b87a27275097,test,REAL,0,human,Pop,-3.588372173256152,-0.48758440905551126,0,REAL
fake_086e99f770265bfe,grp_b87a27275097,test,FAKE,1,acestep,Pop,3.457433715790188,-0.48758440905551126,1,FAKE
fake_0ae3d7065cde0339,grp_b87a27275097,test,FAKE,1,brev,Pop,3.458387146298623,-0.48758440905551126,1,FAKE
fake_1bcfa4aaf71d1d06,grp_b87a27275097,test,FAKE,1,suno,Pop,3.4585370974710528,-0.48758440905551126,1,FAKE
fake_1d5d14b7bc568c5c,grp_b87a27275097,test,FAKE,1,elevenlabs,Pop,-0.49207069767650236,-0.48758440905551126,0,REAL
fake_357d1a7cecae4e88,grp_b87a27275097,test,FAKE,1,producer,Pop,1.0703044741073517,-0.48758440905551126,1,FAKE
fake_3e58038adc796d63,grp_b87a27275097,test,FAKE,1,stableaudio,Pop,1.0767867747489732,-0.48758440905551126,1,FAKE
fake_62fb6dbd193faf81,grp_b87a27275097,test,FAKE,1,udio,Pop,3.459003400751188,-0.48758440905551126,1,FAKE
fake_6e37d56b85351ad7,grp_b87a27275097,test,FAKE,1,audioldm,Pop,4.135322696743617,-0.48758440905551126,1,FAKE
fake_8825cd9e49e077df,grp_b87a27275097,test,FAKE,1,brev,Pop,3.4591525555950735,-0.48758440905551126,1,FAKE
fake_8949487cb43f8219,grp_b87a27275097,test,FAKE,1,musicgen,Pop,1.7914980624540537,-0.48758440905551126,1,FAKE
fake_8fa6020a45b8af14,grp_b87a27275097,test,FAKE,1,songgen,Pop,4.134469191035355,-0.48758440905551126,1,FAKE
fake_9f0cbd7a74906770,grp_b87a27275097,test,FAKE,1,udio,Pop,3.459003400751188,-0.48758440905551126,1,FAKE
fake_b8759bb284e61b95,grp_b87a27275097,test,FAKE,1,elevenlabs,Pop,-0.49207069767650236,-0.48758440905551126,0,REAL
fake_bbc253c7edc33bb9,grp_b87a27275097,test,FAKE,1,diffrhythm,Pop,1.0764810699334664,-0.48758440905551126,1,FAKE
fake_c15a6038cd15c503,grp_b87a27275097,test,FAKE,1,mubert,Pop,1.0769818559153062,-0.48758440905551126,1,FAKE
fake_de4e0905e068a670,grp_b87a27275097,test,FAKE,1,suno,Pop,3.458989816393538,-0.48758440905551126,1,FAKE
real_145916,grp_d33597712057,test,REAL,0,human,Electronic,-3.588283497624529,-0.48758440905551126,0,REAL
fake_42966307bb4246b9,grp_d33597712057,test,FAKE,1,songgen,Electronic,4.131697290054088,-0.48758440905551126,1,FAKE
fake_53a6e95babd6c6d3,grp_d33597712057,test,FAKE,1,diffrhythm,Electronic,1.0758978829784973,-0.48758440905551126,1,FAKE
fake_9178922dc432ae72,grp_d33597712057,test,FAKE,1,acestep,Electronic,3.4548917828842223,-0.48758440905551126,1,FAKE
fake_b21a03e6a216d6f7,grp_d33597712057,test,FAKE,1,stableaudio,Electronic,1.0767867747489732,-0.48758440905551126,1,FAKE
fake_d8dca6898b2db30b,grp_d33597712057,test,FAKE,1,audioldm,Electronic,4.135322696743617,-0.48758440905551126,1,FAKE
fake_f675bbe9f8cb2638,grp_d33597712057,test,FAKE,1,musicgen,Electronic,1.7914980624540537,-0.48758440905551126,1,FAKE
real_141875,grp_d6c0cde68da7,test,REAL,0,human,Electronic,-3.588322313085893,-0.48758440905551126,0,REAL
fake_008f5fb5978acae6,grp_d6c0cde68da7,test,FAKE,1,diffrhythm,Electronic,1.0758220248565542,-0.48758440905551126,1,FAKE
fake_227a4544d8066d14,grp_d6c0cde68da7,test,FAKE,1,songgen,Electronic,4.136798482650903,-0.48758440905551126,1,FAKE
fake_3462cc205baeca93,grp_d6c0cde68da7,test,FAKE,1,suno,Electronic,3.4597354523194825,-0.48758440905551126,1,FAKE
fake_449d5e733430fd1b,grp_d6c0cde68da7,test,FAKE,1,elevenlabs,Electronic,-0.49207069767650236,-0.48758440905551126,0,REAL
fake_523f6d6041935298,grp_d6c0cde68da7,test,FAKE,1,udio,Electronic,3.4588169768440737,-0.48758440905551126,1,FAKE
fake_594e7c7e25546e33,grp_d6c0cde68da7,test,FAKE,1,stableaudio,Electronic,1.0767867747489732,-0.48758440905551126,1,FAKE
fake_7c4a6cff21fe5039,grp_d6c0cde68da7,test,FAKE,1,brev,Electronic,3.4596938010164617,-0.48758440905551126,1,FAKE
fake_7d9d9e948af9923d,grp_d6c0cde68da7,test,FAKE,1,musicgen,Electronic,1.7914980624540537,-0.48758440905551126,1,FAKE
fake_9073c3152540021b,grp_d6c0cde68da7,test,FAKE,1,elevenlabs,Electronic,-0.49207069767650236,-0.48758440905551126,0,REAL
fake_a22f518bfa0f2183,grp_d6c0cde68da7,test,FAKE,1,acestep,Electronic,3.458241677272473,-0.48758440905551126,1,FAKE
fake_b915642b3a083e7d,grp_d6c0cde68da7,test,FAKE,1,udio,Electronic,3.4588169768440737,-0.48758440905551126,1,FAKE
fake_c4306335aff72f67,grp_d6c0cde68da7,test,FAKE,1,brev,Electronic,3.459319122130352,-0.48758440905551126,1,FAKE
fake_caccbbccfc1b9fc4,grp_d6c0cde68da7,test,FAKE,1,suno,Electronic,3.45975023153391,-0.48758440905551126,1,FAKE
fake_cd0c7b0bdaf2aac1,grp_d6c0cde68da7,test,FAKE,1,producer,Electronic,1.0770529074384911,-0.48758440905551126,1,FAKE
fake_ce28af9b1f13ba9c,grp_d6c0cde68da7,test,FAKE,1,audioldm,Electronic,4.135322696743617,-0.48758440905551126,1,FAKE
fake_df9634b2520ec682,grp_d6c0cde68da7,test,FAKE,1,mubert,Electronic,1.0767307293310209,-0.48758440905551126,1,FAKE
real_114404,grp_d86bc2c60c90,test,REAL,0,human,Rock,-2.035760593701676,-0.48758440905551126,0,REAL
fake_15100ca79266c4f4,grp_d86bc2c60c90,test,FAKE,1,udio,Rock,3.459003400751188,-0.48758440905551126,1,FAKE
fake_1ff40695e305595b,grp_d86bc2c60c90,test,FAKE,1,suno,Rock,3.4594151155113684,-0.48758440905551126,1,FAKE
fake_21d924b53a99c631,grp_d86bc2c60c90,test,FAKE,1,stableaudio,Rock,1.0767867747489732,-0.48758440905551126,1,FAKE
fake_2432d7cd078b381d,grp_d86bc2c60c90,test,FAKE,1,acestep,Rock,3.4576363120048548,-0.48758440905551126,1,FAKE
fake_39993ea26d0d8f89,grp_d86bc2c60c90,test,FAKE,1,suno,Rock,3.4595867742273496,-0.48758440905551126,1,FAKE
fake_6435b7931912413d,grp_d86bc2c60c90,test,FAKE,1,diffrhythm,Rock,1.076171149792398,-0.48758440905551126,1,FAKE
fake_6a867f770c2ef536,grp_d86bc2c60c90,test,FAKE,1,songgen,Rock,4.136798482650903,-0.48758440905551126,1,FAKE
fake_6bf356c71c817c3a,grp_d86bc2c60c90,test,FAKE,1,producer,Rock,1.0765476732995478,-0.48758440905551126,1,FAKE
fake_6c48d97f19cdd17c,grp_d86bc2c60c90,test,FAKE,1,brev,Rock,3.459670266003958,-0.48758440905551126,1,FAKE
fake_954629a913e2dac5,grp_d86bc2c60c90,test,FAKE,1,mubert,Rock,1.0769818559153062,-0.48758440905551126,1,FAKE
fake_a3e4005796b1415f,grp_d86bc2c60c90,test,FAKE,1,elevenlabs,Rock,-0.48758440905551126,-0.48758440905551126,1,FAKE
fake_aad0488f088b3020,grp_d86bc2c60c90,test,FAKE,1,elevenlabs,Rock,-0.48758440905551126,-0.48758440905551126,1,FAKE
fake_acd9237a3f7d0b54,grp_d86bc2c60c90,test,FAKE,1,udio,Rock,3.459003400751188,-0.48758440905551126,1,FAKE
fake_b5e8632d9effefcb,grp_d86bc2c60c90,test,FAKE,1,stableaudio,Rock,1.0767867747489732,-0.48758440905551126,1,FAKE
fake_d426146f24f56511,grp_d86bc2c60c90,test,FAKE,1,audioldm,Rock,4.135322696743617,-0.48758440905551126,1,FAKE
fake_e030a04d40602d8f,grp_d86bc2c60c90,test,FAKE,1,brev,Rock,3.460073578479464,-0.48758440905551126,1,FAKE
fake_f8e2bb586f13908b,grp_d86bc2c60c90,test,FAKE,1,musicgen,Rock,1.7914980624540537,-0.48758440905551126,1,FAKE
real_145818,grp_d91b8e196d25,test,REAL,0,human,Electronic,-3.5876741030395394,-0.48758440905551126,0,REAL
fake_7050d4c93f30ad27,grp_d91b8e196d25,test,FAKE,1,audioldm,Electronic,4.135322696743617,-0.48758440905551126,1,FAKE
fake_899b221f390695c4,grp_d91b8e196d25,test,FAKE,1,songgen,Electronic,4.133092365963899,-0.48758440905551126,1,FAKE
fake_9b1a7f6e77256146,grp_d91b8e196d25,test,FAKE,1,acestep,Electronic,3.4568851954817514,-0.48758440905551126,1,FAKE
fake_c3de3a953d486259,grp_d91b8e196d25,test,FAKE,1,musicgen,Electronic,1.7914980624540537,-0.48758440905551126,1,FAKE
fake_d6e7d0fd87383e94,grp_d91b8e196d25,test,FAKE,1,diffrhythm,Electronic,1.0765384006694938,-0.48758440905551126,1,FAKE
real_094342,grp_eb39b1652380,test,REAL,0,human,Rock,-3.589244761026917,-0.48758440905551126,0,REAL
fake_01f37af3815293de,grp_eb39b1652380,test,FAKE,1,diffrhythm,Rock,1.0765913071688322,-0.48758440905551126,1,FAKE
fake_1864892be51b8b65,grp_eb39b1652380,test,FAKE,1,acestep,Rock,3.458433269742959,-0.48758440905551126,1,FAKE
fake_8f521059fa8d18f1,grp_eb39b1652380,test,FAKE,1,musicgen,Rock,1.7914980624540537,-0.48758440905551126,1,FAKE
fake_99478d2e9edc764e,grp_eb39b1652380,test,FAKE,1,audioldm,Rock,4.135322696743617,-0.48758440905551126,1,FAKE
fake_a14a35576f75607f,grp_eb39b1652380,test,FAKE,1,songgen,Rock,4.136413051325683,-0.48758440905551126,1,FAKE
real_113524,grp_efd937079e9d,test,REAL,0,human,Rock,-2.771075712557928,-0.48758440905551126,0,REAL
fake_1aedd2c9d02d3cb8,grp_efd937079e9d,test,FAKE,1,udio,Rock,3.459003400751188,-0.48758440905551126,1,FAKE
fake_1df7691631b5226a,grp_efd937079e9d,test,FAKE,1,elevenlabs,Rock,-0.48758440905551126,-0.48758440905551126,1,FAKE
fake_243e81c9f8fde657,grp_efd937079e9d,test,FAKE,1,diffrhythm,Rock,1.076241445339425,-0.48758440905551126,1,FAKE
fake_31a7150be5c8332e,grp_efd937079e9d,test,FAKE,1,elevenlabs,Rock,-0.4895062037899436,-0.48758440905551126,0,REAL
fake_52537da3d9613823,grp_efd937079e9d,test,FAKE,1,songgen,Rock,4.135194508940837,-0.48758440905551126,1,FAKE
fake_a26bdf51a8f14b4f,grp_efd937079e9d,test,FAKE,1,producer,Rock,1.0765874200622,-0.48758440905551126,1,FAKE
fake_adb69017e99c87bb,grp_efd937079e9d,test,FAKE,1,suno,Rock,3.4598161246480554,-0.48758440905551126,1,FAKE
fake_b4446cacfca546e3,grp_efd937079e9d,test,FAKE,1,udio,Rock,3.459003400751188,-0.48758440905551126,1,FAKE
fake_bb5b65ebee0336e9,grp_efd937079e9d,test,FAKE,1,audioldm,Rock,4.135322696743617,-0.48758440905551126,1,FAKE
fake_bc85db74199cb790,grp_efd937079e9d,test,FAKE,1,brev,Rock,3.459692491166212,-0.48758440905551126,1,FAKE
fake_bf57da37032351d1,grp_efd937079e9d,test,FAKE,1,musicgen,Rock,1.7914980624540537,-0.48758440905551126,1,FAKE
fake_c113e34f37c87dde,grp_efd937079e9d,test,FAKE,1,suno,Rock,3.4594489527746894,-0.48758440905551126,1,FAKE
fake_c8f4efa95ce82e6f,grp_efd937079e9d,test,FAKE,1,mubert,Rock,1.0769818559153062,-0.48758440905551126,1,FAKE
fake_eb73743a93337aa8,grp_efd937079e9d,test,FAKE,1,brev,Rock,3.4595963494128465,-0.48758440905551126,1,FAKE
real_098077,grp_f0321daae9f4,test,REAL,0,human,Rock,-3.590188448541964,-0.48758440905551126,0,REAL
fake_27f263f582a38939,grp_f0321daae9f4,test,FAKE,1,acestep,Rock,3.4566759261507847,-0.48758440905551126,1,FAKE
fake_9ba52be74f13d3ce,grp_f0321daae9f4,test,FAKE,1,audioldm,Rock,4.135322696743617,-0.48758440905551126,1,FAKE
fake_e04b96b4f8fe731e,grp_f0321daae9f4,test,FAKE,1,stableaudio,Rock,1.0767867747489732,-0.48758440905551126,1,FAKE
real_152326,grp_f1b9bd89dd00,test,REAL,0,human,Electronic,-3.589046868364685,-0.48758440905551126,0,REAL
fake_48a463243325775b,grp_f1b9bd89dd00,test,FAKE,1,acestep,Electronic,3.458701193710235,-0.48758440905551126,1,FAKE
fake_4a014c22c0f46180,grp_f1b9bd89dd00,test,FAKE,1,diffrhythm,Electronic,1.0762894206248368,-0.48758440905551126,1,FAKE
fake_8edbeb55590d8644,grp_f1b9bd89dd00,test,FAKE,1,songgen,Electronic,4.1333707198352,-0.48758440905551126,1,FAKE
fake_90373dc2a92e22e8,grp_f1b9bd89dd00,test,FAKE,1,musicgen,Electronic,1.7914980624540537,-0.48758440905551126,1,FAKE
fake_c00593529762b367,grp_f1b9bd89dd00,test,FAKE,1,audioldm,Electronic,4.135322696743617,-0.48758440905551126,1,FAKE
real_113018,grp_f79b3a6c0bc6,test,REAL,0,human,Pop,-0.5547981655466598,-0.48758440905551126,0,REAL
fake_1e8cb8be9a706c11,grp_f79b3a6c0bc6,test,FAKE,1,suno,Pop,3.4594496332060083,-0.48758440905551126,1,FAKE
fake_4dcfbf10ba84c041,grp_f79b3a6c0bc6,test,FAKE,1,producer,Pop,1.0769451448005793,-0.48758440905551126,1,FAKE
fake_51f0c4c119406a7f,grp_f79b3a6c0bc6,test,FAKE,1,diffrhythm,Pop,1.075810874088464,-0.48758440905551126,1,FAKE
fake_620827073aa57fbb,grp_f79b3a6c0bc6,test,FAKE,1,suno,Pop,3.4594326469816234,-0.48758440905551126,1,FAKE
fake_644f3767b93eec39,grp_f79b3a6c0bc6,test,FAKE,1,stableaudio,Pop,1.0767867747489732,-0.48758440905551126,1,FAKE
fake_69c0aa6e01bc3ccd,grp_f79b3a6c0bc6,test,FAKE,1,diffrhythm,Pop,1.076291445643236,-0.48758440905551126,1,FAKE
fake_6fb4dd2903ee9261,grp_f79b3a6c0bc6,test,FAKE,1,acestep,Pop,3.4565235175093787,-0.48758440905551126,1,FAKE
fake_829076585335f45d,grp_f79b3a6c0bc6,test,FAKE,1,elevenlabs,Pop,-0.49207069767650236,-0.48758440905551126,0,REAL
fake_98ef9ed8170ab59f,grp_f79b3a6c0bc6,test,FAKE,1,elevenlabs,Pop,-0.49207069767650236,-0.48758440905551126,0,REAL
fake_c978d930da177feb,grp_f79b3a6c0bc6,test,FAKE,1,songgen,Pop,4.136798482650903,-0.48758440905551126,1,FAKE
fake_caa09f565f7a0d90,grp_f79b3a6c0bc6,test,FAKE,1,musicgen,Pop,1.7914980624540537,-0.48758440905551126,1,FAKE
fake_d13250d075ebc8ca,grp_f79b3a6c0bc6,test,FAKE,1,brev,Pop,3.4596154039771347,-0.48758440905551126,1,FAKE
fake_d627675b4236757e,grp_f79b3a6c0bc6,test,FAKE,1,brev,Pop,3.4595893131057376,-0.48758440905551126,1,FAKE
fake_e04c103672e77cc5,grp_f79b3a6c0bc6,test,FAKE,1,udio,Pop,3.459003400751188,-0.48758440905551126,1,FAKE
fake_e331892cbbd50dee,grp_f79b3a6c0bc6,test,FAKE,1,mubert,Pop,1.0769818559153062,-0.48758440905551126,1,FAKE
fake_f89ad53641a251f7,grp_f79b3a6c0bc6,test,FAKE,1,audioldm,Pop,4.135322696743617,-0.48758440905551126,1,FAKE
fake_ff5fc7f4d523239b,grp_f79b3a6c0bc6,test,FAKE,1,udio,Pop,3.459003400751188,-0.48758440905551126,1,FAKE
real_004389,grp_ffdef0c83d9e,test,REAL,0,human,Rock,-2.0331032226219934,-0.48758440905551126,0,REAL
fake_52800c201a08f85e,grp_ffdef0c83d9e,test,FAKE,1,audioldm,Rock,4.135322696743617,-0.48758440905551126,1,FAKE
fake_6ce17cb5e083a324,grp_ffdef0c83d9e,test,FAKE,1,diffrhythm,Rock,1.0761516449282493,-0.48758440905551126,1,FAKE
fake_b9b5eaa9b2bffeeb,grp_ffdef0c83d9e,test,FAKE,1,musicgen,Rock,1.7914980624540537,-0.48758440905551126,1,FAKE
fake_d04a5a8bbcfcec91,grp_ffdef0c83d9e,test,FAKE,1,songgen,Rock,4.136798482650903,-0.48758440905551126,1,FAKE
fake_e0cb54caff1e6e8f,grp_ffdef0c83d9e,test,FAKE,1,acestep,Rock,3.4558554813775038,-0.48758440905551126,1,FAKE
