track_sample_id,label,source_path,condition,bitrate,compressed_path,ok,status,size_bytes
sample_00003,REAL,data/raw/FMA/selected_30s/114/114244.mp3,mp3_128,128k,data/processed/mp3_robustness/mp3_128/sample_00003.mp3,True,already_exists,481373
sample_00003,REAL,data/raw/FMA/selected_30s/114/114244.mp3,mp3_64,64k,data/processed/mp3_robustness/mp3_64/sample_00003.mp3,True,already_exists,241046
sample_00004,REAL,data/raw/FMA/selected_30s/112/112378.mp3,mp3_128,128k,data/processed/mp3_robustness/mp3_128/sample_00004.mp3,True,encoded,481212
sample_00004,REAL,data/raw/FMA/selected_30s/112/112378.mp3,mp3_64,64k,data/processed/mp3_robustness/mp3_64/sample_00004.mp3,True,encoded,240885
sample_00005,REAL,data/raw/FMA/selected_30s/066/066445.mp3,mp3_128,128k,data/processed/mp3_robustness/mp3_128/sample_00005.mp3,True,encoded,482750
sample_00005,REAL,data/raw/FMA/selected_30s/066/066445.mp3,mp3_64,64k,data/processed/mp3_robustness/mp3_64/sample_00005.mp3,True,encoded,242214
sample_00021,REAL,data/raw/FMA/selected_30s/118/118048.mp3,mp3_128,128k,data/processed/mp3_robustness/mp3_128/sample_00021.mp3,True,encoded,481397
sample_00021,REAL,data/raw/FMA/selected_30s/118/118048.mp3,mp3_64,64k,data/processed/mp3_robustness/mp3_64/sample_00021.mp3,True,encoded,241070
sample_00028,REAL,data/raw/FMA/selected_30s/001/001881.mp3,mp3_128,128k,data/processed/mp3_robustness/mp3_128/sample_00028.mp3,True,encoded,481083
sample_00028,REAL,data/raw/FMA/selected_30s/001/001881.mp3,mp3_64,64k,data/processed/mp3_robustness/mp3_64/sample_00028.mp3,True,encoded,240756
sample_00045,REAL,data/raw/FMA/selected_30s/123/123920.mp3,mp3_128,128k,data/processed/mp3_robustness/mp3_128/sample_00045.mp3,True,encoded,481355
sample_00045,REAL,data/raw/FMA/selected_30s/123/123920.mp3,mp3_64,64k,data/processed/mp3_robustness/mp3_64/sample_00045.mp3,True,encoded,241028
sample_00049,REAL,data/raw/FMA/selected_30s/013/013197.mp3,mp3_128,128k,data/processed/mp3_robustness/mp3_128/sample_00049.mp3,True,encoded,481733
sample_00049,REAL,data/raw/FMA/selected_30s/013/013197.mp3,mp3_64,64k,data/processed/mp3_robustness/mp3_64/sample_00049.mp3,True,encoded,241197
sample_00056,REAL,data/raw/FMA/selected_30s/113/113021.mp3,mp3_128,128k,data/processed/mp3_robustness/mp3_128/sample_00056.mp3,True,encoded,481655
sample_00056,REAL,data/raw/FMA/selected_30s/113/113021.mp3,mp3_64,64k,data/processed/mp3_robustness/mp3_64/sample_00056.mp3,True,encoded,241119
sample_00061,REAL,data/raw/FMA/selected_30s/154/154926.mp3,mp3_128,128k,data/processed/mp3_robustness/mp3_128/sample_00061.mp3,True,encoded,481577
sample_00061,REAL,data/raw/FMA/selected_30s/154/154926.mp3,mp3_64,64k,data/processed/mp3_robustness/mp3_64/sample_00061.mp3,True,encoded,241041
sample_00079,REAL,data/raw/FMA/selected_30s/106/106336.mp3,mp3_128,128k,data/processed/mp3_robustness/mp3_128/sample_00079.mp3,True,encoded,481692
sample_00079,REAL,data/raw/FMA/selected_30s/106/106336.mp3,mp3_64,64k,data/processed/mp3_robustness/mp3_64/sample_00079.mp3,True,encoded,241156
sample_00087,REAL,data/raw/FMA/selected_30s/135/135209.mp3,mp3_128,128k,data/processed/mp3_robustness/mp3_128/sample_00087.mp3,True,encoded,481801
sample_00087,REAL,data/raw/FMA/selected_30s/135/135209.mp3,mp3_64,64k,data/processed/mp3_robustness/mp3_64/sample_00087.mp3,True,encoded,241265
sample_00089,REAL,data/raw/FMA/selected_30s/127/127295.mp3,mp3_128,128k,data/processed/mp3_robustness/mp3_128/sample_00089.mp3,True,encoded,482355
sample_00089,REAL,data/raw/FMA/selected_30s/127/127295.mp3,mp3_64,64k,data/processed/mp3_robustness/mp3_64/sample_00089.mp3,True,encoded,241819
sample_00090,REAL,data/raw/FMA/selected_30s/141/141892.mp3,mp3_128,128k,data/processed/mp3_robustness/mp3_128/sample_00090.mp3,True,encoded,481237
sample_00090,REAL,data/raw/FMA/selected_30s/141/141892.mp3,mp3_64,64k,data/processed/mp3_robustness/mp3_64/sample_00090.mp3,True,encoded,240910
sample_00115,REAL,data/raw/FMA/selected_30s/122/122680.mp3,mp3_128,128k,data/processed/mp3_robustness/mp3_128/sample_00115.mp3,True,encoded,481172
sample_00115,REAL,data/raw/FMA/selected_30s/122/122680.mp3,mp3_64,64k,data/processed/mp3_robustness/mp3_64/sample_00115.mp3,True,encoded,240845
sample_00116,REAL,data/raw/FMA/selected_30s/042/042787.mp3,mp3_128,128k,data/processed/mp3_robustness/mp3_128/sample_00116.mp3,True,encoded,481206
sample_00116,REAL,data/raw/FMA/selected_30s/042/042787.mp3,mp3_64,64k,data/processed/mp3_robustness/mp3_64/sample_00116.mp3,True,encoded,240879
sample_00121,REAL,data/raw/FMA/selected_30s/003/003971.mp3,mp3_128,128k,data/processed/mp3_robustness/mp3_128/sample_00121.mp3,True,encoded,480906
sample_00121,REAL,data/raw/FMA/selected_30s/003/003971.mp3,mp3_64,64k,data/processed/mp3_robustness/mp3_64/sample_00121.mp3,True,encoded,240579
sample_00122,REAL,data/raw/FMA/selected_30s/136/136017.mp3,mp3_128,128k,data/processed/mp3_robustness/mp3_128/sample_00122.mp3,True,encoded,481694
sample_00122,REAL,data/raw/FMA/selected_30s/136/136017.mp3,mp3_64,64k,data/processed/mp3_robustness/mp3_64/sample_00122.mp3,True,encoded,241158
sample_00123,REAL,data/raw/FMA/selected_30s/058/058483.mp3,mp3_128,128k,data/processed/mp3_robustness/mp3_128/sample_00123.mp3,True,encoded,481698
sample_00123,REAL,data/raw/FMA/selected_30s/058/058483.mp3,mp3_64,64k,data/processed/mp3_robustness/mp3_64/sample_00123.mp3,True,encoded,241162
sample_00132,REAL,data/raw/FMA/selected_30s/147/147377.mp3,mp3_128,128k,data/processed/mp3_robustness/mp3_128/sample_00132.mp3,True,encoded,482222
sample_00132,REAL,data/raw/FMA/selected_30s/147/147377.mp3,mp3_64,64k,data/processed/mp3_robustness/mp3_64/sample_00132.mp3,True,encoded,241895
sample_00139,REAL,data/raw/FMA/selected_30s/036/036707.mp3,mp3_128,128k,data/processed/mp3_robustness/mp3_128/sample_00139.mp3,True,encoded,481910
sample_00139,REAL,data/raw/FMA/selected_30s/036/036707.mp3,mp3_64,64k,data/processed/mp3_robustness/mp3_64/sample_00139.mp3,True,encoded,241165
sample_00144,REAL,data/raw/FMA/selected_30s/091/091162.mp3,mp3_128,128k,data/processed/mp3_robustness/mp3_128/sample_00144.mp3,True,encoded,481102
sample_00144,REAL,data/raw/FMA/selected_30s/091/091162.mp3,mp3_64,64k,data/processed/mp3_robustness/mp3_64/sample_00144.mp3,True,encoded,240775
sample_00146,REAL,data/raw/FMA/selected_30s/022/022476.mp3,mp3_128,128k,data/processed/mp3_robustness/mp3_128/sample_00146.mp3,True,encoded,481220
sample_00146,REAL,data/raw/FMA/selected_30s/022/022476.mp3,mp3_64,64k,data/processed/mp3_robustness/mp3_64/sample_00146.mp3,True,encoded,240893
sample_00154,REAL,data/raw/FMA/selected_30s/042/042377.mp3,mp3_128,128k,data/processed/mp3_robustness/mp3_128/sample_00154.mp3,True,encoded,481265
sample_00154,REAL,data/raw/FMA/selected_30s/042/042377.mp3,mp3_64,64k,data/processed/mp3_robustness/mp3_64/sample_00154.mp3,True,encoded,240938
sample_00171,REAL,data/raw/FMA/selected_30s/024/024919.mp3,mp3_128,128k,data/processed/mp3_robustness/mp3_128/sample_00171.mp3,True,encoded,481489
sample_00171,REAL,data/raw/FMA/selected_30s/024/024919.mp3,mp3_64,64k,data/processed/mp3_robustness/mp3_64/sample_00171.mp3,True,encoded,240953
sample_00174,REAL,data/raw/FMA/selected_30s/006/006796.mp3,mp3_128,128k,data/processed/mp3_robustness/mp3_128/sample_00174.mp3,True,encoded,481334
sample_00174,REAL,data/raw/FMA/selected_30s/006/006796.mp3,mp3_64,64k,data/processed/mp3_robustness/mp3_64/sample_00174.mp3,True,encoded,241007
sample_00176,REAL,data/raw/FMA/selected_30s/121/121253.mp3,mp3_128,128k,data/processed/mp3_robustness/mp3_128/sample_00176.mp3,True,encoded,481455
sample_00176,REAL,data/raw/FMA/selected_30s/121/121253.mp3,mp3_64,64k,data/processed/mp3_robustness/mp3_64/sample_00176.mp3,True,encoded,241128
sample_00178,REAL,data/raw/FMA/selected_30s/121/121726.mp3,mp3_128,128k,data/processed/mp3_robustness/mp3_128/sample_00178.mp3,True,encoded,481234
sample_00178,REAL,data/raw/FMA/selected_30s/121/121726.mp3,mp3_64,64k,data/processed/mp3_robustness/mp3_64/sample_00178.mp3,True,encoded,240907
sample_00180,REAL,data/raw/FMA/selected_30s/132/132443.mp3,mp3_128,128k,data/processed/mp3_robustness/mp3_128/sample_00180.mp3,True,encoded,481630
sample_00180,REAL,data/raw/FMA/selected_30s/132/132443.mp3,mp3_64,64k,data/processed/mp3_robustness/mp3_64/sample_00180.mp3,True,encoded,241094
sample_00195,REAL,data/raw/FMA/selected_30s/140/140925.mp3,mp3_128,128k,data/processed/mp3_robustness/mp3_128/sample_00195.mp3,True,encoded,481695
sample_00195,REAL,data/raw/FMA/selected_30s/140/140925.mp3,mp3_64,64k,data/processed/mp3_robustness/mp3_64/sample_00195.mp3,True,encoded,241159
sample_00196,REAL,data/raw/FMA/selected_30s/148/148889.mp3,mp3_128,128k,data/processed/mp3_robustness/mp3_128/sample_00196.mp3,True,encoded,481752
sample_00196,REAL,data/raw/FMA/selected_30s/148/148889.mp3,mp3_64,64k,data/processed/mp3_robustness/mp3_64/sample_00196.mp3,True,encoded,241216
sample_00198,REAL,data/raw/FMA/selected_30s/006/006793.mp3,mp3_128,128k,data/processed/mp3_robustness/mp3_128/sample_00198.mp3,True,encoded,481361
sample_00198,REAL,data/raw/FMA/selected_30s/006/006793.mp3,mp3_64,64k,data/processed/mp3_robustness/mp3_64/sample_00198.mp3,True,encoded,241034
sample_00206,REAL,data/raw/FMA/selected_30s/022/022478.mp3,mp3_128,128k,data/processed/mp3_robustness/mp3_128/sample_00206.mp3,True,encoded,481607
sample_00206,REAL,data/raw/FMA/selected_30s/022/022478.mp3,mp3_64,64k,data/processed/mp3_robustness/mp3_64/sample_00206.mp3,True,encoded,241071
sample_00207,REAL,data/raw/FMA/selected_30s/129/129969.mp3,mp3_128,128k,data/processed/mp3_robustness/mp3_128/sample_00207.mp3,True,encoded,481576
sample_00207,REAL,data/raw/FMA/selected_30s/129/129969.mp3,mp3_64,64k,data/processed/mp3_robustness/mp3_64/sample_00207.mp3,True,encoded,241040
sample_00216,REAL,data/raw/FMA/selected_30s/147/147951.mp3,mp3_128,128k,data/processed/mp3_robustness/mp3_128/sample_00216.mp3,True,encoded,481599
sample_00216,REAL,data/raw/FMA/selected_30s/147/147951.mp3,mp3_64,64k,data/processed/mp3_robustness/mp3_64/sample_00216.mp3,True,encoded,241063
sample_00217,REAL,data/raw/FMA/selected_30s/132/132439.mp3,mp3_128,128k,data/processed/mp3_robustness/mp3_128/sample_00217.mp3,True,encoded,481707
sample_00217,REAL,data/raw/FMA/selected_30s/132/132439.mp3,mp3_64,64k,data/processed/mp3_robustness/mp3_64/sample_00217.mp3,True,encoded,241171
sample_00223,REAL,data/raw/FMA/selected_30s/102/102190.mp3,mp3_128,128k,data/processed/mp3_robustness/mp3_128/sample_00223.mp3,True,encoded,481377
sample_00223,REAL,data/raw/FMA/selected_30s/102/102190.mp3,mp3_64,64k,data/processed/mp3_robustness/mp3_64/sample_00223.mp3,True,encoded,241050
sample_00224,REAL,data/raw/FMA/selected_30s/033/033625.mp3,mp3_128,128k,data/processed/mp3_robustness/mp3_128/sample_00224.mp3,True,encoded,481779
sample_00224,REAL,data/raw/FMA/selected_30s/033/033625.mp3,mp3_64,64k,data/processed/mp3_robustness/mp3_64/sample_00224.mp3,True,encoded,241243
sample_00236,REAL,data/raw/FMA/selected_30s/127/127297.mp3,mp3_128,128k,data/processed/mp3_robustness/mp3_128/sample_00236.mp3,True,encoded,483241
sample_00236,REAL,data/raw/FMA/selected_30s/127/127297.mp3,mp3_64,64k,data/processed/mp3_robustness/mp3_64/sample_00236.mp3,True,encoded,242914
sample_00241,REAL,data/raw/FMA/selected_30s/141/141617.mp3,mp3_128,128k,data/processed/mp3_robustness/mp3_128/sample_00241.mp3,True,encoded,481814
sample_00241,REAL,data/raw/FMA/selected_30s/141/141617.mp3,mp3_64,64k,data/processed/mp3_robustness/mp3_64/sample_00241.mp3,True,encoded,241278
sample_00252,REAL,data/raw/FMA/selected_30s/113/113018.mp3,mp3_128,128k,data/processed/mp3_robustness/mp3_128/sample_00252.mp3,True,encoded,481667
sample_00252,REAL,data/raw/FMA/selected_30s/113/113018.mp3,mp3_64,64k,data/processed/mp3_robustness/mp3_64/sample_00252.mp3,True,encoded,241131
sample_00253,REAL,data/raw/FMA/selected_30s/143/143059.mp3,mp3_128,128k,data/processed/mp3_robustness/mp3_128/sample_00253.mp3,True,encoded,481313
sample_00253,REAL,data/raw/FMA/selected_30s/143/143059.mp3,mp3_64,64k,data/processed/mp3_robustness/mp3_64/sample_00253.mp3,True,encoded,240986
sample_00257,REAL,data/raw/FMA/selected_30s/140/140149.mp3,mp3_128,128k,data/processed/mp3_robustness/mp3_128/sample_00257.mp3,True,encoded,481638
sample_00257,REAL,data/raw/FMA/selected_30s/140/140149.mp3,mp3_64,64k,data/processed/mp3_robustness/mp3_64/sample_00257.mp3,True,encoded,241102
sample_00270,REAL,data/raw/FMA/selected_30s/004/004384.mp3,mp3_128,128k,data/processed/mp3_robustness/mp3_128/sample_00270.mp3,True,encoded,481322
sample_00270,REAL,data/raw/FMA/selected_30s/004/004384.mp3,mp3_64,64k,data/processed/mp3_robustness/mp3_64/sample_00270.mp3,True,encoded,240786
sample_00271,REAL,data/raw/FMA/selected_30s/003/003936.mp3,mp3_128,128k,data/processed/mp3_robustness/mp3_128/sample_00271.mp3,True,encoded,481024
sample_00271,REAL,data/raw/FMA/selected_30s/003/003936.mp3,mp3_64,64k,data/processed/mp3_robustness/mp3_64/sample_00271.mp3,True,encoded,240697
sample_00279,REAL,data/raw/FMA/selected_30s/130/130137.mp3,mp3_128,128k,data/processed/mp3_robustness/mp3_128/sample_00279.mp3,True,encoded,481280
sample_00279,REAL,data/raw/FMA/selected_30s/130/130137.mp3,mp3_64,64k,data/processed/mp3_robustness/mp3_64/sample_00279.mp3,True,encoded,240953
sample_00298,FAKE,data/raw/Echoes/Echoes/TTA/acestep/2Much_Andy_Spinelli_Alex_Sánchez_House_Edit_Tentacles_acestep_TTA_001.mp3,mp3_128,128k,data/processed/mp3_robustness/mp3_128/sample_00298.mp3,True,already_exists,1292589
sample_00298,FAKE,data/raw/Echoes/Echoes/TTA/acestep/2Much_Andy_Spinelli_Alex_Sánchez_House_Edit_Tentacles_acestep_TTA_001.mp3,mp3_64,64k,data/processed/mp3_robustness/mp3_64/sample_00298.mp3,True,already_exists,646317
sample_00300,FAKE,data/raw/Echoes/Echoes/TTA/acestep/3_am_West_End_statusq_acestep_TTA_001.mp3,mp3_128,128k,data/processed/mp3_robustness/mp3_128/sample_00300.mp3,True,encoded,1295277
sample_00300,FAKE,data/raw/Echoes/Echoes/TTA/acestep/3_am_West_End_statusq_acestep_TTA_001.mp3,mp3_64,64k,data/processed/mp3_robustness/mp3_64/sample_00300.mp3,True,encoded,647661
sample_00302,FAKE,data/raw/Echoes/Echoes/TTA/acestep/5_Lexington_Isle_of_Pine_acestep_TTA_001.mp3,mp3_128,128k,data/processed/mp3_robustness/mp3_128/sample_00302.mp3,True,encoded,789933
sample_00302,FAKE,data/raw/Echoes/Echoes/TTA/acestep/5_Lexington_Isle_of_Pine_acestep_TTA_001.mp3,mp3_64,64k,data/processed/mp3_robustness/mp3_64/sample_00302.mp3,True,encoded,394989
sample_00314,FAKE,data/raw/Echoes/Echoes/TTA/acestep/Attention_Pete_Prodoehl_acestep_TTA_001.mp3,mp3_128,128k,data/processed/mp3_robustness/mp3_128/sample_00314.mp3,True,encoded,1433517
sample_00314,FAKE,data/raw/Echoes/Echoes/TTA/acestep/Attention_Pete_Prodoehl_acestep_TTA_001.mp3,mp3_64,64k,data/processed/mp3_robustness/mp3_64/sample_00314.mp3,True,encoded,716781
sample_00324,FAKE,data/raw/Echoes/Echoes/TTA/acestep/Bizzy_The_Tleilaxu_Music_Machine_acestep_TTA_001.mp3,mp3_128,128k,data/processed/mp3_robustness/mp3_128/sample_00324.mp3,True,encoded,481197
sample_00324,FAKE,data/raw/Echoes/Echoes/TTA/acestep/Bizzy_The_Tleilaxu_Music_Machine_acestep_TTA_001.mp3,mp3_64,64k,data/processed/mp3_robustness/mp3_64/sample_00324.mp3,True,encoded,240621
sample_00340,FAKE,data/raw/Echoes/Echoes/TTA/acestep/Dance_Harder_Three_Chain_Links_acestep_TTA_001.mp3,mp3_128,128k,data/processed/mp3_robustness/mp3_128/sample_00340.mp3,True,encoded,784173
sample_00340,FAKE,data/raw/Echoes/Echoes/TTA/acestep/Dance_Harder_Three_Chain_Links_acestep_TTA_001.mp3,mp3_64,64k,data/processed/mp3_robustness/mp3_64/sample_00340.mp3,True,encoded,392109
sample_00345,FAKE,data/raw/Echoes/Echoes/TTA/acestep/Different_Day_First_acestep_TTA_001.mp3,mp3_128,128k,data/processed/mp3_robustness/mp3_128/sample_00345.mp3,True,encoded,883629
sample_00345,FAKE,data/raw/Echoes/Echoes/TTA/acestep/Different_Day_First_acestep_TTA_001.mp3,mp3_64,64k,data/processed/mp3_robustness/mp3_64/sample_00345.mp3,True,encoded,441837
sample_00353,FAKE,data/raw/Echoes/Echoes/TTA/acestep/El_Burrito_Malaventura_acestep_TTA_001.mp3,mp3_128,128k,data/processed/mp3_robustness/mp3_128/sample_00353.mp3,True,encoded,961197
sample_00353,FAKE,data/raw/Echoes/Echoes/TTA/acestep/El_Burrito_Malaventura_acestep_TTA_001.mp3,mp3_64,64k,data/processed/mp3_robustness/mp3_64/sample_00353.mp3,True,encoded,480621
sample_00358,FAKE,data/raw/Echoes/Echoes/TTA/acestep/End_titles_Itsensäsyöjät_acestep_TTA_001.mp3,mp3_128,128k,data/processed/mp3_robustness/mp3_128/sample_00358.mp3,True,encoded,482349
sample_00358,FAKE,data/raw/Echoes/Echoes/TTA/acestep/End_titles_Itsensäsyöjät_acestep_TTA_001.mp3,mp3_64,64k,data/processed/mp3_robustness/mp3_64/sample_00358.mp3,True,encoded,241197
sample_00375,FAKE,data/raw/Echoes/Echoes/TTA/acestep/Fuckaboing_RoccoW_acestep_TTA_001.mp3,mp3_128,128k,data/processed/mp3_robustness/mp3_128/sample_00375.mp3,True,encoded,908973
sample_00375,FAKE,data/raw/Echoes/Echoes/TTA/acestep/Fuckaboing_RoccoW_acestep_TTA_001.mp3,mp3_64,64k,data/processed/mp3_robustness/mp3_64/sample_00375.mp3,True,encoded,454509
sample_00384,FAKE,data/raw/Echoes/Echoes/TTA/acestep/Head_of_Ancante_Talking_Tree_Akchamel_The_Giver_of_Illness_acestep_TTA_001.mp3,mp3_128,128k,data/processed/mp3_robustness/mp3_128/sample_00384.mp3,True,encoded,1134765
sample_00384,FAKE,data/raw/Echoes/Echoes/TTA/acestep/Head_of_Ancante_Talking_Tree_Akchamel_The_Giver_of_Illness_acestep_TTA_001.mp3,mp3_64,64k,data/processed/mp3_robustness/mp3_64/sample_00384.mp3,True,encoded,567405
sample_00386,FAKE,data/raw/Echoes/Echoes/TTA/acestep/Hungry_Oh_Yeah_the_Future_acestep_TTA_001.mp3,mp3_128,128k,data/processed/mp3_robustness/mp3_128/sample_00386.mp3,True,encoded,555309
sample_00386,FAKE,data/raw/Echoes/Echoes/TTA/acestep/Hungry_Oh_Yeah_the_Future_acestep_TTA_001.mp3,mp3_64,64k,data/processed/mp3_robustness/mp3_64/sample_00386.mp3,True,encoded,277677
sample_00398,FAKE,data/raw/Echoes/Echoes/TTA/acestep/I_Inflammator_acestep_TTA_001.mp3,mp3_128,128k,data/processed/mp3_robustness/mp3_128/sample_00398.mp3,True,encoded,1338285
sample_00398,FAKE,data/raw/Echoes/Echoes/TTA/acestep/I_Inflammator_acestep_TTA_001.mp3,mp3_64,64k,data/processed/mp3_robustness/mp3_64/sample_00398.mp3,True,encoded,669165
sample_00418,FAKE,data/raw/Echoes/Echoes/TTA/acestep/Leaving_Here_Mod_Fun_acestep_TTA_001.mp3,mp3_128,128k,data/processed/mp3_robustness/mp3_128/sample_00418.mp3,True,encoded,865965
sample_00418,FAKE,data/raw/Echoes/Echoes/TTA/acestep/Leaving_Here_Mod_Fun_acestep_TTA_001.mp3,mp3_64,64k,data/processed/mp3_robustness/mp3_64/sample_00418.mp3,True,encoded,433005
sample_00419,FAKE,data/raw/Echoes/Echoes/TTA/acestep/Lets_Start_Out_Slow_RoccoW_acestep_TTA_001.mp3,mp3_128,128k,data/processed/mp3_robustness/mp3_128/sample_00419.mp3,True,encoded,1549485
sample_00419,FAKE,data/raw/Echoes/Echoes/TTA/acestep/Lets_Start_Out_Slow_RoccoW_acestep_TTA_001.mp3,mp3_64,64k,data/processed/mp3_robustness/mp3_64/sample_00419.mp3,True,encoded,774765
sample_00421,FAKE,data/raw/Echoes/Echoes/TTA/acestep/Let_Youre_Body_Move_D_SMILEZ_acestep_TTA_001.mp3,mp3_128,128k,data/processed/mp3_robustness/mp3_128/sample_00421.mp3,True,encoded,821421
sample_00421,FAKE,data/raw/Echoes/Echoes/TTA/acestep/Let_Youre_Body_Move_D_SMILEZ_acestep_TTA_001.mp3,mp3_64,64k,data/processed/mp3_robustness/mp3_64/sample_00421.mp3,True,encoded,410733
sample_00426,FAKE,data/raw/Echoes/Echoes/TTA/acestep/LIQUID_SKULLS_voyageurs_acestep_TTA_001.mp3,mp3_128,128k,data/processed/mp3_robustness/mp3_128/sample_00426.mp3,True,encoded,769197
sample_00426,FAKE,data/raw/Echoes/Echoes/TTA/acestep/LIQUID_SKULLS_voyageurs_acestep_TTA_001.mp3,mp3_64,64k,data/processed/mp3_robustness/mp3_64/sample_00426.mp3,True,encoded,384621
sample_00432,FAKE,data/raw/Echoes/Echoes/TTA/acestep/Love_Dream_The_Zombie_Dandies_acestep_TTA_001.mp3,mp3_128,128k,data/processed/mp3_robustness/mp3_128/sample_00432.mp3,True,encoded,708525
sample_00432,FAKE,data/raw/Echoes/Echoes/TTA/acestep/Love_Dream_The_Zombie_Dandies_acestep_TTA_001.mp3,mp3_64,64k,data/processed/mp3_robustness/mp3_64/sample_00432.mp3,True,encoded,354285
sample_00433,FAKE,data/raw/Echoes/Echoes/TTA/acestep/Larbre_Salmo_acestep_TTA_001.mp3,mp3_128,128k,data/processed/mp3_robustness/mp3_128/sample_00433.mp3,True,encoded,1108269
sample_00433,FAKE,data/raw/Echoes/Echoes/TTA/acestep/Larbre_Salmo_acestep_TTA_001.mp3,mp3_64,64k,data/processed/mp3_robustness/mp3_64/sample_00433.mp3,True,encoded,554157
sample_00439,FAKE,data/raw/Echoes/Echoes/TTA/acestep/Moja_Krypta_AmortE_acestep_TTA_001.mp3,mp3_128,128k,data/processed/mp3_robustness/mp3_128/sample_00439.mp3,True,encoded,1484205
sample_00439,FAKE,data/raw/Echoes/Echoes/TTA/acestep/Moja_Krypta_AmortE_acestep_TTA_001.mp3,mp3_64,64k,data/processed/mp3_robustness/mp3_64/sample_00439.mp3,True,encoded,742125
sample_00444,FAKE,data/raw/Echoes/Echoes/TTA/acestep/Motocross_Mania_Monroeville_Music_Center_acestep_TTA_001.mp3,mp3_128,128k,data/processed/mp3_robustness/mp3_128/sample_00444.mp3,True,encoded,1082925
sample_00444,FAKE,data/raw/Echoes/Echoes/TTA/acestep/Motocross_Mania_Monroeville_Music_Center_acestep_TTA_001.mp3,mp3_64,64k,data/processed/mp3_robustness/mp3_64/sample_00444.mp3,True,encoded,541485
sample_00446,FAKE,data/raw/Echoes/Echoes/TTA/acestep/Music_For_an_Underground_Circu_Ergo_Phizmiz_acestep_TTA_001.mp3,mp3_128,128k,data/processed/mp3_robustness/mp3_128/sample_00446.mp3,True,encoded,1594029
sample_00446,FAKE,data/raw/Echoes/Echoes/TTA/acestep/Music_For_an_Underground_Circu_Ergo_Phizmiz_acestep_TTA_001.mp3,mp3_64,64k,data/processed/mp3_robustness/mp3_64/sample_00446.mp3,True,encoded,797037
sample_00455,FAKE,data/raw/Echoes/Echoes/TTA/acestep/Night_Owl_Broke_For_Free_acestep_TTA_001.mp3,mp3_128,128k,data/processed/mp3_robustness/mp3_128/sample_00455.mp3,True,encoded,1525677
sample_00455,FAKE,data/raw/Echoes/Echoes/TTA/acestep/Night_Owl_Broke_For_Free_acestep_TTA_001.mp3,mp3_64,64k,data/processed/mp3_robustness/mp3_64/sample_00455.mp3,True,encoded,762861
sample_00473,FAKE,data/raw/Echoes/Echoes/TTA/acestep/Pista_Afuera_Epstein_acestep_TTA_001.mp3,mp3_128,128k,data/processed/mp3_robustness/mp3_128/sample_00473.mp3,True,encoded,1059117
sample_00473,FAKE,data/raw/Echoes/Echoes/TTA/acestep/Pista_Afuera_Epstein_acestep_TTA_001.mp3,mp3_64,64k,data/processed/mp3_robustness/mp3_64/sample_00473.mp3,True,encoded,529581
sample_00476,FAKE,data/raw/Echoes/Echoes/TTA/acestep/Production_Bird_Names_acestep_TTA_001.mp3,mp3_128,128k,data/processed/mp3_robustness/mp3_128/sample_00476.mp3,True,encoded,1317549
sample_00476,FAKE,data/raw/Echoes/Echoes/TTA/acestep/Production_Bird_Names_acestep_TTA_001.mp3,mp3_64,64k,data/processed/mp3_robustness/mp3_64/sample_00476.mp3,True,encoded,658797
sample_00478,FAKE,data/raw/Echoes/Echoes/TTA/acestep/Puertas_de_Fuego_Guerra_de_Cerdos_acestep_TTA_001.mp3,mp3_128,128k,data/processed/mp3_robustness/mp3_128/sample_00478.mp3,True,encoded,927021
sample_00478,FAKE,data/raw/Echoes/Echoes/TTA/acestep/Puertas_de_Fuego_Guerra_de_Cerdos_acestep_TTA_001.mp3,mp3_64,64k,data/processed/mp3_robustness/mp3_64/sample_00478.mp3,True,encoded,463533
sample_00481,FAKE,data/raw/Echoes/Echoes/TTA/acestep/Realize_Me_Jim_Rooster_acestep_TTA_001.mp3,mp3_128,128k,data/processed/mp3_robustness/mp3_128/sample_00481.mp3,True,encoded,1038381
sample_00481,FAKE,data/raw/Echoes/Echoes/TTA/acestep/Realize_Me_Jim_Rooster_acestep_TTA_001.mp3,mp3_64,64k,data/processed/mp3_robustness/mp3_64/sample_00481.mp3,True,encoded,519213
sample_00483,FAKE,data/raw/Echoes/Echoes/TTA/acestep/Resistentialism_Nihilore_acestep_TTA_001.mp3,mp3_128,128k,data/processed/mp3_robustness/mp3_128/sample_00483.mp3,True,encoded,526893
sample_00483,FAKE,data/raw/Echoes/Echoes/TTA/acestep/Resistentialism_Nihilore_acestep_TTA_001.mp3,mp3_64,64k,data/processed/mp3_robustness/mp3_64/sample_00483.mp3,True,encoded,263469
sample_00498,FAKE,data/raw/Echoes/Echoes/TTA/acestep/Set_Fire_to_Creation_Nihilore_acestep_TTA_001.mp3,mp3_128,128k,data/processed/mp3_robustness/mp3_128/sample_00498.mp3,True,encoded,1351725
sample_00498,FAKE,data/raw/Echoes/Echoes/TTA/acestep/Set_Fire_to_Creation_Nihilore_acestep_TTA_001.mp3,mp3_64,64k,data/processed/mp3_robustness/mp3_64/sample_00498.mp3,True,encoded,675885
sample_00499,FAKE,data/raw/Echoes/Echoes/TTA/acestep/Sfogare_Il_Dissenso_Deiezione_HC_acestep_TTA_001.mp3,mp3_128,128k,data/processed/mp3_robustness/mp3_128/sample_00499.mp3,True,encoded,663981
sample_00499,FAKE,data/raw/Echoes/Echoes/TTA/acestep/Sfogare_Il_Dissenso_Deiezione_HC_acestep_TTA_001.mp3,mp3_64,64k,data/processed/mp3_robustness/mp3_64/sample_00499.mp3,True,encoded,332013
sample_00502,FAKE,data/raw/Echoes/Echoes/TTA/acestep/She_Works_Tepid_Waters_Bird_Names_acestep_TTA_001.mp3,mp3_128,128k,data/processed/mp3_robustness/mp3_128/sample_00502.mp3,True,encoded,950445
sample_00502,FAKE,data/raw/Echoes/Echoes/TTA/acestep/She_Works_Tepid_Waters_Bird_Names_acestep_TTA_001.mp3,mp3_64,64k,data/processed/mp3_robustness/mp3_64/sample_00502.mp3,True,encoded,475245
sample_00510,FAKE,data/raw/Echoes/Echoes/TTA/acestep/Something_Dirty_Ergo_Phizmiz_acestep_TTA_001.mp3,mp3_128,128k,data/processed/mp3_robustness/mp3_128/sample_00510.mp3,True,encoded,885165
sample_00510,FAKE,data/raw/Echoes/Echoes/TTA/acestep/Something_Dirty_Ergo_Phizmiz_acestep_TTA_001.mp3,mp3_64,64k,data/processed/mp3_robustness/mp3_64/sample_00510.mp3,True,encoded,442605
sample_00512,FAKE,data/raw/Echoes/Echoes/TTA/acestep/Sonzis_FM_Pipe_Choir_acestep_TTA_001.mp3,mp3_128,128k,data/processed/mp3_robustness/mp3_128/sample_00512.mp3,True,encoded,571821
sample_00512,FAKE,data/raw/Echoes/Echoes/TTA/acestep/Sonzis_FM_Pipe_Choir_acestep_TTA_001.mp3,mp3_64,64k,data/processed/mp3_robustness/mp3_64/sample_00512.mp3,True,encoded,285933
sample_00521,FAKE,data/raw/Echoes/Echoes/TTA/acestep/Stuttgart_Portrayal_acestep_TTA_001.mp3,mp3_128,128k,data/processed/mp3_robustness/mp3_128/sample_00521.mp3,True,encoded,1497645
sample_00521,FAKE,data/raw/Echoes/Echoes/TTA/acestep/Stuttgart_Portrayal_acestep_TTA_001.mp3,mp3_64,64k,data/processed/mp3_robustness/mp3_64/sample_00521.mp3,True,encoded,748845
sample_00522,FAKE,data/raw/Echoes/Echoes/TTA/acestep/Support_Me_in_This_Moment_That_Im_About_To_Lose_Heart_Nihilore_acestep_TTA_001.mp3,mp3_128,128k,data/processed/mp3_robustness/mp3_128/sample_00522.mp3,True,encoded,1482669
sample_00522,FAKE,data/raw/Echoes/Echoes/TTA/acestep/Support_Me_in_This_Moment_That_Im_About_To_Lose_Heart_Nihilore_acestep_TTA_001.mp3,mp3_64,64k,data/processed/mp3_robustness/mp3_64/sample_00522.mp3,True,encoded,741357
sample_00527,FAKE,data/raw/Echoes/Echoes/TTA/acestep/Terve_Teille_Чокнутый_Пропеллер_acestep_TTA_001.mp3,mp3_128,128k,data/processed/mp3_robustness/mp3_128/sample_00527.mp3,True,encoded,1249197
sample_00527,FAKE,data/raw/Echoes/Echoes/TTA/acestep/Terve_Teille_Чокнутый_Пропеллер_acestep_TTA_001.mp3,mp3_64,64k,data/processed/mp3_robustness/mp3_64/sample_00527.mp3,True,encoded,624621
sample_00528,FAKE,data/raw/Echoes/Echoes/TTA/acestep/The_Adventures_Of_Roderick_Random_Maps_And_Diagrams_acestep_TTA_001.mp3,mp3_128,128k,data/processed/mp3_robustness/mp3_128/sample_00528.mp3,True,encoded,659373
sample_00528,FAKE,data/raw/Echoes/Echoes/TTA/acestep/The_Adventures_Of_Roderick_Random_Maps_And_Diagrams_acestep_TTA_001.mp3,mp3_64,64k,data/processed/mp3_robustness/mp3_64/sample_00528.mp3,True,encoded,329709
sample_00542,FAKE,data/raw/Echoes/Echoes/TTA/acestep/The_Pursuit_of_Unintentional_Humor_Oh_Yeah_the_Future_acestep_TTA_001.mp3,mp3_128,128k,data/processed/mp3_robustness/mp3_128/sample_00542.mp3,True,encoded,813741
sample_00542,FAKE,data/raw/Echoes/Echoes/TTA/acestep/The_Pursuit_of_Unintentional_Humor_Oh_Yeah_the_Future_acestep_TTA_001.mp3,mp3_64,64k,data/processed/mp3_robustness/mp3_64/sample_00542.mp3,True,encoded,406893
sample_00547,FAKE,data/raw/Echoes/Echoes/TTA/acestep/The_Secret_Garden_Barbarix_acestep_TTA_001.mp3,mp3_128,128k,data/processed/mp3_robustness/mp3_128/sample_00547.mp3,True,encoded,1582125
sample_00547,FAKE,data/raw/Echoes/Echoes/TTA/acestep/The_Secret_Garden_Barbarix_acestep_TTA_001.mp3,mp3_64,64k,data/processed/mp3_robustness/mp3_64/sample_00547.mp3,True,encoded,791085
sample_00556,FAKE,data/raw/Echoes/Echoes/TTA/acestep/Troubles_Ive_seen_Malaventura_acestep_TTA_001.mp3,mp3_128,128k,data/processed/mp3_robustness/mp3_128/sample_00556.mp3,True,encoded,641325
sample_00556,FAKE,data/raw/Echoes/Echoes/TTA/acestep/Troubles_Ive_seen_Malaventura_acestep_TTA_001.mp3,mp3_64,64k,data/processed/mp3_robustness/mp3_64/sample_00556.mp3,True,encoded,320685
sample_00558,FAKE,data/raw/Echoes/Echoes/TTA/acestep/Ugh_Humans_Can_Join_Mystery_Mammal_acestep_TTA_001.mp3,mp3_128,128k,data/processed/mp3_robustness/mp3_128/sample_00558.mp3,True,encoded,616365
sample_00558,FAKE,data/raw/Echoes/Echoes/TTA/acestep/Ugh_Humans_Can_Join_Mystery_Mammal_acestep_TTA_001.mp3,mp3_64,64k,data/processed/mp3_robustness/mp3_64/sample_00558.mp3,True,encoded,308205
sample_00562,FAKE,data/raw/Echoes/Echoes/TTA/acestep/Untitled_Fatal_Injection_acestep_TTA_001.mp3,mp3_128,128k,data/processed/mp3_robustness/mp3_128/sample_00562.mp3,True,encoded,1237293
sample_00562,FAKE,data/raw/Echoes/Echoes/TTA/acestep/Untitled_Fatal_Injection_acestep_TTA_001.mp3,mp3_64,64k,data/processed/mp3_robustness/mp3_64/sample_00562.mp3,True,encoded,618669
sample_00574,FAKE,data/raw/Echoes/Echoes/TTA/acestep/Where_Is_Everything_The_Moi_Non_Plus_acestep_TTA_001.mp3,mp3_128,128k,data/processed/mp3_robustness/mp3_128/sample_00574.mp3,True,encoded,1017645
sample_00574,FAKE,data/raw/Echoes/Echoes/TTA/acestep/Where_Is_Everything_The_Moi_Non_Plus_acestep_TTA_001.mp3,mp3_64,64k,data/processed/mp3_robustness/mp3_64/sample_00574.mp3,True,encoded,508845
sample_00575,FAKE,data/raw/Echoes/Echoes/TTA/acestep/Who_Loves_You_Dear_Mink_Lungs_acestep_TTA_001.mp3,mp3_128,128k,data/processed/mp3_robustness/mp3_128/sample_00575.mp3,True,encoded,1256877
sample_00575,FAKE,data/raw/Echoes/Echoes/TTA/acestep/Who_Loves_You_Dear_Mink_Lungs_acestep_TTA_001.mp3,mp3_64,64k,data/processed/mp3_robustness/mp3_64/sample_00575.mp3,True,encoded,628461
sample_00583,FAKE,data/raw/Echoes/Echoes/TTA/acestep/Yurtology_Michett_acestep_TTA_001.mp3,mp3_128,128k,data/processed/mp3_robustness/mp3_128/sample_00583.mp3,True,encoded,1479597
sample_00583,FAKE,data/raw/Echoes/Echoes/TTA/acestep/Yurtology_Michett_acestep_TTA_001.mp3,mp3_64,64k,data/processed/mp3_robustness/mp3_64/sample_00583.mp3,True,encoded,739821
sample_00600,FAKE,data/raw/Echoes/Echoes/TTA/audioldm/Pista_Afuera_Epstein_audioldm_TTA_001.mp3,mp3_128,128k,data/processed/mp3_robustness/mp3_128/sample_00600.mp3,True,encoded,493677
sample_00600,FAKE,data/raw/Echoes/Echoes/TTA/audioldm/Pista_Afuera_Epstein_audioldm_TTA_001.mp3,mp3_64,64k,data/processed/mp3_robustness/mp3_64/sample_00600.mp3,True,encoded,246861
sample_00601,FAKE,data/raw/Echoes/Echoes/TTA/audioldm/Let_Youre_Body_Move_D_SMILEZ_audioldm_TTA_001.mp3,mp3_128,128k,data/processed/mp3_robustness/mp3_128/sample_00601.mp3,True,encoded,493677
sample_00601,FAKE,data/raw/Echoes/Echoes/TTA/audioldm/Let_Youre_Body_Move_D_SMILEZ_audioldm_TTA_001.mp3,mp3_64,64k,data/processed/mp3_robustness/mp3_64/sample_00601.mp3,True,encoded,246861
sample_00606,FAKE,data/raw/Echoes/Echoes/TTA/audioldm/The_Secret_Garden_Barbarix_audioldm_TTA_001.mp3,mp3_128,128k,data/processed/mp3_robustness/mp3_128/sample_00606.mp3,True,encoded,493677
sample_00606,FAKE,data/raw/Echoes/Echoes/TTA/audioldm/The_Secret_Garden_Barbarix_audioldm_TTA_001.mp3,mp3_64,64k,data/processed/mp3_robustness/mp3_64/sample_00606.mp3,True,encoded,246861
sample_00608,FAKE,data/raw/Echoes/Echoes/TTA/audioldm/Resistentialism_Nihilore_audioldm_TTA_001.mp3,mp3_128,128k,data/processed/mp3_robustness/mp3_128/sample_00608.mp3,True,encoded,493677
sample_00608,FAKE,data/raw/Echoes/Echoes/TTA/audioldm/Resistentialism_Nihilore_audioldm_TTA_001.mp3,mp3_64,64k,data/processed/mp3_robustness/mp3_64/sample_00608.mp3,True,encoded,246861
sample_00611,FAKE,data/raw/Echoes/Echoes/TTA/audioldm/Fuckaboing_RoccoW_audioldm_TTA_001.mp3,mp3_128,128k,data/processed/mp3_robustness/mp3_128/sample_00611.mp3,True,encoded,493677
sample_00611,FAKE,data/raw/Echoes/Echoes/TTA/audioldm/Fuckaboing_RoccoW_audioldm_TTA_001.mp3,mp3_64,64k,data/processed/mp3_robustness/mp3_64/sample_00611.mp3,True,encoded,246861
sample_00612,FAKE,data/raw/Echoes/Echoes/TTA/audioldm/Ugh_Humans_Can_Join_Mystery_Mammal_audioldm_TTA_001.mp3,mp3_128,128k,data/processed/mp3_robustness/mp3_128/sample_00612.mp3,True,encoded,493677
sample_00612,FAKE,data/raw/Echoes/Echoes/TTA/audioldm/Ugh_Humans_Can_Join_Mystery_Mammal_audioldm_TTA_001.mp3,mp3_64,64k,data/processed/mp3_robustness/mp3_64/sample_00612.mp3,True,encoded,246861
sample_00620,FAKE,data/raw/Echoes/Echoes/TTA/audioldm/Realize_Me_Jim_Rooster_audioldm_TTA_001.mp3,mp3_128,128k,data/processed/mp3_robustness/mp3_128/sample_00620.mp3,True,encoded,493677
sample_00620,FAKE,data/raw/Echoes/Echoes/TTA/audioldm/Realize_Me_Jim_Rooster_audioldm_TTA_001.mp3,mp3_64,64k,data/processed/mp3_robustness/mp3_64/sample_00620.mp3,True,encoded,246861
sample_00627,FAKE,data/raw/Echoes/Echoes/TTA/audioldm/Support_Me_in_This_Moment_That_Im_About_To_Lose_Heart_Nihilore_audioldm_TTA_001.mp3,mp3_128,128k,data/processed/mp3_robustness/mp3_128/sample_00627.mp3,True,encoded,493677
sample_00627,FAKE,data/raw/Echoes/Echoes/TTA/audioldm/Support_Me_in_This_Moment_That_Im_About_To_Lose_Heart_Nihilore_audioldm_TTA_001.mp3,mp3_64,64k,data/processed/mp3_robustness/mp3_64/sample_00627.mp3,True,encoded,246861
sample_00637,FAKE,data/raw/Echoes/Echoes/TTA/audioldm/Dance_Harder_Three_Chain_Links_audioldm_TTA_001.mp3,mp3_128,128k,data/processed/mp3_robustness/mp3_128/sample_00637.mp3,True,encoded,493677
sample_00637,FAKE,data/raw/Echoes/Echoes/TTA/audioldm/Dance_Harder_Three_Chain_Links_audioldm_TTA_001.mp3,mp3_64,64k,data/processed/mp3_robustness/mp3_64/sample_00637.mp3,True,encoded,246861
sample_00638,FAKE,data/raw/Echoes/Echoes/TTA/audioldm/Yurtology_Michett_audioldm_TTA_001.mp3,mp3_128,128k,data/processed/mp3_robustness/mp3_128/sample_00638.mp3,True,encoded,493677
sample_00638,FAKE,data/raw/Echoes/Echoes/TTA/audioldm/Yurtology_Michett_audioldm_TTA_001.mp3,mp3_64,64k,data/processed/mp3_robustness/mp3_64/sample_00638.mp3,True,encoded,246861
sample_00644,FAKE,data/raw/Echoes/Echoes/TTA/audioldm/The_Adventures_Of_Roderick_Random_Maps_And_Diagrams_audioldm_TTA_001.mp3,mp3_128,128k,data/processed/mp3_robustness/mp3_128/sample_00644.mp3,True,encoded,493677
sample_00644,FAKE,data/raw/Echoes/Echoes/TTA/audioldm/The_Adventures_Of_Roderick_Random_Maps_And_Diagrams_audioldm_TTA_001.mp3,mp3_64,64k,data/processed/mp3_robustness/mp3_64/sample_00644.mp3,True,encoded,246861
sample_00654,FAKE,data/raw/Echoes/Echoes/TTA/audioldm/Night_Owl_Broke_For_Free_audioldm_TTA_001.mp3,mp3_128,128k,data/processed/mp3_robustness/mp3_128/sample_00654.mp3,True,encoded,493677
sample_00654,FAKE,data/raw/Echoes/Echoes/TTA/audioldm/Night_Owl_Broke_For_Free_audioldm_TTA_001.mp3,mp3_64,64k,data/processed/mp3_robustness/mp3_64/sample_00654.mp3,True,encoded,246861
sample_00672,FAKE,data/raw/Echoes/Echoes/TTA/audioldm/2Much_Andy_Spinelli_Alex_Sánchez_House_Edit_Tentacles_audioldm_TTA_001.mp3,mp3_128,128k,data/processed/mp3_robustness/mp3_128/sample_00672.mp3,True,encoded,493677
sample_00672,FAKE,data/raw/Echoes/Echoes/TTA/audioldm/2Much_Andy_Spinelli_Alex_Sánchez_House_Edit_Tentacles_audioldm_TTA_001.mp3,mp3_64,64k,data/processed/mp3_robustness/mp3_64/sample_00672.mp3,True,encoded,246861
sample_00675,FAKE,data/raw/Echoes/Echoes/TTA/audioldm/Lets_Start_Out_Slow_RoccoW_audioldm_TTA_001.mp3,mp3_128,128k,data/processed/mp3_robustness/mp3_128/sample_00675.mp3,True,encoded,493677
sample_00675,FAKE,data/raw/Echoes/Echoes/TTA/audioldm/Lets_Start_Out_Slow_RoccoW_audioldm_TTA_001.mp3,mp3_64,64k,data/processed/mp3_robustness/mp3_64/sample_00675.mp3,True,encoded,246861
sample_00686,FAKE,data/raw/Echoes/Echoes/TTA/audioldm/Bizzy_The_Tleilaxu_Music_Machine_audioldm_TTA_001.mp3,mp3_128,128k,data/processed/mp3_robustness/mp3_128/sample_00686.mp3,True,encoded,493677
sample_00686,FAKE,data/raw/Echoes/Echoes/TTA/audioldm/Bizzy_The_Tleilaxu_Music_Machine_audioldm_TTA_001.mp3,mp3_64,64k,data/processed/mp3_robustness/mp3_64/sample_00686.mp3,True,encoded,246861
sample_00687,FAKE,data/raw/Echoes/Echoes/TTA/audioldm/3_am_West_End_statusq_audioldm_TTA_001.mp3,mp3_128,128k,data/processed/mp3_robustness/mp3_128/sample_00687.mp3,True,encoded,493677
sample_00687,FAKE,data/raw/Echoes/Echoes/TTA/audioldm/3_am_West_End_statusq_audioldm_TTA_001.mp3,mp3_64,64k,data/processed/mp3_robustness/mp3_64/sample_00687.mp3,True,encoded,246861
sample_00690,FAKE,data/raw/Echoes/Echoes/TTA/audioldm/Set_Fire_to_Creation_Nihilore_audioldm_TTA_001.mp3,mp3_128,128k,data/processed/mp3_robustness/mp3_128/sample_00690.mp3,True,encoded,493677
sample_00690,FAKE,data/raw/Echoes/Echoes/TTA/audioldm/Set_Fire_to_Creation_Nihilore_audioldm_TTA_001.mp3,mp3_64,64k,data/processed/mp3_robustness/mp3_64/sample_00690.mp3,True,encoded,246861
sample_00697,FAKE,data/raw/Echoes/Echoes/TTA/audioldm/End_titles_Itsensäsyöjät_audioldm_TTA_001.mp3,mp3_128,128k,data/processed/mp3_robustness/mp3_128/sample_00697.mp3,True,encoded,493677
sample_00697,FAKE,data/raw/Echoes/Echoes/TTA/audioldm/End_titles_Itsensäsyöjät_audioldm_TTA_001.mp3,mp3_64,64k,data/processed/mp3_robustness/mp3_64/sample_00697.mp3,True,encoded,246861
sample_00705,FAKE,data/raw/Echoes/Echoes/TTA/audioldm/Something_Dirty_Ergo_Phizmiz_audioldm_TTA_001.mp3,mp3_128,128k,data/processed/mp3_robustness/mp3_128/sample_00705.mp3,True,encoded,493677
sample_00705,FAKE,data/raw/Echoes/Echoes/TTA/audioldm/Something_Dirty_Ergo_Phizmiz_audioldm_TTA_001.mp3,mp3_64,64k,data/processed/mp3_robustness/mp3_64/sample_00705.mp3,True,encoded,246861
sample_00709,FAKE,data/raw/Echoes/Echoes/TTA/audioldm/Hungry_Oh_Yeah_the_Future_audioldm_TTA_001.mp3,mp3_128,128k,data/processed/mp3_robustness/mp3_128/sample_00709.mp3,True,encoded,493677
sample_00709,FAKE,data/raw/Echoes/Echoes/TTA/audioldm/Hungry_Oh_Yeah_the_Future_audioldm_TTA_001.mp3,mp3_64,64k,data/processed/mp3_robustness/mp3_64/sample_00709.mp3,True,encoded,246861
sample_00712,FAKE,data/raw/Echoes/Echoes/TTA/audioldm/Music_For_an_Underground_Circu_Ergo_Phizmiz_audioldm_TTA_001.mp3,mp3_128,128k,data/processed/mp3_robustness/mp3_128/sample_00712.mp3,True,encoded,493677
sample_00712,FAKE,data/raw/Echoes/Echoes/TTA/audioldm/Music_For_an_Underground_Circu_Ergo_Phizmiz_audioldm_TTA_001.mp3,mp3_64,64k,data/processed/mp3_robustness/mp3_64/sample_00712.mp3,True,encoded,246861
sample_00715,FAKE,data/raw/Echoes/Echoes/TTA/audioldm/Motocross_Mania_Monroeville_Music_Center_audioldm_TTA_001.mp3,mp3_128,128k,data/processed/mp3_robustness/mp3_128/sample_00715.mp3,True,encoded,493677
sample_00715,FAKE,data/raw/Echoes/Echoes/TTA/audioldm/Motocross_Mania_Monroeville_Music_Center_audioldm_TTA_001.mp3,mp3_64,64k,data/processed/mp3_robustness/mp3_64/sample_00715.mp3,True,encoded,246861
sample_00723,FAKE,data/raw/Echoes/Echoes/TTA/audioldm/Troubles_Ive_seen_Malaventura_audioldm_TTA_001.mp3,mp3_128,128k,data/processed/mp3_robustness/mp3_128/sample_00723.mp3,True,encoded,493677
sample_00723,FAKE,data/raw/Echoes/Echoes/TTA/audioldm/Troubles_Ive_seen_Malaventura_audioldm_TTA_001.mp3,mp3_64,64k,data/processed/mp3_robustness/mp3_64/sample_00723.mp3,True,encoded,246861
sample_00730,FAKE,data/raw/Echoes/Echoes/TTA/audioldm/Different_Day_First_audioldm_TTA_001.mp3,mp3_128,128k,data/processed/mp3_robustness/mp3_128/sample_00730.mp3,True,encoded,493677
sample_00730,FAKE,data/raw/Echoes/Echoes/TTA/audioldm/Different_Day_First_audioldm_TTA_001.mp3,mp3_64,64k,data/processed/mp3_robustness/mp3_64/sample_00730.mp3,True,encoded,246861
sample_00746,FAKE,data/raw/Echoes/Echoes/TTA/audioldm/She_Works_Tepid_Waters_Bird_Names_audioldm_TTA_001.mp3,mp3_128,128k,data/processed/mp3_robustness/mp3_128/sample_00746.mp3,True,encoded,493677
sample_00746,FAKE,data/raw/Echoes/Echoes/TTA/audioldm/She_Works_Tepid_Waters_Bird_Names_audioldm_TTA_001.mp3,mp3_64,64k,data/processed/mp3_robustness/mp3_64/sample_00746.mp3,True,encoded,246861
sample_00752,FAKE,data/raw/Echoes/Echoes/TTA/audioldm/Production_Bird_Names_audioldm_TTA_001.mp3,mp3_128,128k,data/processed/mp3_robustness/mp3_128/sample_00752.mp3,True,encoded,493677
sample_00752,FAKE,data/raw/Echoes/Echoes/TTA/audioldm/Production_Bird_Names_audioldm_TTA_001.mp3,mp3_64,64k,data/processed/mp3_robustness/mp3_64/sample_00752.mp3,True,encoded,246861
sample_00758,FAKE,data/raw/Echoes/Echoes/TTA/audioldm/The_Pursuit_of_Unintentional_Humor_Oh_Yeah_the_Future_audioldm_TTA_001.mp3,mp3_128,128k,data/processed/mp3_robustness/mp3_128/sample_00758.mp3,True,encoded,493677
sample_00758,FAKE,data/raw/Echoes/Echoes/TTA/audioldm/The_Pursuit_of_Unintentional_Humor_Oh_Yeah_the_Future_audioldm_TTA_001.mp3,mp3_64,64k,data/processed/mp3_robustness/mp3_64/sample_00758.mp3,True,encoded,246861
sample_00763,FAKE,data/raw/Echoes/Echoes/TTA/audioldm/El_Burrito_Malaventura_audioldm_TTA_001.mp3,mp3_128,128k,data/processed/mp3_robustness/mp3_128/sample_00763.mp3,True,encoded,493677
sample_00763,FAKE,data/raw/Echoes/Echoes/TTA/audioldm/El_Burrito_Malaventura_audioldm_TTA_001.mp3,mp3_64,64k,data/processed/mp3_robustness/mp3_64/sample_00763.mp3,True,encoded,246861
sample_00766,FAKE,data/raw/Echoes/Echoes/TTA/audioldm/Where_Is_Everything_The_Moi_Non_Plus_audioldm_TTA_001.mp3,mp3_128,128k,data/processed/mp3_robustness/mp3_128/sample_00766.mp3,True,encoded,493677
sample_00766,FAKE,data/raw/Echoes/Echoes/TTA/audioldm/Where_Is_Everything_The_Moi_Non_Plus_audioldm_TTA_001.mp3,mp3_64,64k,data/processed/mp3_robustness/mp3_64/sample_00766.mp3,True,encoded,246861
sample_00767,FAKE,data/raw/Echoes/Echoes/TTA/audioldm/Terve_Teille_Чокнутый_Пропеллер_audioldm_TTA_001.mp3,mp3_128,128k,data/processed/mp3_robustness/mp3_128/sample_00767.mp3,True,encoded,493677
sample_00767,FAKE,data/raw/Echoes/Echoes/TTA/audioldm/Terve_Teille_Чокнутый_Пропеллер_audioldm_TTA_001.mp3,mp3_64,64k,data/processed/mp3_robustness/mp3_64/sample_00767.mp3,True,encoded,246861
sample_00780,FAKE,data/raw/Echoes/Echoes/TTA/audioldm/Stuttgart_Portrayal_audioldm_TTA_001.mp3,mp3_128,128k,data/processed/mp3_robustness/mp3_128/sample_00780.mp3,True,encoded,493677
sample_00780,FAKE,data/raw/Echoes/Echoes/TTA/audioldm/Stuttgart_Portrayal_audioldm_TTA_001.mp3,mp3_64,64k,data/processed/mp3_robustness/mp3_64/sample_00780.mp3,True,encoded,246861
sample_00787,FAKE,data/raw/Echoes/Echoes/TTA/audioldm/Love_Dream_The_Zombie_Dandies_audioldm_TTA_001.mp3,mp3_128,128k,data/processed/mp3_robustness/mp3_128/sample_00787.mp3,True,encoded,493677
sample_00787,FAKE,data/raw/Echoes/Echoes/TTA/audioldm/Love_Dream_The_Zombie_Dandies_audioldm_TTA_001.mp3,mp3_64,64k,data/processed/mp3_robustness/mp3_64/sample_00787.mp3,True,encoded,246861
sample_00794,FAKE,data/raw/Echoes/Echoes/TTA/audioldm/Head_of_Ancante_Talking_Tree_Akchamel_The_Giver_of_Illness_audioldm_TTA_001.mp3,mp3_128,128k,data/processed/mp3_robustness/mp3_128/sample_00794.mp3,True,encoded,493677
sample_00794,FAKE,data/raw/Echoes/Echoes/TTA/audioldm/Head_of_Ancante_Talking_Tree_Akchamel_The_Giver_of_Illness_audioldm_TTA_001.mp3,mp3_64,64k,data/processed/mp3_robustness/mp3_64/sample_00794.mp3,True,encoded,246861
sample_00797,FAKE,data/raw/Echoes/Echoes/TTA/audioldm/Who_Loves_You_Dear_Mink_Lungs_audioldm_TTA_001.mp3,mp3_128,128k,data/processed/mp3_robustness/mp3_128/sample_00797.mp3,True,encoded,493677
sample_00797,FAKE,data/raw/Echoes/Echoes/TTA/audioldm/Who_Loves_You_Dear_Mink_Lungs_audioldm_TTA_001.mp3,mp3_64,64k,data/processed/mp3_robustness/mp3_64/sample_00797.mp3,True,encoded,246861
sample_00798,FAKE,data/raw/Echoes/Echoes/TTA/audioldm/LIQUID_SKULLS_voyageurs_audioldm_TTA_001.mp3,mp3_128,128k,data/processed/mp3_robustness/mp3_128/sample_00798.mp3,True,encoded,493677
sample_00798,FAKE,data/raw/Echoes/Echoes/TTA/audioldm/LIQUID_SKULLS_voyageurs_audioldm_TTA_001.mp3,mp3_64,64k,data/processed/mp3_robustness/mp3_64/sample_00798.mp3,True,encoded,246861
sample_00804,FAKE,data/raw/Echoes/Echoes/TTA/audioldm/I_Inflammator_audioldm_TTA_001.mp3,mp3_128,128k,data/processed/mp3_robustness/mp3_128/sample_00804.mp3,True,encoded,493677
sample_00804,FAKE,data/raw/Echoes/Echoes/TTA/audioldm/I_Inflammator_audioldm_TTA_001.mp3,mp3_64,64k,data/processed/mp3_robustness/mp3_64/sample_00804.mp3,True,encoded,246861
sample_00805,FAKE,data/raw/Echoes/Echoes/TTA/audioldm/Sfogare_Il_Dissenso_Deiezione_HC_audioldm_TTA_001.mp3,mp3_128,128k,data/processed/mp3_robustness/mp3_128/sample_00805.mp3,True,encoded,493677
sample_00805,FAKE,data/raw/Echoes/Echoes/TTA/audioldm/Sfogare_Il_Dissenso_Deiezione_HC_audioldm_TTA_001.mp3,mp3_64,64k,data/processed/mp3_robustness/mp3_64/sample_00805.mp3,True,encoded,246861
sample_00809,FAKE,data/raw/Echoes/Echoes/TTA/audioldm/Attention_Pete_Prodoehl_audioldm_TTA_001.mp3,mp3_128,128k,data/processed/mp3_robustness/mp3_128/sample_00809.mp3,True,encoded,493677
sample_00809,FAKE,data/raw/Echoes/Echoes/TTA/audioldm/Attention_Pete_Prodoehl_audioldm_TTA_001.mp3,mp3_64,64k,data/processed/mp3_robustness/mp3_64/sample_00809.mp3,True,encoded,246861
sample_00823,FAKE,data/raw/Echoes/Echoes/TTA/audioldm/Larbre_Salmo_audioldm_TTA_001.mp3,mp3_128,128k,data/processed/mp3_robustness/mp3_128/sample_00823.mp3,True,encoded,493677
sample_00823,FAKE,data/raw/Echoes/Echoes/TTA/audioldm/Larbre_Salmo_audioldm_TTA_001.mp3,mp3_64,64k,data/processed/mp3_robustness/mp3_64/sample_00823.mp3,True,encoded,246861
sample_00854,FAKE,data/raw/Echoes/Echoes/TTA/audioldm/Leaving_Here_Mod_Fun_audioldm_TTA_001.mp3,mp3_128,128k,data/processed/mp3_robustness/mp3_128/sample_00854.mp3,True,encoded,493677
sample_00854,FAKE,data/raw/Echoes/Echoes/TTA/audioldm/Leaving_Here_Mod_Fun_audioldm_TTA_001.mp3,mp3_64,64k,data/processed/mp3_robustness/mp3_64/sample_00854.mp3,True,encoded,246861
sample_00860,FAKE,data/raw/Echoes/Echoes/TTA/audioldm/Puertas_de_Fuego_Guerra_de_Cerdos_audioldm_TTA_001.mp3,mp3_128,128k,data/processed/mp3_robustness/mp3_128/sample_00860.mp3,True,encoded,493677
sample_00860,FAKE,data/raw/Echoes/Echoes/TTA/audioldm/Puertas_de_Fuego_Guerra_de_Cerdos_audioldm_TTA_001.mp3,mp3_64,64k,data/processed/mp3_robustness/mp3_64/sample_00860.mp3,True,encoded,246861
sample_00861,FAKE,data/raw/Echoes/Echoes/TTA/audioldm/Sonzis_FM_Pipe_Choir_audioldm_TTA_001.mp3,mp3_128,128k,data/processed/mp3_robustness/mp3_128/sample_00861.mp3,True,encoded,493677
sample_00861,FAKE,data/raw/Echoes/Echoes/TTA/audioldm/Sonzis_FM_Pipe_Choir_audioldm_TTA_001.mp3,mp3_64,64k,data/processed/mp3_robustness/mp3_64/sample_00861.mp3,True,encoded,246861
sample_00863,FAKE,data/raw/Echoes/Echoes/TTA/audioldm/5_Lexington_Isle_of_Pine_audioldm_TTA_001.mp3,mp3_128,128k,data/processed/mp3_robustness/mp3_128/sample_00863.mp3,True,encoded,493677
sample_00863,FAKE,data/raw/Echoes/Echoes/TTA/audioldm/5_Lexington_Isle_of_Pine_audioldm_TTA_001.mp3,mp3_64,64k,data/processed/mp3_robustness/mp3_64/sample_00863.mp3,True,encoded,246861
sample_00867,FAKE,data/raw/Echoes/Echoes/TTA/audioldm/Moja_Krypta_AmortE_audioldm_TTA_001.mp3,mp3_128,128k,data/processed/mp3_robustness/mp3_128/sample_00867.mp3,True,encoded,493677
sample_00867,FAKE,data/raw/Echoes/Echoes/TTA/audioldm/Moja_Krypta_AmortE_audioldm_TTA_001.mp3,mp3_64,64k,data/processed/mp3_robustness/mp3_64/sample_00867.mp3,True,encoded,246861
sample_00873,FAKE,data/raw/Echoes/Echoes/TTA/audioldm/Untitled_Fatal_Injection_audioldm_TTA_001.mp3,mp3_128,128k,data/processed/mp3_robustness/mp3_128/sample_00873.mp3,True,encoded,493677
sample_00873,FAKE,data/raw/Echoes/Echoes/TTA/audioldm/Untitled_Fatal_Injection_audioldm_TTA_001.mp3,mp3_64,64k,data/processed/mp3_robustness/mp3_64/sample_00873.mp3,True,encoded,246861
sample_00900,FAKE,data/raw/Echoes/Echoes/TTA/brev/Dance_Harder_Three_Chain_Links_brev_TTA_001.mp3,mp3_128,128k,data/processed/mp3_robustness/mp3_128/sample_00900.mp3,True,encoded,3397293
sample_00900,FAKE,data/raw/Echoes/Echoes/TTA/brev/Dance_Harder_Three_Chain_Links_brev_TTA_001.mp3,mp3_64,64k,data/processed/mp3_robustness/mp3_64/sample_00900.mp3,True,encoded,1698669
sample_00901,FAKE,data/raw/Echoes/Echoes/TTA/brev/Dance_Harder_Three_Chain_Links_brev_TTA_002.mp3,mp3_128,128k,data/processed/mp3_robustness/mp3_128/sample_00901.mp3,True,encoded,3359661
sample_00901,FAKE,data/raw/Echoes/Echoes/TTA/brev/Dance_Harder_Three_Chain_Links_brev_TTA_002.mp3,mp3_64,64k,data/processed/mp3_robustness/mp3_64/sample_00901.mp3,True,encoded,1679853
sample_00910,FAKE,data/raw/Echoes/Echoes/TTA/brev/Fuckaboing_RoccoW_brev_TTA_001.mp3,mp3_128,128k,data/processed/mp3_robustness/mp3_128/sample_00910.mp3,True,encoded,2855853
sample_00910,FAKE,data/raw/Echoes/Echoes/TTA/brev/Fuckaboing_RoccoW_brev_TTA_001.mp3,mp3_64,64k,data/processed/mp3_robustness/mp3_64/sample_00910.mp3,True,encoded,1427949
sample_00911,FAKE,data/raw/Echoes/Echoes/TTA/brev/Fuckaboing_RoccoW_brev_TTA_002.mp3,mp3_128,128k,data/processed/mp3_robustness/mp3_128/sample_00911.mp3,True,encoded,2817069
sample_00911,FAKE,data/raw/Echoes/Echoes/TTA/brev/Fuckaboing_RoccoW_brev_TTA_002.mp3,mp3_64,64k,data/processed/mp3_robustness/mp3_64/sample_00911.mp3,True,encoded,1408557
sample_00926,FAKE,data/raw/Echoes/Echoes/TTA/brev/Night_Owl_Broke_For_Free_brev_TTA_001.mp3,mp3_128,128k,data/processed/mp3_robustness/mp3_128/sample_00926.mp3,True,encoded,2208429
sample_00926,FAKE,data/raw/Echoes/Echoes/TTA/brev/Night_Owl_Broke_For_Free_brev_TTA_001.mp3,mp3_64,64k,data/processed/mp3_robustness/mp3_64/sample_00926.mp3,True,encoded,1104237
sample_00927,FAKE,data/raw/Echoes/Echoes/TTA/brev/Night_Owl_Broke_For_Free_brev_TTA_002.mp3,mp3_128,128k,data/processed/mp3_robustness/mp3_128/sample_00927.mp3,True,encoded,2304813
sample_00927,FAKE,data/raw/Echoes/Echoes/TTA/brev/Night_Owl_Broke_For_Free_brev_TTA_002.mp3,mp3_64,64k,data/processed/mp3_robustness/mp3_64/sample_00927.mp3,True,encoded,1152429
sample_00946,FAKE,data/raw/Echoes/Echoes/TTA/brev/Pista_Afuera_Epstein_brev_TTA_001.mp3,mp3_128,128k,data/processed/mp3_robustness/mp3_128/sample_00946.mp3,True,encoded,2375469
sample_00946,FAKE,data/raw/Echoes/Echoes/TTA/brev/Pista_Afuera_Epstein_brev_TTA_001.mp3,mp3_64,64k,data/processed/mp3_robustness/mp3_64/sample_00946.mp3,True,encoded,1187757
sample_00947,FAKE,data/raw/Echoes/Echoes/TTA/brev/Pista_Afuera_Epstein_brev_TTA_002.mp3,mp3_128,128k,data/processed/mp3_robustness/mp3_128/sample_00947.mp3,True,encoded,2992173
sample_00947,FAKE,data/raw/Echoes/Echoes/TTA/brev/Pista_Afuera_Epstein_brev_TTA_002.mp3,mp3_64,64k,data/processed/mp3_robustness/mp3_64/sample_00947.mp3,True,encoded,1496109
sample_00950,FAKE,data/raw/Echoes/Echoes/TTA/brev/Realize_Me_Jim_Rooster_brev_TTA_001.mp3,mp3_128,128k,data/processed/mp3_robustness/mp3_128/sample_00950.mp3,True,encoded,2719533
sample_00950,FAKE,data/raw/Echoes/Echoes/TTA/brev/Realize_Me_Jim_Rooster_brev_TTA_001.mp3,mp3_64,64k,data/processed/mp3_robustness/mp3_64/sample_00950.mp3,True,encoded,1359789
sample_00951,FAKE,data/raw/Echoes/Echoes/TTA/brev/Realize_Me_Jim_Rooster_brev_TTA_002.mp3,mp3_128,128k,data/processed/mp3_robustness/mp3_128/sample_00951.mp3,True,encoded,2604333
sample_00951,FAKE,data/raw/Echoes/Echoes/TTA/brev/Realize_Me_Jim_Rooster_brev_TTA_002.mp3,mp3_64,64k,data/processed/mp3_robustness/mp3_64/sample_00951.mp3,True,encoded,1302189
sample_00952,FAKE,data/raw/Echoes/Echoes/TTA/brev/Resistentialism_Nihilore_brev_TTA_001.mp3,mp3_128,128k,data/processed/mp3_robustness/mp3_128/sample_00952.mp3,True,encoded,3199533
sample_00952,FAKE,data/raw/Echoes/Echoes/TTA/brev/Resistentialism_Nihilore_brev_TTA_001.mp3,mp3_64,64k,data/processed/mp3_robustness/mp3_64/sample_00952.mp3,True,encoded,1599789
sample_00953,FAKE,data/raw/Echoes/Echoes/TTA/brev/Resistentialism_Nihilore_brev_TTA_002.mp3,mp3_128,128k,data/processed/mp3_robustness/mp3_128/sample_00953.mp3,True,encoded,2715693
sample_00953,FAKE,data/raw/Echoes/Echoes/TTA/brev/Resistentialism_Nihilore_brev_TTA_002.mp3,mp3_64,64k,data/processed/mp3_robustness/mp3_64/sample_00953.mp3,True,encoded,1357869
sample_00974,FAKE,data/raw/Echoes/Echoes/TTA/brev/Ugh_Humans_Can_Join_Mystery_Mammal_brev_TTA_001.mp3,mp3_128,128k,data/processed/mp3_robustness/mp3_128/sample_00974.mp3,True,encoded,3390381
sample_00974,FAKE,data/raw/Echoes/Echoes/TTA/brev/Ugh_Humans_Can_Join_Mystery_Mammal_brev_TTA_001.mp3,mp3_64,64k,data/processed/mp3_robustness/mp3_64/sample_00974.mp3,True,encoded,1695213
sample_00975,FAKE,data/raw/Echoes/Echoes/TTA/brev/Ugh_Humans_Can_Join_Mystery_Mammal_brev_TTA_002.mp3,mp3_128,128k,data/processed/mp3_robustness/mp3_128/sample_00975.mp3,True,encoded,3428781
sample_00975,FAKE,data/raw/Echoes/Echoes/TTA/brev/Ugh_Humans_Can_Join_Mystery_Mammal_brev_TTA_002.mp3,mp3_64,64k,data/processed/mp3_robustness/mp3_64/sample_00975.mp3,True,encoded,1714413
sample_00992,FAKE,data/raw/Echoes/Echoes/TTA/brev/Different_Day_First_brev_TTA_001.mp3,mp3_128,128k,data/processed/mp3_robustness/mp3_128/sample_00992.mp3,True,encoded,3351213
sample_00992,FAKE,data/raw/Echoes/Echoes/TTA/brev/Different_Day_First_brev_TTA_001.mp3,mp3_64,64k,data/processed/mp3_robustness/mp3_64/sample_00992.mp3,True,encoded,1675629
sample_00993,FAKE,data/raw/Echoes/Echoes/TTA/brev/Different_Day_First_brev_TTA_002.mp3,mp3_128,128k,data/processed/mp3_robustness/mp3_128/sample_00993.mp3,True,encoded,3757869
sample_00993,FAKE,data/raw/Echoes/Echoes/TTA/brev/Different_Day_First_brev_TTA_002.mp3,mp3_64,64k,data/processed/mp3_robustness/mp3_64/sample_00993.mp3,True,encoded,1878957
sample_01002,FAKE,data/raw/Echoes/Echoes/TTA/brev/Hungry_Oh_Yeah_the_Future_brev_TTA_001.mp3,mp3_128,128k,data/processed/mp3_robustness/mp3_128/sample_01002.mp3,True,encoded,2480301
sample_01002,FAKE,data/raw/Echoes/Echoes/TTA/brev/Hungry_Oh_Yeah_the_Future_brev_TTA_001.mp3,mp3_64,64k,data/processed/mp3_robustness/mp3_64/sample_01002.mp3,True,encoded,1240173
sample_01003,FAKE,data/raw/Echoes/Echoes/TTA/brev/Hungry_Oh_Yeah_the_Future_brev_TTA_002.mp3,mp3_128,128k,data/processed/mp3_robustness/mp3_128/sample_01003.mp3,True,encoded,3436461
sample_01003,FAKE,data/raw/Echoes/Echoes/TTA/brev/Hungry_Oh_Yeah_the_Future_brev_TTA_002.mp3,mp3_64,64k,data/processed/mp3_robustness/mp3_64/sample_01003.mp3,True,encoded,1718253
sample_01024,FAKE,data/raw/Echoes/Echoes/TTA/brev/Motocross_Mania_Monroeville_Music_Center_brev_TTA_001.mp3,mp3_128,128k,data/processed/mp3_robustness/mp3_128/sample_01024.mp3,True,encoded,2301741
sample_01024,FAKE,data/raw/Echoes/Echoes/TTA/brev/Motocross_Mania_Monroeville_Music_Center_brev_TTA_001.mp3,mp3_64,64k,data/processed/mp3_robustness/mp3_64/sample_01024.mp3,True,encoded,1150893
sample_01025,FAKE,data/raw/Echoes/Echoes/TTA/brev/Motocross_Mania_Monroeville_Music_Center_brev_TTA_002.mp3,mp3_128,128k,data/processed/mp3_robustness/mp3_128/sample_01025.mp3,True,encoded,2721069
sample_01025,FAKE,data/raw/Echoes/Echoes/TTA/brev/Motocross_Mania_Monroeville_Music_Center_brev_TTA_002.mp3,mp3_64,64k,data/processed/mp3_robustness/mp3_64/sample_01025.mp3,True,encoded,1360557
sample_01026,FAKE,data/raw/Echoes/Echoes/TTA/brev/Music_For_an_Underground_Circu_Ergo_Phizmiz_brev_TTA_001.mp3,mp3_128,128k,data/processed/mp3_robustness/mp3_128/sample_01026.mp3,True,encoded,2343213
sample_01026,FAKE,data/raw/Echoes/Echoes/TTA/brev/Music_For_an_Underground_Circu_Ergo_Phizmiz_brev_TTA_001.mp3,mp3_64,64k,data/processed/mp3_robustness/mp3_64/sample_01026.mp3,True,encoded,1171629
sample_01027,FAKE,data/raw/Echoes/Echoes/TTA/brev/Music_For_an_Underground_Circu_Ergo_Phizmiz_brev_TTA_002.mp3,mp3_128,128k,data/processed/mp3_robustness/mp3_128/sample_01027.mp3,True,encoded,2665389
sample_01027,FAKE,data/raw/Echoes/Echoes/TTA/brev/Music_For_an_Underground_Circu_Ergo_Phizmiz_brev_TTA_002.mp3,mp3_64,64k,data/processed/mp3_robustness/mp3_64/sample_01027.mp3,True,encoded,1332717
sample_01046,FAKE,data/raw/Echoes/Echoes/TTA/brev/She_Works_Tepid_Waters_Bird_Names_brev_TTA_001.mp3,mp3_128,128k,data/processed/mp3_robustness/mp3_128/sample_01046.mp3,True,encoded,2848173
sample_01046,FAKE,data/raw/Echoes/Echoes/TTA/brev/She_Works_Tepid_Waters_Bird_Names_brev_TTA_001.mp3,mp3_64,64k,data/processed/mp3_robustness/mp3_64/sample_01046.mp3,True,encoded,1424109
sample_01047,FAKE,data/raw/Echoes/Echoes/TTA/brev/She_Works_Tepid_Waters_Bird_Names_brev_TTA_002.mp3,mp3_128,128k,data/processed/mp3_robustness/mp3_128/sample_01047.mp3,True,encoded,2784813
sample_01047,FAKE,data/raw/Echoes/Echoes/TTA/brev/She_Works_Tepid_Waters_Bird_Names_brev_TTA_002.mp3,mp3_64,64k,data/processed/mp3_robustness/mp3_64/sample_01047.mp3,True,encoded,1392429
sample_01050,FAKE,data/raw/Echoes/Echoes/TTA/brev/Something_Dirty_Ergo_Phizmiz_brev_TTA_001.mp3,mp3_128,128k,data/processed/mp3_robustness/mp3_128/sample_01050.mp3,True,encoded,2128941
sample_01050,FAKE,data/raw/Echoes/Echoes/TTA/brev/Something_Dirty_Ergo_Phizmiz_brev_TTA_001.mp3,mp3_64,64k,data/processed/mp3_robustness/mp3_64/sample_01050.mp3,True,encoded,1064493
sample_01051,FAKE,data/raw/Echoes/Echoes/TTA/brev/Something_Dirty_Ergo_Phizmiz_brev_TTA_002.mp3,mp3_128,128k,data/processed/mp3_robustness/mp3_128/sample_01051.mp3,True,encoded,1845549
sample_01051,FAKE,data/raw/Echoes/Echoes/TTA/brev/Something_Dirty_Ergo_Phizmiz_brev_TTA_002.mp3,mp3_64,64k,data/processed/mp3_robustness/mp3_64/sample_01051.mp3,True,encoded,922797
sample_01070,FAKE,data/raw/Echoes/Echoes/TTA/brev/Troubles_Ive_seen_Malaventura_brev_TTA_001.mp3,mp3_128,128k,data/processed/mp3_robustness/mp3_128/sample_01070.mp3,True,encoded,3548589
sample_01070,FAKE,data/raw/Echoes/Echoes/TTA/brev/Troubles_Ive_seen_Malaventura_brev_TTA_001.mp3,mp3_64,64k,data/processed/mp3_robustness/mp3_64/sample_01070.mp3,True,encoded,1774317
sample_01071,FAKE,data/raw/Echoes/Echoes/TTA/brev/Troubles_Ive_seen_Malaventura_brev_TTA_002.mp3,mp3_128,128k,data/processed/mp3_robustness/mp3_128/sample_01071.mp3,True,encoded,3650349
sample_01071,FAKE,data/raw/Echoes/Echoes/TTA/brev/Troubles_Ive_seen_Malaventura_brev_TTA_002.mp3,mp3_64,64k,data/processed/mp3_robustness/mp3_64/sample_01071.mp3,True,encoded,1825197
sample_01084,FAKE,data/raw/Echoes/Echoes/TTA/brev/Attention_Pete_Prodoehl_brev_TTA_001.mp3,mp3_128,128k,data/processed/mp3_robustness/mp3_128/sample_01084.mp3,True,encoded,3994413
sample_01084,FAKE,data/raw/Echoes/Echoes/TTA/brev/Attention_Pete_Prodoehl_brev_TTA_001.mp3,mp3_64,64k,data/processed/mp3_robustness/mp3_64/sample_01084.mp3,True,encoded,1997229
sample_01085,FAKE,data/raw/Echoes/Echoes/TTA/brev/Attention_Pete_Prodoehl_brev_TTA_002.mp3,mp3_128,128k,data/processed/mp3_robustness/mp3_128/sample_01085.mp3,True,encoded,4234413
sample_01085,FAKE,data/raw/Echoes/Echoes/TTA/brev/Attention_Pete_Prodoehl_brev_TTA_002.mp3,mp3_64,64k,data/processed/mp3_robustness/mp3_64/sample_01085.mp3,True,encoded,2117229
sample_01100,FAKE,data/raw/Echoes/Echoes/TTA/brev/Head_of_Ancante_Talking_Tree_Akchamel_The_Giver_of_Illness_brev_TTA_001.mp3,mp3_128,128k,data/processed/mp3_robustness/mp3_128/sample_01100.mp3,True,encoded,3600813
sample_01100,FAKE,data/raw/Echoes/Echoes/TTA/brev/Head_of_Ancante_Talking_Tree_Akchamel_The_Giver_of_Illness_brev_TTA_001.mp3,mp3_64,64k,data/processed/mp3_robustness/mp3_64/sample_01100.mp3,True,encoded,1800429
sample_01101,FAKE,data/raw/Echoes/Echoes/TTA/brev/Head_of_Ancante_Talking_Tree_Akchamel_The_Giver_of_Illness_brev_TTA_002.mp3,mp3_128,128k,data/processed/mp3_robustness/mp3_128/sample_01101.mp3,True,encoded,2986413
sample_01101,FAKE,data/raw/Echoes/Echoes/TTA/brev/Head_of_Ancante_Talking_Tree_Akchamel_The_Giver_of_Illness_brev_TTA_002.mp3,mp3_64,64k,data/processed/mp3_robustness/mp3_64/sample_01101.mp3,True,encoded,1493229
sample_01108,FAKE,data/raw/Echoes/Echoes/TTA/brev/I_Inflammator_brev_TTA_001.mp3,mp3_128,128k,data/processed/mp3_robustness/mp3_128/sample_01108.mp3,True,encoded,2678829
sample_01108,FAKE,data/raw/Echoes/Echoes/TTA/brev/I_Inflammator_brev_TTA_001.mp3,mp3_64,64k,data/processed/mp3_robustness/mp3_64/sample_01108.mp3,True,encoded,1339437
sample_01109,FAKE,data/raw/Echoes/Echoes/TTA/brev/I_Inflammator_brev_TTA_002.mp3,mp3_128,128k,data/processed/mp3_robustness/mp3_128/sample_01109.mp3,True,encoded,2640429
sample_01109,FAKE,data/raw/Echoes/Echoes/TTA/brev/I_Inflammator_brev_TTA_002.mp3,mp3_64,64k,data/processed/mp3_robustness/mp3_64/sample_01109.mp3,True,encoded,1320237
sample_01114,FAKE,data/raw/Echoes/Echoes/TTA/brev/LIQUID_SKULLS_voyageurs_brev_TTA_001.mp3,mp3_128,128k,data/processed/mp3_robustness/mp3_128/sample_01114.mp3,True,encoded,3111213
sample_01114,FAKE,data/raw/Echoes/Echoes/TTA/brev/LIQUID_SKULLS_voyageurs_brev_TTA_001.mp3,mp3_64,64k,data/processed/mp3_robustness/mp3_64/sample_01114.mp3,True,encoded,1555629
sample_01115,FAKE,data/raw/Echoes/Echoes/TTA/brev/LIQUID_SKULLS_voyageurs_brev_TTA_002.mp3,mp3_128,128k,data/processed/mp3_robustness/mp3_128/sample_01115.mp3,True,encoded,2496813
sample_01115,FAKE,data/raw/Echoes/Echoes/TTA/brev/LIQUID_SKULLS_voyageurs_brev_TTA_002.mp3,mp3_64,64k,data/processed/mp3_robustness/mp3_64/sample_01115.mp3,True,encoded,1248429
sample_01118,FAKE,data/raw/Echoes/Echoes/TTA/brev/Love_Dream_The_Zombie_Dandies_brev_TTA_001.mp3,mp3_128,128k,data/processed/mp3_robustness/mp3_128/sample_01118.mp3,True,encoded,1470381
sample_01118,FAKE,data/raw/Echoes/Echoes/TTA/brev/Love_Dream_The_Zombie_Dandies_brev_TTA_001.mp3,mp3_64,64k,data/processed/mp3_robustness/mp3_64/sample_01118.mp3,True,encoded,735213
sample_01119,FAKE,data/raw/Echoes/Echoes/TTA/brev/Love_Dream_The_Zombie_Dandies_brev_TTA_002.mp3,mp3_128,128k,data/processed/mp3_robustness/mp3_128/sample_01119.mp3,True,encoded,2074029
sample_01119,FAKE,data/raw/Echoes/Echoes/TTA/brev/Love_Dream_The_Zombie_Dandies_brev_TTA_002.mp3,mp3_64,64k,data/processed/mp3_robustness/mp3_64/sample_01119.mp3,True,encoded,1037037
sample_01144,FAKE,data/raw/Echoes/Echoes/TTA/brev/Sfogare_Il_Dissenso_Deiezione_HC_brev_TTA_001.mp3,mp3_128,128k,data/processed/mp3_robustness/mp3_128/sample_01144.mp3,True,encoded,1752621
sample_01144,FAKE,data/raw/Echoes/Echoes/TTA/brev/Sfogare_Il_Dissenso_Deiezione_HC_brev_TTA_001.mp3,mp3_64,64k,data/processed/mp3_robustness/mp3_64/sample_01144.mp3,True,encoded,876333
sample_01145,FAKE,data/raw/Echoes/Echoes/TTA/brev/Sfogare_Il_Dissenso_Deiezione_HC_brev_TTA_002.mp3,mp3_128,128k,data/processed/mp3_robustness/mp3_128/sample_01145.mp3,True,encoded,1509933
sample_01145,FAKE,data/raw/Echoes/Echoes/TTA/brev/Sfogare_Il_Dissenso_Deiezione_HC_brev_TTA_002.mp3,mp3_64,64k,data/processed/mp3_robustness/mp3_64/sample_01145.mp3,True,encoded,754989
sample_01152,FAKE,data/raw/Echoes/Echoes/TTA/brev/Stuttgart_Portrayal_brev_TTA_001.mp3,mp3_128,128k,data/processed/mp3_robustness/mp3_128/sample_01152.mp3,True,encoded,3035949
sample_01152,FAKE,data/raw/Echoes/Echoes/TTA/brev/Stuttgart_Portrayal_brev_TTA_001.mp3,mp3_64,64k,data/processed/mp3_robustness/mp3_64/sample_01152.mp3,True,encoded,1517997
sample_01153,FAKE,data/raw/Echoes/Echoes/TTA/brev/Stuttgart_Portrayal_brev_TTA_002.mp3,mp3_128,128k,data/processed/mp3_robustness/mp3_128/sample_01153.mp3,True,encoded,3668013
sample_01153,FAKE,data/raw/Echoes/Echoes/TTA/brev/Stuttgart_Portrayal_brev_TTA_002.mp3,mp3_64,64k,data/processed/mp3_robustness/mp3_64/sample_01153.mp3,True,encoded,1834029
sample_01154,FAKE,data/raw/Echoes/Echoes/TTA/brev/Terve_Teille_Чокнутый_Пропеллер_brev_TTA_001.mp3,mp3_128,128k,data/processed/mp3_robustness/mp3_128/sample_01154.mp3,True,encoded,1916973
sample_01154,FAKE,data/raw/Echoes/Echoes/TTA/brev/Terve_Teille_Чокнутый_Пропеллер_brev_TTA_001.mp3,mp3_64,64k,data/processed/mp3_robustness/mp3_64/sample_01154.mp3,True,encoded,958509
sample_01155,FAKE,data/raw/Echoes/Echoes/TTA/brev/Terve_Teille_Чокнутый_Пропеллер_brev_TTA_002.mp3,mp3_128,128k,data/processed/mp3_robustness/mp3_128/sample_01155.mp3,True,encoded,1920429
sample_01155,FAKE,data/raw/Echoes/Echoes/TTA/brev/Terve_Teille_Чокнутый_Пропеллер_brev_TTA_002.mp3,mp3_64,64k,data/processed/mp3_robustness/mp3_64/sample_01155.mp3,True,encoded,960237
sample_01168,FAKE,data/raw/Echoes/Echoes/TTA/brev/Where_Is_Everything_The_Moi_Non_Plus_brev_TTA_001.mp3,mp3_128,128k,data/processed/mp3_robustness/mp3_128/sample_01168.mp3,True,encoded,2369709
sample_01168,FAKE,data/raw/Echoes/Echoes/TTA/brev/Where_Is_Everything_The_Moi_Non_Plus_brev_TTA_001.mp3,mp3_64,64k,data/processed/mp3_robustness/mp3_64/sample_01168.mp3,True,encoded,1184877
sample_01169,FAKE,data/raw/Echoes/Echoes/TTA/brev/Where_Is_Everything_The_Moi_Non_Plus_brev_TTA_002.mp3,mp3_128,128k,data/processed/mp3_robustness/mp3_128/sample_01169.mp3,True,encoded,1615149
sample_01169,FAKE,data/raw/Echoes/Echoes/TTA/brev/Where_Is_Everything_The_Moi_Non_Plus_brev_TTA_002.mp3,mp3_64,64k,data/processed/mp3_robustness/mp3_64/sample_01169.mp3,True,encoded,807597
sample_01170,FAKE,data/raw/Echoes/Echoes/TTA/brev/Who_Loves_You_Dear_Mink_Lungs_brev_TTA_001.mp3,mp3_128,128k,data/processed/mp3_robustness/mp3_128/sample_01170.mp3,True,encoded,2450733
sample_01170,FAKE,data/raw/Echoes/Echoes/TTA/brev/Who_Loves_You_Dear_Mink_Lungs_brev_TTA_001.mp3,mp3_64,64k,data/processed/mp3_robustness/mp3_64/sample_01170.mp3,True,encoded,1225389
sample_01171,FAKE,data/raw/Echoes/Echoes/TTA/brev/Who_Loves_You_Dear_Mink_Lungs_brev_TTA_002.mp3,mp3_128,128k,data/processed/mp3_robustness/mp3_128/sample_01171.mp3,True,encoded,2465709
sample_01171,FAKE,data/raw/Echoes/Echoes/TTA/brev/Who_Loves_You_Dear_Mink_Lungs_brev_TTA_002.mp3,mp3_64,64k,data/processed/mp3_robustness/mp3_64/sample_01171.mp3,True,encoded,1232877
sample_01181,FAKE,data/raw/Echoes/Echoes/TTA/diffrhythm/2Much_Andy_Spinelli_Alex_Sánchez_House_Edit_Tentacles_diffrhythm_TTA_001.mp3,mp3_128,128k,data/processed/mp3_robustness/mp3_128/sample_01181.mp3,True,encoded,2048879
sample_01181,FAKE,data/raw/Echoes/Echoes/TTA/diffrhythm/2Much_Andy_Spinelli_Alex_Sánchez_House_Edit_Tentacles_diffrhythm_TTA_001.mp3,mp3_64,64k,data/processed/mp3_robustness/mp3_64/sample_01181.mp3,True,encoded,1024461
sample_01182,FAKE,data/raw/Echoes/Echoes/TTA/diffrhythm/3_am_West_End_statusq_diffrhythm_TTA_001.mp3,mp3_128,128k,data/processed/mp3_robustness/mp3_128/sample_01182.mp3,True,encoded,1904684
sample_01182,FAKE,data/raw/Echoes/Echoes/TTA/diffrhythm/3_am_West_End_statusq_diffrhythm_TTA_001.mp3,mp3_64,64k,data/processed/mp3_robustness/mp3_64/sample_01182.mp3,True,encoded,952364
sample_01194,FAKE,data/raw/Echoes/Echoes/TTA/diffrhythm/Bizzy_The_Tleilaxu_Music_Machine_diffrhythm_TTA_001.mp3,mp3_128,128k,data/processed/mp3_robustness/mp3_128/sample_01194.mp3,True,encoded,2272488
sample_01194,FAKE,data/raw/Echoes/Echoes/TTA/diffrhythm/Bizzy_The_Tleilaxu_Music_Machine_diffrhythm_TTA_001.mp3,mp3_64,64k,data/processed/mp3_robustness/mp3_64/sample_01194.mp3,True,encoded,1136266
sample_01200,FAKE,data/raw/Echoes/Echoes/TTA/diffrhythm/Dance_Harder_Three_Chain_Links_diffrhythm_TTA_001.mp3,mp3_128,128k,data/processed/mp3_robustness/mp3_128/sample_01200.mp3,True,encoded,2240723
sample_01200,FAKE,data/raw/Echoes/Echoes/TTA/diffrhythm/Dance_Harder_Three_Chain_Links_diffrhythm_TTA_001.mp3,mp3_64,64k,data/processed/mp3_robustness/mp3_64/sample_01200.mp3,True,encoded,1120383
sample_01209,FAKE,data/raw/Echoes/Echoes/TTA/diffrhythm/End_titles_Itsensäsyöjät_diffrhythm_TTA_001.mp3,mp3_128,128k,data/processed/mp3_robustness/mp3_128/sample_01209.mp3,True,encoded,1920148
sample_01209,FAKE,data/raw/Echoes/Echoes/TTA/diffrhythm/End_titles_Itsensäsyöjät_diffrhythm_TTA_001.mp3,mp3_64,64k,data/processed/mp3_robustness/mp3_64/sample_01209.mp3,True,encoded,960096
sample_01216,FAKE,data/raw/Echoes/Echoes/TTA/diffrhythm/Fuckaboing_RoccoW_diffrhythm_TTA_001.mp3,mp3_128,128k,data/processed/mp3_robustness/mp3_128/sample_01216.mp3,True,encoded,2224840
sample_01216,FAKE,data/raw/Echoes/Echoes/TTA/diffrhythm/Fuckaboing_RoccoW_diffrhythm_TTA_001.mp3,mp3_64,64k,data/processed/mp3_robustness/mp3_64/sample_01216.mp3,True,encoded,1112442
sample_01230,FAKE,data/raw/Echoes/Echoes/TTA/diffrhythm/Lets_Start_Out_Slow_RoccoW_diffrhythm_TTA_001.mp3,mp3_128,128k,data/processed/mp3_robustness/mp3_128/sample_01230.mp3,True,encoded,1936866
sample_01230,FAKE,data/raw/Echoes/Echoes/TTA/diffrhythm/Lets_Start_Out_Slow_RoccoW_diffrhythm_TTA_001.mp3,mp3_64,64k,data/processed/mp3_robustness/mp3_64/sample_01230.mp3,True,encoded,968455
sample_01231,FAKE,data/raw/Echoes/Echoes/TTA/diffrhythm/Let_Youre_Body_Move_D_SMILEZ_diffrhythm_TTA_001.mp3,mp3_128,128k,data/processed/mp3_robustness/mp3_128/sample_01231.mp3,True,encoded,1648475
sample_01231,FAKE,data/raw/Echoes/Echoes/TTA/diffrhythm/Let_Youre_Body_Move_D_SMILEZ_diffrhythm_TTA_001.mp3,mp3_64,64k,data/processed/mp3_robustness/mp3_64/sample_01231.mp3,True,encoded,824259
sample_01240,FAKE,data/raw/Echoes/Echoes/TTA/diffrhythm/Night_Owl_Broke_For_Free_diffrhythm_TTA_001.mp3,mp3_128,128k,data/processed/mp3_robustness/mp3_128/sample_01240.mp3,True,encoded,2257023
sample_01240,FAKE,data/raw/Echoes/Echoes/TTA/diffrhythm/Night_Owl_Broke_For_Free_diffrhythm_TTA_001.mp3,mp3_64,64k,data/processed/mp3_robustness/mp3_64/sample_01240.mp3,True,encoded,1128533
sample_01251,FAKE,data/raw/Echoes/Echoes/TTA/diffrhythm/Pista_Afuera_Epstein_diffrhythm_TTA_001.mp3,mp3_128,128k,data/processed/mp3_robustness/mp3_128/sample_01251.mp3,True,encoded,1824435
sample_01251,FAKE,data/raw/Echoes/Echoes/TTA/diffrhythm/Pista_Afuera_Epstein_diffrhythm_TTA_001.mp3,mp3_64,64k,data/processed/mp3_robustness/mp3_64/sample_01251.mp3,True,encoded,912239
sample_01254,FAKE,data/raw/Echoes/Echoes/TTA/diffrhythm/Realize_Me_Jim_Rooster_diffrhythm_TTA_001.mp3,mp3_128,128k,data/processed/mp3_robustness/mp3_128/sample_01254.mp3,True,encoded,1569062
sample_01254,FAKE,data/raw/Echoes/Echoes/TTA/diffrhythm/Realize_Me_Jim_Rooster_diffrhythm_TTA_001.mp3,mp3_64,64k,data/processed/mp3_robustness/mp3_64/sample_01254.mp3,True,encoded,784553
sample_01255,FAKE,data/raw/Echoes/Echoes/TTA/diffrhythm/Resistentialism_Nihilore_diffrhythm_TTA_001.mp3,mp3_128,128k,data/processed/mp3_robustness/mp3_128/sample_01255.mp3,True,encoded,1808971
sample_01255,FAKE,data/raw/Echoes/Echoes/TTA/diffrhythm/Resistentialism_Nihilore_diffrhythm_TTA_001.mp3,mp3_64,64k,data/processed/mp3_robustness/mp3_64/sample_01255.mp3,True,encoded,904507
sample_01262,FAKE,data/raw/Echoes/Echoes/TTA/diffrhythm/Set_Fire_to_Creation_Nihilore_diffrhythm_TTA_001.mp3,mp3_128,128k,data/processed/mp3_robustness/mp3_128/sample_01262.mp3,True,encoded,1745023
sample_01262,FAKE,data/raw/Echoes/Echoes/TTA/diffrhythm/Set_Fire_to_Creation_Nihilore_diffrhythm_TTA_001.mp3,mp3_64,64k,data/processed/mp3_robustness/mp3_64/sample_01262.mp3,True,encoded,872533
sample_01269,FAKE,data/raw/Echoes/Echoes/TTA/diffrhythm/Support_Me_in_This_Moment_That_Im_About_To_Lose_Heart_Nihilore_diffrhythm_TTA_001.mp3,mp3_128,128k,data/processed/mp3_robustness/mp3_128/sample_01269.mp3,True,encoded,1904684
sample_01269,FAKE,data/raw/Echoes/Echoes/TTA/diffrhythm/Support_Me_in_This_Moment_That_Im_About_To_Lose_Heart_Nihilore_diffrhythm_TTA_001.mp3,mp3_64,64k,data/processed/mp3_robustness/mp3_64/sample_01269.mp3,True,encoded,952364
sample_01273,FAKE,data/raw/Echoes/Echoes/TTA/diffrhythm/The_Adventures_Of_Roderick_Random_Maps_And_Diagrams_diffrhythm_TTA_001.mp3,mp3_128,128k,data/processed/mp3_robustness/mp3_128/sample_01273.mp3,True,encoded,2320971
sample_01273,FAKE,data/raw/Echoes/Echoes/TTA/diffrhythm/The_Adventures_Of_Roderick_Random_Maps_And_Diagrams_diffrhythm_TTA_001.mp3,mp3_64,64k,data/processed/mp3_robustness/mp3_64/sample_01273.mp3,True,encoded,1160507
sample_01279,FAKE,data/raw/Echoes/Echoes/TTA/diffrhythm/The_Secret_Garden_Barbarix_diffrhythm_TTA_001.mp3,mp3_128,128k,data/processed/mp3_robustness/mp3_128/sample_01279.mp3,True,encoded,1904684
sample_01279,FAKE,data/raw/Echoes/Echoes/TTA/diffrhythm/The_Secret_Garden_Barbarix_diffrhythm_TTA_001.mp3,mp3_64,64k,data/processed/mp3_robustness/mp3_64/sample_01279.mp3,True,encoded,952364
sample_01286,FAKE,data/raw/Echoes/Echoes/TTA/diffrhythm/Ugh_Humans_Can_Join_Mystery_Mammal_diffrhythm_TTA_001.mp3,mp3_128,128k,data/processed/mp3_robustness/mp3_128/sample_01286.mp3,True,encoded,1536879
sample_01286,FAKE,data/raw/Echoes/Echoes/TTA/diffrhythm/Ugh_Humans_Can_Join_Mystery_Mammal_diffrhythm_TTA_001.mp3,mp3_64,64k,data/processed/mp3_robustness/mp3_64/sample_01286.mp3,True,encoded,768461
sample_01294,FAKE,data/raw/Echoes/Echoes/TTA/diffrhythm/Yurtology_Michett_diffrhythm_TTA_001.mp3,mp3_128,128k,data/processed/mp3_robustness/mp3_128/sample_01294.mp3,True,encoded,1840736
sample_01294,FAKE,data/raw/Echoes/Echoes/TTA/diffrhythm/Yurtology_Michett_diffrhythm_TTA_001.mp3,mp3_64,64k,data/processed/mp3_robustness/mp3_64/sample_01294.mp3,True,encoded,920390
sample_01302,FAKE,data/raw/Echoes/Echoes/TTA/diffrhythm/Different_Day_First_diffrhythm_TTA_001.mp3,mp3_128,128k,data/processed/mp3_robustness/mp3_128/sample_01302.mp3,True,encoded,1616292
sample_01302,FAKE,data/raw/Echoes/Echoes/TTA/diffrhythm/Different_Day_First_diffrhythm_TTA_001.mp3,mp3_64,64k,data/processed/mp3_robustness/mp3_64/sample_01302.mp3,True,encoded,808168
sample_01303,FAKE,data/raw/Echoes/Echoes/TTA/diffrhythm/El_Burrito_Malaventura_diffrhythm_TTA_001.mp3,mp3_128,128k,data/processed/mp3_robustness/mp3_128/sample_01303.mp3,True,encoded,1856618
sample_01303,FAKE,data/raw/Echoes/Echoes/TTA/diffrhythm/El_Burrito_Malaventura_diffrhythm_TTA_001.mp3,mp3_64,64k,data/processed/mp3_robustness/mp3_64/sample_01303.mp3,True,encoded,928331
sample_01308,FAKE,data/raw/Echoes/Echoes/TTA/diffrhythm/Hungry_Oh_Yeah_the_Future_diffrhythm_TTA_001.mp3,mp3_128,128k,data/processed/mp3_robustness/mp3_128/sample_01308.mp3,True,encoded,2193075
sample_01308,FAKE,data/raw/Echoes/Echoes/TTA/diffrhythm/Hungry_Oh_Yeah_the_Future_diffrhythm_TTA_001.mp3,mp3_64,64k,data/processed/mp3_robustness/mp3_64/sample_01308.mp3,True,encoded,1096559
sample_01322,FAKE,data/raw/Echoes/Echoes/TTA/diffrhythm/Motocross_Mania_Monroeville_Music_Center_diffrhythm_TTA_001.mp3,mp3_128,128k,data/processed/mp3_robustness/mp3_128/sample_01322.mp3,True,encoded,1953167
sample_01322,FAKE,data/raw/Echoes/Echoes/TTA/diffrhythm/Motocross_Mania_Monroeville_Music_Center_diffrhythm_TTA_001.mp3,mp3_64,64k,data/processed/mp3_robustness/mp3_64/sample_01322.mp3,True,encoded,976605
sample_01323,FAKE,data/raw/Echoes/Echoes/TTA/diffrhythm/Music_For_an_Underground_Circu_Ergo_Phizmiz_diffrhythm_TTA_001.mp3,mp3_128,128k,data/processed/mp3_robustness/mp3_128/sample_01323.mp3,True,encoded,1888383
sample_01323,FAKE,data/raw/Echoes/Echoes/TTA/diffrhythm/Music_For_an_Underground_Circu_Ergo_Phizmiz_diffrhythm_TTA_001.mp3,mp3_64,64k,data/processed/mp3_robustness/mp3_64/sample_01323.mp3,True,encoded,944213
sample_01337,FAKE,data/raw/Echoes/Echoes/TTA/diffrhythm/Production_Bird_Names_diffrhythm_TTA_001.mp3,mp3_128,128k,data/processed/mp3_robustness/mp3_128/sample_01337.mp3,True,encoded,1632592
sample_01337,FAKE,data/raw/Echoes/Echoes/TTA/diffrhythm/Production_Bird_Names_diffrhythm_TTA_001.mp3,mp3_64,64k,data/processed/mp3_robustness/mp3_64/sample_01337.mp3,True,encoded,816318
sample_01343,FAKE,data/raw/Echoes/Echoes/TTA/diffrhythm/She_Works_Tepid_Waters_Bird_Names_diffrhythm_TTA_001.mp3,mp3_128,128k,data/processed/mp3_robustness/mp3_128/sample_01343.mp3,True,encoded,1904684
sample_01343,FAKE,data/raw/Echoes/Echoes/TTA/diffrhythm/She_Works_Tepid_Waters_Bird_Names_diffrhythm_TTA_001.mp3,mp3_64,64k,data/processed/mp3_robustness/mp3_64/sample_01343.mp3,True,encoded,952364
sample_01344,FAKE,data/raw/Echoes/Echoes/TTA/diffrhythm/She_Works_Tepid_Waters_Bird_Names_diffrhythm_TTA_002.mp3,mp3_128,128k,data/processed/mp3_robustness/mp3_128/sample_01344.mp3,True,encoded,2017115
sample_01344,FAKE,data/raw/Echoes/Echoes/TTA/diffrhythm/She_Works_Tepid_Waters_Bird_Names_diffrhythm_TTA_002.mp3,mp3_64,64k,data/processed/mp3_robustness/mp3_64/sample_01344.mp3,True,encoded,1008579
sample_01348,FAKE,data/raw/Echoes/Echoes/TTA/diffrhythm/Something_Dirty_Ergo_Phizmiz_diffrhythm_TTA_001.mp3,mp3_128,128k,data/processed/mp3_robustness/mp3_128/sample_01348.mp3,True,encoded,1888383
sample_01348,FAKE,data/raw/Echoes/Echoes/TTA/diffrhythm/Something_Dirty_Ergo_Phizmiz_diffrhythm_TTA_001.mp3,mp3_64,64k,data/processed/mp3_robustness/mp3_64/sample_01348.mp3,True,encoded,944213
sample_01357,FAKE,data/raw/Echoes/Echoes/TTA/diffrhythm/The_Pursuit_of_Unintentional_Humor_Oh_Yeah_the_Future_diffrhythm_TTA_001.mp3,mp3_128,128k,data/processed/mp3_robustness/mp3_128/sample_01357.mp3,True,encoded,2240723
sample_01357,FAKE,data/raw/Echoes/Echoes/TTA/diffrhythm/The_Pursuit_of_Unintentional_Humor_Oh_Yeah_the_Future_diffrhythm_TTA_001.mp3,mp3_64,64k,data/processed/mp3_robustness/mp3_64/sample_01357.mp3,True,encoded,1120383
sample_01363,FAKE,data/raw/Echoes/Echoes/TTA/diffrhythm/Troubles_Ive_seen_Malaventura_diffrhythm_TTA_001.mp3,mp3_128,128k,data/processed/mp3_robustness/mp3_128/sample_01363.mp3,True,encoded,1856618
sample_01363,FAKE,data/raw/Echoes/Echoes/TTA/diffrhythm/Troubles_Ive_seen_Malaventura_diffrhythm_TTA_001.mp3,mp3_64,64k,data/processed/mp3_robustness/mp3_64/sample_01363.mp3,True,encoded,928331
sample_01364,FAKE,data/raw/Echoes/Echoes/TTA/diffrhythm/Troubles_Ive_seen_Malaventura_diffrhythm_TTA_002.mp3,mp3_128,128k,data/processed/mp3_robustness/mp3_128/sample_01364.mp3,True,encoded,2320971
sample_01364,FAKE,data/raw/Echoes/Echoes/TTA/diffrhythm/Troubles_Ive_seen_Malaventura_diffrhythm_TTA_002.mp3,mp3_64,64k,data/processed/mp3_robustness/mp3_64/sample_01364.mp3,True,encoded,1160507
sample_01374,FAKE,data/raw/Echoes/Echoes/TTA/diffrhythm/5_Lexington_Isle_of_Pine_diffrhythm_TTA_001.mp3,mp3_128,128k,data/processed/mp3_robustness/mp3_128/sample_01374.mp3,True,encoded,2224840
sample_01374,FAKE,data/raw/Echoes/Echoes/TTA/diffrhythm/5_Lexington_Isle_of_Pine_diffrhythm_TTA_001.mp3,mp3_64,64k,data/processed/mp3_robustness/mp3_64/sample_01374.mp3,True,encoded,1112442
sample_01377,FAKE,data/raw/Echoes/Echoes/TTA/diffrhythm/Attention_Pete_Prodoehl_diffrhythm_TTA_001.mp3,mp3_128,128k,data/processed/mp3_robustness/mp3_128/sample_01377.mp3,True,encoded,2272488
sample_01377,FAKE,data/raw/Echoes/Echoes/TTA/diffrhythm/Attention_Pete_Prodoehl_diffrhythm_TTA_001.mp3,mp3_64,64k,data/processed/mp3_robustness/mp3_64/sample_01377.mp3,True,encoded,1136266
sample_01407,FAKE,data/raw/Echoes/Echoes/TTA/diffrhythm/Head_of_Ancante_Talking_Tree_Akchamel_The_Giver_of_Illness_diffrhythm_TTA_001.mp3,mp3_128,128k,data/processed/mp3_robustness/mp3_128/sample_01407.mp3,True,encoded,2224840
sample_01407,FAKE,data/raw/Echoes/Echoes/TTA/diffrhythm/Head_of_Ancante_Talking_Tree_Akchamel_The_Giver_of_Illness_diffrhythm_TTA_001.mp3,mp3_64,64k,data/processed/mp3_robustness/mp3_64/sample_01407.mp3,True,encoded,1112442
sample_01416,FAKE,data/raw/Echoes/Echoes/TTA/diffrhythm/I_Inflammator_diffrhythm_TTA_001.mp3,mp3_128,128k,data/processed/mp3_robustness/mp3_128/sample_01416.mp3,True,encoded,1968631
sample_01416,FAKE,data/raw/Echoes/Echoes/TTA/diffrhythm/I_Inflammator_diffrhythm_TTA_001.mp3,mp3_64,64k,data/processed/mp3_robustness/mp3_64/sample_01416.mp3,True,encoded,984337
sample_01422,FAKE,data/raw/Echoes/Echoes/TTA/diffrhythm/Larbre_Salmo_diffrhythm_TTA_001.mp3,mp3_128,128k,data/processed/mp3_robustness/mp3_128/sample_01422.mp3,True,encoded,2080644
sample_01422,FAKE,data/raw/Echoes/Echoes/TTA/diffrhythm/Larbre_Salmo_diffrhythm_TTA_001.mp3,mp3_64,64k,data/processed/mp3_robustness/mp3_64/sample_01422.mp3,True,encoded,1040344
sample_01423,FAKE,data/raw/Echoes/Echoes/TTA/diffrhythm/Leaving_Here_Mod_Fun_diffrhythm_TTA_001.mp3,mp3_128,128k,data/processed/mp3_robustness/mp3_128/sample_01423.mp3,True,encoded,1840736
sample_01423,FAKE,data/raw/Echoes/Echoes/TTA/diffrhythm/Leaving_Here_Mod_Fun_diffrhythm_TTA_001.mp3,mp3_64,64k,data/processed/mp3_robustness/mp3_64/sample_01423.mp3,True,encoded,920390
sample_01426,FAKE,data/raw/Echoes/Echoes/TTA/diffrhythm/LIQUID_SKULLS_voyageurs_diffrhythm_TTA_001.mp3,mp3_128,128k,data/processed/mp3_robustness/mp3_128/sample_01426.mp3,True,encoded,1616292
sample_01426,FAKE,data/raw/Echoes/Echoes/TTA/diffrhythm/LIQUID_SKULLS_voyageurs_diffrhythm_TTA_001.mp3,mp3_64,64k,data/processed/mp3_robustness/mp3_64/sample_01426.mp3,True,encoded,808168
sample_01428,FAKE,data/raw/Echoes/Echoes/TTA/diffrhythm/Love_Dream_The_Zombie_Dandies_diffrhythm_TTA_001.mp3,mp3_128,128k,data/processed/mp3_robustness/mp3_128/sample_01428.mp3,True,encoded,1808971
sample_01428,FAKE,data/raw/Echoes/Echoes/TTA/diffrhythm/Love_Dream_The_Zombie_Dandies_diffrhythm_TTA_001.mp3,mp3_64,64k,data/processed/mp3_robustness/mp3_64/sample_01428.mp3,True,encoded,904507
sample_01432,FAKE,data/raw/Echoes/Echoes/TTA/diffrhythm/Moja_Krypta_AmortE_diffrhythm_TTA_001.mp3,mp3_128,128k,data/processed/mp3_robustness/mp3_128/sample_01432.mp3,True,encoded,1664775
sample_01432,FAKE,data/raw/Echoes/Echoes/TTA/diffrhythm/Moja_Krypta_AmortE_diffrhythm_TTA_001.mp3,mp3_64,64k,data/processed/mp3_robustness/mp3_64/sample_01432.mp3,True,encoded,832409
sample_01440,FAKE,data/raw/Echoes/Echoes/TTA/diffrhythm/Puertas_de_Fuego_Guerra_de_Cerdos_diffrhythm_TTA_001.mp3,mp3_128,128k,data/processed/mp3_robustness/mp3_128/sample_01440.mp3,True,encoded,1856618
sample_01440,FAKE,data/raw/Echoes/Echoes/TTA/diffrhythm/Puertas_de_Fuego_Guerra_de_Cerdos_diffrhythm_TTA_001.mp3,mp3_64,64k,data/processed/mp3_robustness/mp3_64/sample_01440.mp3,True,encoded,928331
sample_01449,FAKE,data/raw/Echoes/Echoes/TTA/diffrhythm/Sfogare_Il_Dissenso_Deiezione_HC_diffrhythm_TTA_001.mp3,mp3_128,128k,data/processed/mp3_robustness/mp3_128/sample_01449.mp3,True,encoded,1632592
sample_01449,FAKE,data/raw/Echoes/Echoes/TTA/diffrhythm/Sfogare_Il_Dissenso_Deiezione_HC_diffrhythm_TTA_001.mp3,mp3_64,64k,data/processed/mp3_robustness/mp3_64/sample_01449.mp3,True,encoded,816318
sample_01453,FAKE,data/raw/Echoes/Echoes/TTA/diffrhythm/Sonzis_FM_Pipe_Choir_diffrhythm_TTA_001.mp3,mp3_128,128k,data/processed/mp3_robustness/mp3_128/sample_01453.mp3,True,encoded,2304671
sample_01453,FAKE,data/raw/Echoes/Echoes/TTA/diffrhythm/Sonzis_FM_Pipe_Choir_diffrhythm_TTA_001.mp3,mp3_64,64k,data/processed/mp3_robustness/mp3_64/sample_01453.mp3,True,encoded,1152357
sample_01456,FAKE,data/raw/Echoes/Echoes/TTA/diffrhythm/Stuttgart_Portrayal_diffrhythm_TTA_001.mp3,mp3_128,128k,data/processed/mp3_robustness/mp3_128/sample_01456.mp3,True,encoded,2048879
sample_01456,FAKE,data/raw/Echoes/Echoes/TTA/diffrhythm/Stuttgart_Portrayal_diffrhythm_TTA_001.mp3,mp3_64,64k,data/processed/mp3_robustness/mp3_64/sample_01456.mp3,True,encoded,1024461
sample_01458,FAKE,data/raw/Echoes/Echoes/TTA/diffrhythm/Terve_Teille_Чокнутый_Пропеллер_diffrhythm_TTA_001.mp3,mp3_128,128k,data/processed/mp3_robustness/mp3_128/sample_01458.mp3,True,encoded,1648475
sample_01458,FAKE,data/raw/Echoes/Echoes/TTA/diffrhythm/Terve_Teille_Чокнутый_Пропеллер_diffrhythm_TTA_001.mp3,mp3_64,64k,data/processed/mp3_robustness/mp3_64/sample_01458.mp3,True,encoded,824259
sample_01465,FAKE,data/raw/Echoes/Echoes/TTA/diffrhythm/Untitled_Fatal_Injection_diffrhythm_TTA_001.mp3,mp3_128,128k,data/processed/mp3_robustness/mp3_128/sample_01465.mp3,True,encoded,2288788
sample_01465,FAKE,data/raw/Echoes/Echoes/TTA/diffrhythm/Untitled_Fatal_Injection_diffrhythm_TTA_001.mp3,mp3_64,64k,data/processed/mp3_robustness/mp3_64/sample_01465.mp3,True,encoded,1144416
sample_01472,FAKE,data/raw/Echoes/Echoes/TTA/diffrhythm/Where_Is_Everything_The_Moi_Non_Plus_diffrhythm_TTA_001.mp3,mp3_128,128k,data/processed/mp3_robustness/mp3_128/sample_01472.mp3,True,encoded,2064344
sample_01472,FAKE,data/raw/Echoes/Echoes/TTA/diffrhythm/Where_Is_Everything_The_Moi_Non_Plus_diffrhythm_TTA_001.mp3,mp3_64,64k,data/processed/mp3_robustness/mp3_64/sample_01472.mp3,True,encoded,1032194
sample_01473,FAKE,data/raw/Echoes/Echoes/TTA/diffrhythm/Who_Loves_You_Dear_Mink_Lungs_diffrhythm_TTA_001.mp3,mp3_128,128k,data/processed/mp3_robustness/mp3_128/sample_01473.mp3,True,encoded,1920148
sample_01473,FAKE,data/raw/Echoes/Echoes/TTA/diffrhythm/Who_Loves_You_Dear_Mink_Lungs_diffrhythm_TTA_001.mp3,mp3_64,64k,data/processed/mp3_robustness/mp3_64/sample_01473.mp3,True,encoded,960096
sample_01481,FAKE,data/raw/Echoes/Echoes/TTA/mubert/Night_Owl_Broke_For_Free_mubert_TTA_001.mp3,mp3_128,128k,data/processed/mp3_robustness/mp3_128/sample_01481.mp3,True,encoded,2881088
sample_01481,FAKE,data/raw/Echoes/Echoes/TTA/mubert/Night_Owl_Broke_For_Free_mubert_TTA_001.mp3,mp3_64,64k,data/processed/mp3_robustness/mp3_64/sample_01481.mp3,True,encoded,1440592
sample_01484,FAKE,data/raw/Echoes/Echoes/TTA/mubert/Fuckaboing_RoccoW_mubert_TTA_001.mp3,mp3_128,128k,data/processed/mp3_robustness/mp3_128/sample_01484.mp3,True,encoded,2881088
sample_01484,FAKE,data/raw/Echoes/Echoes/TTA/mubert/Fuckaboing_RoccoW_mubert_TTA_001.mp3,mp3_64,64k,data/processed/mp3_robustness/mp3_64/sample_01484.mp3,True,encoded,1440592
sample_01492,FAKE,data/raw/Echoes/Echoes/TTA/mubert/Resistentialism_Nihilore_mubert_TTA_001.mp3,mp3_128,128k,data/processed/mp3_robustness/mp3_128/sample_01492.mp3,True,encoded,2881088
sample_01492,FAKE,data/raw/Echoes/Echoes/TTA/mubert/Resistentialism_Nihilore_mubert_TTA_001.mp3,mp3_64,64k,data/processed/mp3_robustness/mp3_64/sample_01492.mp3,True,encoded,1440592
sample_01495,FAKE,data/raw/Echoes/Echoes/TTA/mubert/Dance_Harder_Three_Chain_Links_mubert_TTA_001.mp3,mp3_128,128k,data/processed/mp3_robustness/mp3_128/sample_01495.mp3,True,encoded,2881088
sample_01495,FAKE,data/raw/Echoes/Echoes/TTA/mubert/Dance_Harder_Three_Chain_Links_mubert_TTA_001.mp3,mp3_64,64k,data/processed/mp3_robustness/mp3_64/sample_01495.mp3,True,encoded,1440592
sample_01499,FAKE,data/raw/Echoes/Echoes/TTA/mubert/Realize_Me_Jim_Rooster_mubert_TTA_001.mp3,mp3_128,128k,data/processed/mp3_robustness/mp3_128/sample_01499.mp3,True,encoded,2881088
sample_01499,FAKE,data/raw/Echoes/Echoes/TTA/mubert/Realize_Me_Jim_Rooster_mubert_TTA_001.mp3,mp3_64,64k,data/processed/mp3_robustness/mp3_64/sample_01499.mp3,True,encoded,1440592
sample_01511,FAKE,data/raw/Echoes/Echoes/TTA/mubert/Pista_Afuera_Epstein_mubert_TTA_001.mp3,mp3_128,128k,data/processed/mp3_robustness/mp3_128/sample_01511.mp3,True,encoded,2881088
sample_01511,FAKE,data/raw/Echoes/Echoes/TTA/mubert/Pista_Afuera_Epstein_mubert_TTA_001.mp3,mp3_64,64k,data/processed/mp3_robustness/mp3_64/sample_01511.mp3,True,encoded,1440592
sample_01516,FAKE,data/raw/Echoes/Echoes/TTA/mubert/Ugh_Humans_Can_Join_Mystery_Mammal_mubert_TTA_001.mp3,mp3_128,128k,data/processed/mp3_robustness/mp3_128/sample_01516.mp3,True,encoded,2881088
sample_01516,FAKE,data/raw/Echoes/Echoes/TTA/mubert/Ugh_Humans_Can_Join_Mystery_Mammal_mubert_TTA_001.mp3,mp3_64,64k,data/processed/mp3_robustness/mp3_64/sample_01516.mp3,True,encoded,1440592
sample_01531,FAKE,data/raw/Echoes/Echoes/TTA/mubert/Troubles_Ive_seen_Malaventura_mubert_TTA_001.mp3,mp3_128,128k,data/processed/mp3_robustness/mp3_128/sample_01531.mp3,True,encoded,3841140
sample_01531,FAKE,data/raw/Echoes/Echoes/TTA/mubert/Troubles_Ive_seen_Malaventura_mubert_TTA_001.mp3,mp3_64,64k,data/processed/mp3_robustness/mp3_64/sample_01531.mp3,True,encoded,1920618
sample_01535,FAKE,data/raw/Echoes/Echoes/TTA/mubert/Motocross_Mania_Monroeville_Music_Center_mubert_TTA_001.mp3,mp3_128,128k,data/processed/mp3_robustness/mp3_128/sample_01535.mp3,True,encoded,3841140
sample_01535,FAKE,data/raw/Echoes/Echoes/TTA/mubert/Motocross_Mania_Monroeville_Music_Center_mubert_TTA_001.mp3,mp3_64,64k,data/processed/mp3_robustness/mp3_64/sample_01535.mp3,True,encoded,1920618
sample_01539,FAKE,data/raw/Echoes/Echoes/TTA/mubert/Different_Day_First_mubert_TTA_001.mp3,mp3_128,128k,data/processed/mp3_robustness/mp3_128/sample_01539.mp3,True,encoded,3841140
sample_01539,FAKE,data/raw/Echoes/Echoes/TTA/mubert/Different_Day_First_mubert_TTA_001.mp3,mp3_64,64k,data/processed/mp3_robustness/mp3_64/sample_01539.mp3,True,encoded,1920618
sample_01546,FAKE,data/raw/Echoes/Echoes/TTA/mubert/Hungry_Oh_Yeah_the_Future_mubert_TTA_001.mp3,mp3_128,128k,data/processed/mp3_robustness/mp3_128/sample_01546.mp3,True,encoded,3841140
sample_01546,FAKE,data/raw/Echoes/Echoes/TTA/mubert/Hungry_Oh_Yeah_the_Future_mubert_TTA_001.mp3,mp3_64,64k,data/processed/mp3_robustness/mp3_64/sample_01546.mp3,True,encoded,1920618
sample_01550,FAKE,data/raw/Echoes/Echoes/TTA/mubert/She_Works_Tepid_Waters_Bird_Names_mubert_TTA_001.mp3,mp3_128,128k,data/processed/mp3_robustness/mp3_128/sample_01550.mp3,True,encoded,3841140
sample_01550,FAKE,data/raw/Echoes/Echoes/TTA/mubert/She_Works_Tepid_Waters_Bird_Names_mubert_TTA_001.mp3,mp3_64,64k,data/processed/mp3_robustness/mp3_64/sample_01550.mp3,True,encoded,1920618
sample_01553,FAKE,data/raw/Echoes/Echoes/TTA/mubert/Something_Dirty_Ergo_Phizmiz_mubert_TTA_001.mp3,mp3_128,128k,data/processed/mp3_robustness/mp3_128/sample_01553.mp3,True,encoded,3841140
sample_01553,FAKE,data/raw/Echoes/Echoes/TTA/mubert/Something_Dirty_Ergo_Phizmiz_mubert_TTA_001.mp3,mp3_64,64k,data/processed/mp3_robustness/mp3_64/sample_01553.mp3,True,encoded,1920618
sample_01559,FAKE,data/raw/Echoes/Echoes/TTA/mubert/Music_For_an_Underground_Circu_Ergo_Phizmiz_mubert_TTA_001.mp3,mp3_128,128k,data/processed/mp3_robustness/mp3_128/sample_01559.mp3,True,encoded,3841140
sample_01559,FAKE,data/raw/Echoes/Echoes/TTA/mubert/Music_For_an_Underground_Circu_Ergo_Phizmiz_mubert_TTA_001.mp3,mp3_64,64k,data/processed/mp3_robustness/mp3_64/sample_01559.mp3,True,encoded,1920618
sample_01581,FAKE,data/raw/Echoes/Echoes/TTA/mubert/Where_Is_Everything_The_Moi_Non_Plus_mubert_TTA_001.mp3,mp3_128,128k,data/processed/mp3_robustness/mp3_128/sample_01581.mp3,True,encoded,3841140
sample_01581,FAKE,data/raw/Echoes/Echoes/TTA/mubert/Where_Is_Everything_The_Moi_Non_Plus_mubert_TTA_001.mp3,mp3_64,64k,data/processed/mp3_robustness/mp3_64/sample_01581.mp3,True,encoded,1920618
sample_01586,FAKE,data/raw/Echoes/Echoes/TTA/mubert/Stuttgart_Portrayal_mubert_TTA_001.mp3,mp3_128,128k,data/processed/mp3_robustness/mp3_128/sample_01586.mp3,True,encoded,3841140
sample_01586,FAKE,data/raw/Echoes/Echoes/TTA/mubert/Stuttgart_Portrayal_mubert_TTA_001.mp3,mp3_64,64k,data/processed/mp3_robustness/mp3_64/sample_01586.mp3,True,encoded,1920618
sample_01587,FAKE,data/raw/Echoes/Echoes/TTA/mubert/I_Inflammator_mubert_TTA_001.mp3,mp3_128,128k,data/processed/mp3_robustness/mp3_128/sample_01587.mp3,True,encoded,3841140
sample_01587,FAKE,data/raw/Echoes/Echoes/TTA/mubert/I_Inflammator_mubert_TTA_001.mp3,mp3_64,64k,data/processed/mp3_robustness/mp3_64/sample_01587.mp3,True,encoded,1920618
sample_01597,FAKE,data/raw/Echoes/Echoes/TTA/mubert/Sfogare_Il_Dissenso_Deiezione_HC_mubert_TTA_001.mp3,mp3_128,128k,data/processed/mp3_robustness/mp3_128/sample_01597.mp3,True,encoded,3841140
sample_01597,FAKE,data/raw/Echoes/Echoes/TTA/mubert/Sfogare_Il_Dissenso_Deiezione_HC_mubert_TTA_001.mp3,mp3_64,64k,data/processed/mp3_robustness/mp3_64/sample_01597.mp3,True,encoded,1920618
sample_01604,FAKE,data/raw/Echoes/Echoes/TTA/mubert/Who_Loves_You_Dear_Mink_Lungs_mubert_TTA_001.mp3,mp3_128,128k,data/processed/mp3_robustness/mp3_128/sample_01604.mp3,True,encoded,3841140
sample_01604,FAKE,data/raw/Echoes/Echoes/TTA/mubert/Who_Loves_You_Dear_Mink_Lungs_mubert_TTA_001.mp3,mp3_64,64k,data/processed/mp3_robustness/mp3_64/sample_01604.mp3,True,encoded,1920618
sample_01609,FAKE,data/raw/Echoes/Echoes/TTA/mubert/Attention_Pete_Prodoehl_mubert_TTA_001.mp3,mp3_128,128k,data/processed/mp3_robustness/mp3_128/sample_01609.mp3,True,encoded,3841140
sample_01609,FAKE,data/raw/Echoes/Echoes/TTA/mubert/Attention_Pete_Prodoehl_mubert_TTA_001.mp3,mp3_64,64k,data/processed/mp3_robustness/mp3_64/sample_01609.mp3,True,encoded,1920618
sample_01614,FAKE,data/raw/Echoes/Echoes/TTA/mubert/Love_Dream_The_Zombie_Dandies_mubert_TTA_001.mp3,mp3_128,128k,data/processed/mp3_robustness/mp3_128/sample_01614.mp3,True,encoded,3841140
sample_01614,FAKE,data/raw/Echoes/Echoes/TTA/mubert/Love_Dream_The_Zombie_Dandies_mubert_TTA_001.mp3,mp3_64,64k,data/processed/mp3_robustness/mp3_64/sample_01614.mp3,True,encoded,1920618
sample_01623,FAKE,data/raw/Echoes/Echoes/TTA/mubert/Head_of_Ancante_Talking_Tree_Akchamel_The_Giver_of_Illness_mubert_TTA_001.mp3,mp3_128,128k,data/processed/mp3_robustness/mp3_128/sample_01623.mp3,True,encoded,3841140
sample_01623,FAKE,data/raw/Echoes/Echoes/TTA/mubert/Head_of_Ancante_Talking_Tree_Akchamel_The_Giver_of_Illness_mubert_TTA_001.mp3,mp3_64,64k,data/processed/mp3_robustness/mp3_64/sample_01623.mp3,True,encoded,1920618
sample_01625,FAKE,data/raw/Echoes/Echoes/TTA/mubert/Terve_Teille_Чокнутый_Пропеллер_mubert_TTA_001.mp3,mp3_128,128k,data/processed/mp3_robustness/mp3_128/sample_01625.mp3,True,encoded,3841140
sample_01625,FAKE,data/raw/Echoes/Echoes/TTA/mubert/Terve_Teille_Чокнутый_Пропеллер_mubert_TTA_001.mp3,mp3_64,64k,data/processed/mp3_robustness/mp3_64/sample_01625.mp3,True,encoded,1920618
sample_01626,FAKE,data/raw/Echoes/Echoes/TTA/mubert/LIQUID_SKULLS_voyageurs_mubert_TTA_001.mp3,mp3_128,128k,data/processed/mp3_robustness/mp3_128/sample_01626.mp3,True,encoded,3841140
sample_01626,FAKE,data/raw/Echoes/Echoes/TTA/mubert/LIQUID_SKULLS_voyageurs_mubert_TTA_001.mp3,mp3_64,64k,data/processed/mp3_robustness/mp3_64/sample_01626.mp3,True,encoded,1920618
sample_01637,FAKE,data/raw/Echoes/Echoes/TTA/producer/Dance_Harder_Three_Chain_Links_producer_TTA_001.mp3,mp3_128,128k,data/processed/mp3_robustness/mp3_128/sample_01637.mp3,True,encoded,3591567
sample_01637,FAKE,data/raw/Echoes/Echoes/TTA/producer/Dance_Harder_Three_Chain_Links_producer_TTA_001.mp3,mp3_64,64k,data/processed/mp3_robustness/mp3_64/sample_01637.mp3,True,encoded,1795805
sample_01643,FAKE,data/raw/Echoes/Echoes/TTA/producer/Fuckaboing_RoccoW_producer_TTA_001.mp3,mp3_128,128k,data/processed/mp3_robustness/mp3_128/sample_01643.mp3,True,encoded,2782816
sample_01643,FAKE,data/raw/Echoes/Echoes/TTA/producer/Fuckaboing_RoccoW_producer_TTA_001.mp3,mp3_64,64k,data/processed/mp3_robustness/mp3_64/sample_01643.mp3,True,encoded,1391430
sample_01651,FAKE,data/raw/Echoes/Echoes/TTA/producer/Night_Owl_Broke_For_Free_producer_TTA_001.mp3,mp3_128,128k,data/processed/mp3_robustness/mp3_128/sample_01651.mp3,True,encoded,2271652
sample_01651,FAKE,data/raw/Echoes/Echoes/TTA/producer/Night_Owl_Broke_For_Free_producer_TTA_001.mp3,mp3_64,64k,data/processed/mp3_robustness/mp3_64/sample_01651.mp3,True,encoded,1135848
sample_01661,FAKE,data/raw/Echoes/Echoes/TTA/producer/Pista_Afuera_Epstein_producer_TTA_001.mp3,mp3_128,128k,data/processed/mp3_robustness/mp3_128/sample_01661.mp3,True,encoded,2973405
sample_01661,FAKE,data/raw/Echoes/Echoes/TTA/producer/Pista_Afuera_Epstein_producer_TTA_001.mp3,mp3_64,64k,data/processed/mp3_robustness/mp3_64/sample_01661.mp3,True,encoded,1486724
sample_01663,FAKE,data/raw/Echoes/Echoes/TTA/producer/Realize_Me_Jim_Rooster_producer_TTA_001.mp3,mp3_128,128k,data/processed/mp3_robustness/mp3_128/sample_01663.mp3,True,encoded,3187400
sample_01663,FAKE,data/raw/Echoes/Echoes/TTA/producer/Realize_Me_Jim_Rooster_producer_TTA_001.mp3,mp3_64,64k,data/processed/mp3_robustness/mp3_64/sample_01663.mp3,True,encoded,1593722
sample_01664,FAKE,data/raw/Echoes/Echoes/TTA/producer/Resistentialism_Nihilore_producer_TTA_001.mp3,mp3_128,128k,data/processed/mp3_robustness/mp3_128/sample_01664.mp3,True,encoded,3531799
sample_01664,FAKE,data/raw/Echoes/Echoes/TTA/producer/Resistentialism_Nihilore_producer_TTA_001.mp3,mp3_64,64k,data/processed/mp3_robustness/mp3_64/sample_01664.mp3,True,encoded,1765921
sample_01675,FAKE,data/raw/Echoes/Echoes/TTA/producer/Ugh_Humans_Can_Join_Mystery_Mammal_producer_TTA_001.mp3,mp3_128,128k,data/processed/mp3_robustness/mp3_128/sample_01675.mp3,True,encoded,3436922
sample_01675,FAKE,data/raw/Echoes/Echoes/TTA/producer/Ugh_Humans_Can_Join_Mystery_Mammal_producer_TTA_001.mp3,mp3_64,64k,data/processed/mp3_robustness/mp3_64/sample_01675.mp3,True,encoded,1718483
sample_01684,FAKE,data/raw/Echoes/Echoes/TTA/producer/Different_Day_First_producer_TTA_001.mp3,mp3_128,128k,data/processed/mp3_robustness/mp3_128/sample_01684.mp3,True,encoded,3068282
sample_01684,FAKE,data/raw/Echoes/Echoes/TTA/producer/Different_Day_First_producer_TTA_001.mp3,mp3_64,64k,data/processed/mp3_robustness/mp3_64/sample_01684.mp3,True,encoded,1534163
sample_01689,FAKE,data/raw/Echoes/Echoes/TTA/producer/Hungry_Oh_Yeah_the_Future_producer_TTA_001.mp3,mp3_128,128k,data/processed/mp3_robustness/mp3_128/sample_01689.mp3,True,encoded,3199103
sample_01689,FAKE,data/raw/Echoes/Echoes/TTA/producer/Hungry_Oh_Yeah_the_Future_producer_TTA_001.mp3,mp3_64,64k,data/processed/mp3_robustness/mp3_64/sample_01689.mp3,True,encoded,1599573
sample_01700,FAKE,data/raw/Echoes/Echoes/TTA/producer/Motocross_Mania_Monroeville_Music_Center_producer_TTA_001.mp3,mp3_128,128k,data/processed/mp3_robustness/mp3_128/sample_01700.mp3,True,encoded,3151456
sample_01700,FAKE,data/raw/Echoes/Echoes/TTA/producer/Motocross_Mania_Monroeville_Music_Center_producer_TTA_001.mp3,mp3_64,64k,data/processed/mp3_robustness/mp3_64/sample_01700.mp3,True,encoded,1575750
sample_01701,FAKE,data/raw/Echoes/Echoes/TTA/producer/Music_For_an_Underground_Circu_Ergo_Phizmiz_producer_TTA_001.mp3,mp3_128,128k,data/processed/mp3_robustness/mp3_128/sample_01701.mp3,True,encoded,3329924
sample_01701,FAKE,data/raw/Echoes/Echoes/TTA/producer/Music_For_an_Underground_Circu_Ergo_Phizmiz_producer_TTA_001.mp3,mp3_64,64k,data/processed/mp3_robustness/mp3_64/sample_01701.mp3,True,encoded,1664984
sample_01702,FAKE,data/raw/Echoes/Echoes/TTA/producer/Music_For_an_Underground_Circu_Ergo_Phizmiz_producer_TTA_002.mp3,mp3_128,128k,data/processed/mp3_robustness/mp3_128/sample_01702.mp3,True,encoded,2117425
sample_01702,FAKE,data/raw/Echoes/Echoes/TTA/producer/Music_For_an_Underground_Circu_Ergo_Phizmiz_producer_TTA_002.mp3,mp3_64,64k,data/processed/mp3_robustness/mp3_64/sample_01702.mp3,True,encoded,1058734
sample_01712,FAKE,data/raw/Echoes/Echoes/TTA/producer/She_Works_Tepid_Waters_Bird_Names_producer_TTA_001.mp3,mp3_128,128k,data/processed/mp3_robustness/mp3_128/sample_01712.mp3,True,encoded,3187400
sample_01712,FAKE,data/raw/Echoes/Echoes/TTA/producer/She_Works_Tepid_Waters_Bird_Names_producer_TTA_001.mp3,mp3_64,64k,data/processed/mp3_robustness/mp3_64/sample_01712.mp3,True,encoded,1593722
sample_01714,FAKE,data/raw/Echoes/Echoes/TTA/producer/Something_Dirty_Ergo_Phizmiz_producer_TTA_001.mp3,mp3_128,128k,data/processed/mp3_robustness/mp3_128/sample_01714.mp3,True,encoded,2247828
sample_01714,FAKE,data/raw/Echoes/Echoes/TTA/producer/Something_Dirty_Ergo_Phizmiz_producer_TTA_001.mp3,mp3_64,64k,data/processed/mp3_robustness/mp3_64/sample_01714.mp3,True,encoded,1123936
sample_01724,FAKE,data/raw/Echoes/Echoes/TTA/producer/Troubles_Ive_seen_Malaventura_producer_TTA_001.mp3,mp3_128,128k,data/processed/mp3_robustness/mp3_128/sample_01724.mp3,True,encoded,3151456
sample_01724,FAKE,data/raw/Echoes/Echoes/TTA/producer/Troubles_Ive_seen_Malaventura_producer_TTA_001.mp3,mp3_64,64k,data/processed/mp3_robustness/mp3_64/sample_01724.mp3,True,encoded,1575750
sample_01731,FAKE,data/raw/Echoes/Echoes/TTA/producer/Attention_Pete_Prodoehl_producer_TTA_001.mp3,mp3_128,128k,data/processed/mp3_robustness/mp3_128/sample_01731.mp3,True,encoded,3329924
sample_01731,FAKE,data/raw/Echoes/Echoes/TTA/producer/Attention_Pete_Prodoehl_producer_TTA_001.mp3,mp3_64,64k,data/processed/mp3_robustness/mp3_64/sample_01731.mp3,True,encoded,1664984
sample_01739,FAKE,data/raw/Echoes/Echoes/TTA/producer/Head_of_Ancante_Talking_Tree_Akchamel_The_Giver_of_Illness_producer_TTA_001.mp3,mp3_128,128k,data/processed/mp3_robustness/mp3_128/sample_01739.mp3,True,encoded,3769617
sample_01739,FAKE,data/raw/Echoes/Echoes/TTA/producer/Head_of_Ancante_Talking_Tree_Akchamel_The_Giver_of_Illness_producer_TTA_001.mp3,mp3_64,64k,data/processed/mp3_robustness/mp3_64/sample_01739.mp3,True,encoded,1884830
sample_01743,FAKE,data/raw/Echoes/Echoes/TTA/producer/I_Inflammator_producer_TTA_001.mp3,mp3_128,128k,data/processed/mp3_robustness/mp3_128/sample_01743.mp3,True,encoded,3638796
sample_01743,FAKE,data/raw/Echoes/Echoes/TTA/producer/I_Inflammator_producer_TTA_001.mp3,mp3_64,64k,data/processed/mp3_robustness/mp3_64/sample_01743.mp3,True,encoded,1819420
sample_01746,FAKE,data/raw/Echoes/Echoes/TTA/producer/LIQUID_SKULLS_voyageurs_producer_TTA_001.mp3,mp3_128,128k,data/processed/mp3_robustness/mp3_128/sample_01746.mp3,True,encoded,3496272
sample_01746,FAKE,data/raw/Echoes/Echoes/TTA/producer/LIQUID_SKULLS_voyageurs_producer_TTA_001.mp3,mp3_64,64k,data/processed/mp3_robustness/mp3_64/sample_01746.mp3,True,encoded,1748158
sample_01748,FAKE,data/raw/Echoes/Echoes/TTA/producer/Love_Dream_The_Zombie_Dandies_producer_TTA_001.mp3,mp3_128,128k,data/processed/mp3_robustness/mp3_128/sample_01748.mp3,True,encoded,2224422
sample_01748,FAKE,data/raw/Echoes/Echoes/TTA/producer/Love_Dream_The_Zombie_Dandies_producer_TTA_001.mp3,mp3_64,64k,data/processed/mp3_robustness/mp3_64/sample_01748.mp3,True,encoded,1112233
sample_01761,FAKE,data/raw/Echoes/Echoes/TTA/producer/Sfogare_Il_Dissenso_Deiezione_HC_producer_TTA_001.mp3,mp3_128,128k,data/processed/mp3_robustness/mp3_128/sample_01761.mp3,True,encoded,3008932
sample_01761,FAKE,data/raw/Echoes/Echoes/TTA/producer/Sfogare_Il_Dissenso_Deiezione_HC_producer_TTA_001.mp3,mp3_64,64k,data/processed/mp3_robustness/mp3_64/sample_01761.mp3,True,encoded,1504488
sample_01765,FAKE,data/raw/Echoes/Echoes/TTA/producer/Stuttgart_Portrayal_producer_TTA_001.mp3,mp3_128,128k,data/processed/mp3_robustness/mp3_128/sample_01765.mp3,True,encoded,3139753
sample_01765,FAKE,data/raw/Echoes/Echoes/TTA/producer/Stuttgart_Portrayal_producer_TTA_001.mp3,mp3_64,64k,data/processed/mp3_robustness/mp3_64/sample_01765.mp3,True,encoded,1569898
sample_01766,FAKE,data/raw/Echoes/Echoes/TTA/producer/Terve_Teille_Чокнутый_Пропеллер_producer_TTA_001.mp3,mp3_128,128k,data/processed/mp3_robustness/mp3_128/sample_01766.mp3,True,encoded,2402473
sample_01766,FAKE,data/raw/Echoes/Echoes/TTA/producer/Terve_Teille_Чокнутый_Пропеллер_producer_TTA_001.mp3,mp3_64,64k,data/processed/mp3_robustness/mp3_64/sample_01766.mp3,True,encoded,1201258
sample_01773,FAKE,data/raw/Echoes/Echoes/TTA/producer/Where_Is_Everything_The_Moi_Non_Plus_producer_TTA_001.mp3,mp3_128,128k,data/processed/mp3_robustness/mp3_128/sample_01773.mp3,True,encoded,678809
sample_01773,FAKE,data/raw/Echoes/Echoes/TTA/producer/Where_Is_Everything_The_Moi_Non_Plus_producer_TTA_001.mp3,mp3_64,64k,data/processed/mp3_robustness/mp3_64/sample_01773.mp3,True,encoded,339426
sample_01774,FAKE,data/raw/Echoes/Echoes/TTA/producer/Who_Loves_You_Dear_Mink_Lungs_producer_TTA_001.mp3,mp3_128,128k,data/processed/mp3_robustness/mp3_128/sample_01774.mp3,True,encoded,3056579
sample_01774,FAKE,data/raw/Echoes/Echoes/TTA/producer/Who_Loves_You_Dear_Mink_Lungs_producer_TTA_001.mp3,mp3_64,64k,data/processed/mp3_robustness/mp3_64/sample_01774.mp3,True,encoded,1528311
sample_01780,FAKE,data/raw/Echoes/Echoes/TTA/songgen/2Much_Andy_Spinelli_Alex_Sánchez_House_Edit_Tentacles_songgen_TTA_001.mp3,mp3_128,128k,data/processed/mp3_robustness/mp3_128/sample_01780.mp3,True,encoded,452781
sample_01780,FAKE,data/raw/Echoes/Echoes/TTA/songgen/2Much_Andy_Spinelli_Alex_Sánchez_House_Edit_Tentacles_songgen_TTA_001.mp3,mp3_64,64k,data/processed/mp3_robustness/mp3_64/sample_01780.mp3,True,encoded,226413
sample_01781,FAKE,data/raw/Echoes/Echoes/TTA/songgen/3_am_West_End_statusq_songgen_TTA_001.mp3,mp3_128,128k,data/processed/mp3_robustness/mp3_128/sample_01781.mp3,True,encoded,431469
sample_01781,FAKE,data/raw/Echoes/Echoes/TTA/songgen/3_am_West_End_statusq_songgen_TTA_001.mp3,mp3_64,64k,data/processed/mp3_robustness/mp3_64/sample_01781.mp3,True,encoded,215757
sample_01793,FAKE,data/raw/Echoes/Echoes/TTA/songgen/Bizzy_The_Tleilaxu_Music_Machine_songgen_TTA_001.mp3,mp3_128,128k,data/processed/mp3_robustness/mp3_128/sample_01793.mp3,True,encoded,479277
sample_01793,FAKE,data/raw/Echoes/Echoes/TTA/songgen/Bizzy_The_Tleilaxu_Music_Machine_songgen_TTA_001.mp3,mp3_64,64k,data/processed/mp3_robustness/mp3_64/sample_01793.mp3,True,encoded,239661
sample_01799,FAKE,data/raw/Echoes/Echoes/TTA/songgen/Dance_Harder_Three_Chain_Links_songgen_TTA_001.mp3,mp3_128,128k,data/processed/mp3_robustness/mp3_128/sample_01799.mp3,True,encoded,479277
sample_01799,FAKE,data/raw/Echoes/Echoes/TTA/songgen/Dance_Harder_Three_Chain_Links_songgen_TTA_001.mp3,mp3_64,64k,data/processed/mp3_robustness/mp3_64/sample_01799.mp3,True,encoded,239661
sample_01808,FAKE,data/raw/Echoes/Echoes/TTA/songgen/End_titles_Itsensäsyöjät_songgen_TTA_001.mp3,mp3_128,128k,data/processed/mp3_robustness/mp3_128/sample_01808.mp3,True,encoded,479277
sample_01808,FAKE,data/raw/Echoes/Echoes/TTA/songgen/End_titles_Itsensäsyöjät_songgen_TTA_001.mp3,mp3_64,64k,data/processed/mp3_robustness/mp3_64/sample_01808.mp3,True,encoded,239661
sample_01815,FAKE,data/raw/Echoes/Echoes/TTA/songgen/Fuckaboing_RoccoW_songgen_TTA_001.mp3,mp3_128,128k,data/processed/mp3_robustness/mp3_128/sample_01815.mp3,True,encoded,385965
sample_01815,FAKE,data/raw/Echoes/Echoes/TTA/songgen/Fuckaboing_RoccoW_songgen_TTA_001.mp3,mp3_64,64k,data/processed/mp3_robustness/mp3_64/sample_01815.mp3,True,encoded,193005
sample_01829,FAKE,data/raw/Echoes/Echoes/TTA/songgen/Lets_Start_Out_Slow_RoccoW_songgen_TTA_001.mp3,mp3_128,128k,data/processed/mp3_robustness/mp3_128/sample_01829.mp3,True,encoded,414765
sample_01829,FAKE,data/raw/Echoes/Echoes/TTA/songgen/Lets_Start_Out_Slow_RoccoW_songgen_TTA_001.mp3,mp3_64,64k,data/processed/mp3_robustness/mp3_64/sample_01829.mp3,True,encoded,207405
sample_01830,FAKE,data/raw/Echoes/Echoes/TTA/songgen/Let_Youre_Body_Move_D_SMILEZ_songgen_TTA_001.mp3,mp3_128,128k,data/processed/mp3_robustness/mp3_128/sample_01830.mp3,True,encoded,479277
sample_01830,FAKE,data/raw/Echoes/Echoes/TTA/songgen/Let_Youre_Body_Move_D_SMILEZ_songgen_TTA_001.mp3,mp3_64,64k,data/processed/mp3_robustness/mp3_64/sample_01830.mp3,True,encoded,239661
sample_01839,FAKE,data/raw/Echoes/Echoes/TTA/songgen/Night_Owl_Broke_For_Free_songgen_TTA_001.mp3,mp3_128,128k,data/processed/mp3_robustness/mp3_128/sample_01839.mp3,True,encoded,479277
sample_01839,FAKE,data/raw/Echoes/Echoes/TTA/songgen/Night_Owl_Broke_For_Free_songgen_TTA_001.mp3,mp3_64,64k,data/processed/mp3_robustness/mp3_64/sample_01839.mp3,True,encoded,239661
sample_01850,FAKE,data/raw/Echoes/Echoes/TTA/songgen/Pista_Afuera_Epstein_songgen_TTA_001.mp3,mp3_128,128k,data/processed/mp3_robustness/mp3_128/sample_01850.mp3,True,encoded,468909
sample_01850,FAKE,data/raw/Echoes/Echoes/TTA/songgen/Pista_Afuera_Epstein_songgen_TTA_001.mp3,mp3_64,64k,data/processed/mp3_robustness/mp3_64/sample_01850.mp3,True,encoded,234477
sample_01853,FAKE,data/raw/Echoes/Echoes/TTA/songgen/Realize_Me_Jim_Rooster_songgen_TTA_001.mp3,mp3_128,128k,data/processed/mp3_robustness/mp3_128/sample_01853.mp3,True,encoded,479277
sample_01853,FAKE,data/raw/Echoes/Echoes/TTA/songgen/Realize_Me_Jim_Rooster_songgen_TTA_001.mp3,mp3_64,64k,data/processed/mp3_robustness/mp3_64/sample_01853.mp3,True,encoded,239661
sample_01854,FAKE,data/raw/Echoes/Echoes/TTA/songgen/Resistentialism_Nihilore_songgen_TTA_001.mp3,mp3_128,128k,data/processed/mp3_robustness/mp3_128/sample_01854.mp3,True,encoded,479277
sample_01854,FAKE,data/raw/Echoes/Echoes/TTA/songgen/Resistentialism_Nihilore_songgen_TTA_001.mp3,mp3_64,64k,data/processed/mp3_robustness/mp3_64/sample_01854.mp3,True,encoded,239661
sample_01861,FAKE,data/raw/Echoes/Echoes/TTA/songgen/Set_Fire_to_Creation_Nihilore_songgen_TTA_001.mp3,mp3_128,128k,data/processed/mp3_robustness/mp3_128/sample_01861.mp3,True,encoded,479277
sample_01861,FAKE,data/raw/Echoes/Echoes/TTA/songgen/Set_Fire_to_Creation_Nihilore_songgen_TTA_001.mp3,mp3_64,64k,data/processed/mp3_robustness/mp3_64/sample_01861.mp3,True,encoded,239661
sample_01868,FAKE,data/raw/Echoes/Echoes/TTA/songgen/Support_Me_in_This_Moment_That_Im_About_To_Lose_Heart_Nihilore_songgen_TTA_001.mp3,mp3_128,128k,data/processed/mp3_robustness/mp3_128/sample_01868.mp3,True,encoded,475821
sample_01868,FAKE,data/raw/Echoes/Echoes/TTA/songgen/Support_Me_in_This_Moment_That_Im_About_To_Lose_Heart_Nihilore_songgen_TTA_001.mp3,mp3_64,64k,data/processed/mp3_robustness/mp3_64/sample_01868.mp3,True,encoded,237933
sample_01872,FAKE,data/raw/Echoes/Echoes/TTA/songgen/The_Adventures_Of_Roderick_Random_Maps_And_Diagrams_songgen_TTA_001.mp3,mp3_128,128k,data/processed/mp3_robustness/mp3_128/sample_01872.mp3,True,encoded,479277
sample_01872,FAKE,data/raw/Echoes/Echoes/TTA/songgen/The_Adventures_Of_Roderick_Random_Maps_And_Diagrams_songgen_TTA_001.mp3,mp3_64,64k,data/processed/mp3_robustness/mp3_64/sample_01872.mp3,True,encoded,239661
sample_01878,FAKE,data/raw/Echoes/Echoes/TTA/songgen/The_Secret_Garden_Barbarix_songgen_TTA_001.mp3,mp3_128,128k,data/processed/mp3_robustness/mp3_128/sample_01878.mp3,True,encoded,479277
sample_01878,FAKE,data/raw/Echoes/Echoes/TTA/songgen/The_Secret_Garden_Barbarix_songgen_TTA_001.mp3,mp3_64,64k,data/processed/mp3_robustness/mp3_64/sample_01878.mp3,True,encoded,239661
sample_01885,FAKE,data/raw/Echoes/Echoes/TTA/songgen/Ugh_Humans_Can_Join_Mystery_Mammal_songgen_TTA_001.mp3,mp3_128,128k,data/processed/mp3_robustness/mp3_128/sample_01885.mp3,True,encoded,457965
sample_01885,FAKE,data/raw/Echoes/Echoes/TTA/songgen/Ugh_Humans_Can_Join_Mystery_Mammal_songgen_TTA_001.mp3,mp3_64,64k,data/processed/mp3_robustness/mp3_64/sample_01885.mp3,True,encoded,229005
sample_01893,FAKE,data/raw/Echoes/Echoes/TTA/songgen/Yurtology_Michett_songgen_TTA_001.mp3,mp3_128,128k,data/processed/mp3_robustness/mp3_128/sample_01893.mp3,True,encoded,479277
sample_01893,FAKE,data/raw/Echoes/Echoes/TTA/songgen/Yurtology_Michett_songgen_TTA_001.mp3,mp3_64,64k,data/processed/mp3_robustness/mp3_64/sample_01893.mp3,True,encoded,239661
sample_01902,FAKE,data/raw/Echoes/Echoes/TTA/songgen/Different_Day_First_songgen_TTA_001.mp3,mp3_128,128k,data/processed/mp3_robustness/mp3_128/sample_01902.mp3,True,encoded,479277
sample_01902,FAKE,data/raw/Echoes/Echoes/TTA/songgen/Different_Day_First_songgen_TTA_001.mp3,mp3_64,64k,data/processed/mp3_robustness/mp3_64/sample_01902.mp3,True,encoded,239661
sample_01903,FAKE,data/raw/Echoes/Echoes/TTA/songgen/El_Burrito_Malaventura_songgen_TTA_001.mp3,mp3_128,128k,data/processed/mp3_robustness/mp3_128/sample_01903.mp3,True,encoded,469485
sample_01903,FAKE,data/raw/Echoes/Echoes/TTA/songgen/El_Burrito_Malaventura_songgen_TTA_001.mp3,mp3_64,64k,data/processed/mp3_robustness/mp3_64/sample_01903.mp3,True,encoded,234765
sample_01908,FAKE,data/raw/Echoes/Echoes/TTA/songgen/Hungry_Oh_Yeah_the_Future_songgen_TTA_001.mp3,mp3_128,128k,data/processed/mp3_robustness/mp3_128/sample_01908.mp3,True,encoded,479277
sample_01908,FAKE,data/raw/Echoes/Echoes/TTA/songgen/Hungry_Oh_Yeah_the_Future_songgen_TTA_001.mp3,mp3_64,64k,data/processed/mp3_robustness/mp3_64/sample_01908.mp3,True,encoded,239661
sample_01921,FAKE,data/raw/Echoes/Echoes/TTA/songgen/Motocross_Mania_Monroeville_Music_Center_songgen_TTA_001.mp3,mp3_128,128k,data/processed/mp3_robustness/mp3_128/sample_01921.mp3,True,encoded,403821
sample_01921,FAKE,data/raw/Echoes/Echoes/TTA/songgen/Motocross_Mania_Monroeville_Music_Center_songgen_TTA_001.mp3,mp3_64,64k,data/processed/mp3_robustness/mp3_64/sample_01921.mp3,True,encoded,201933
sample_01922,FAKE,data/raw/Echoes/Echoes/TTA/songgen/Music_For_an_Underground_Circu_Ergo_Phizmiz_songgen_TTA_001.mp3,mp3_128,128k,data/processed/mp3_robustness/mp3_128/sample_01922.mp3,True,encoded,479277
sample_01922,FAKE,data/raw/Echoes/Echoes/TTA/songgen/Music_For_an_Underground_Circu_Ergo_Phizmiz_songgen_TTA_001.mp3,mp3_64,64k,data/processed/mp3_robustness/mp3_64/sample_01922.mp3,True,encoded,239661
sample_01933,FAKE,data/raw/Echoes/Echoes/TTA/songgen/Production_Bird_Names_songgen_TTA_001.mp3,mp3_128,128k,data/processed/mp3_robustness/mp3_128/sample_01933.mp3,True,encoded,479277
sample_01933,FAKE,data/raw/Echoes/Echoes/TTA/songgen/Production_Bird_Names_songgen_TTA_001.mp3,mp3_64,64k,data/processed/mp3_robustness/mp3_64/sample_01933.mp3,True,encoded,239661
sample_01938,FAKE,data/raw/Echoes/Echoes/TTA/songgen/She_Works_Tepid_Waters_Bird_Names_songgen_TTA_001.mp3,mp3_128,128k,data/processed/mp3_robustness/mp3_128/sample_01938.mp3,True,encoded,388845
sample_01938,FAKE,data/raw/Echoes/Echoes/TTA/songgen/She_Works_Tepid_Waters_Bird_Names_songgen_TTA_001.mp3,mp3_64,64k,data/processed/mp3_robustness/mp3_64/sample_01938.mp3,True,encoded,194445
sample_01942,FAKE,data/raw/Echoes/Echoes/TTA/songgen/Something_Dirty_Ergo_Phizmiz_songgen_TTA_001.mp3,mp3_128,128k,data/processed/mp3_robustness/mp3_128/sample_01942.mp3,True,encoded,478701
sample_01942,FAKE,data/raw/Echoes/Echoes/TTA/songgen/Something_Dirty_Ergo_Phizmiz_songgen_TTA_001.mp3,mp3_64,64k,data/processed/mp3_robustness/mp3_64/sample_01942.mp3,True,encoded,239373
sample_01950,FAKE,data/raw/Echoes/Echoes/TTA/songgen/The_Pursuit_of_Unintentional_Humor_Oh_Yeah_the_Future_songgen_TTA_001.mp3,mp3_128,128k,data/processed/mp3_robustness/mp3_128/sample_01950.mp3,True,encoded,479277
sample_01950,FAKE,data/raw/Echoes/Echoes/TTA/songgen/The_Pursuit_of_Unintentional_Humor_Oh_Yeah_the_Future_songgen_TTA_001.mp3,mp3_64,64k,data/processed/mp3_robustness/mp3_64/sample_01950.mp3,True,encoded,239661
sample_01956,FAKE,data/raw/Echoes/Echoes/TTA/songgen/Troubles_Ive_seen_Malaventura_songgen_TTA_001.mp3,mp3_128,128k,data/processed/mp3_robustness/mp3_128/sample_01956.mp3,True,encoded,479277
sample_01956,FAKE,data/raw/Echoes/Echoes/TTA/songgen/Troubles_Ive_seen_Malaventura_songgen_TTA_001.mp3,mp3_64,64k,data/processed/mp3_robustness/mp3_64/sample_01956.mp3,True,encoded,239661
sample_01966,FAKE,data/raw/Echoes/Echoes/TTA/songgen/5_Lexington_Isle_of_Pine_songgen_TTA_001.mp3,mp3_128,128k,data/processed/mp3_robustness/mp3_128/sample_01966.mp3,True,encoded,479277
sample_01966,FAKE,data/raw/Echoes/Echoes/TTA/songgen/5_Lexington_Isle_of_Pine_songgen_TTA_001.mp3,mp3_64,64k,data/processed/mp3_robustness/mp3_64/sample_01966.mp3,True,encoded,239661
sample_01969,FAKE,data/raw/Echoes/Echoes/TTA/songgen/Attention_Pete_Prodoehl_songgen_TTA_001.mp3,mp3_128,128k,data/processed/mp3_robustness/mp3_128/sample_01969.mp3,True,encoded,424557
sample_01969,FAKE,data/raw/Echoes/Echoes/TTA/songgen/Attention_Pete_Prodoehl_songgen_TTA_001.mp3,mp3_64,64k,data/processed/mp3_robustness/mp3_64/sample_01969.mp3,True,encoded,212301
sample_01999,FAKE,data/raw/Echoes/Echoes/TTA/songgen/Head_of_Ancante_Talking_Tree_Akchamel_The_Giver_of_Illness_songgen_TTA_001.mp3,mp3_128,128k,data/processed/mp3_robustness/mp3_128/sample_01999.mp3,True,encoded,475245
sample_01999,FAKE,data/raw/Echoes/Echoes/TTA/songgen/Head_of_Ancante_Talking_Tree_Akchamel_The_Giver_of_Illness_songgen_TTA_001.mp3,mp3_64,64k,data/processed/mp3_robustness/mp3_64/sample_01999.mp3,True,encoded,237645
sample_02008,FAKE,data/raw/Echoes/Echoes/TTA/songgen/I_Inflammator_songgen_TTA_001.mp3,mp3_128,128k,data/processed/mp3_robustness/mp3_128/sample_02008.mp3,True,encoded,402093
sample_02008,FAKE,data/raw/Echoes/Echoes/TTA/songgen/I_Inflammator_songgen_TTA_001.mp3,mp3_64,64k,data/processed/mp3_robustness/mp3_64/sample_02008.mp3,True,encoded,201069
sample_02014,FAKE,data/raw/Echoes/Echoes/TTA/songgen/Larbre_Salmo_songgen_TTA_001.mp3,mp3_128,128k,data/processed/mp3_robustness/mp3_128/sample_02014.mp3,True,encoded,410157
sample_02014,FAKE,data/raw/Echoes/Echoes/TTA/songgen/Larbre_Salmo_songgen_TTA_001.mp3,mp3_64,64k,data/processed/mp3_robustness/mp3_64/sample_02014.mp3,True,encoded,205101
sample_02015,FAKE,data/raw/Echoes/Echoes/TTA/songgen/Leaving_Here_Mod_Fun_songgen_TTA_001.mp3,mp3_128,128k,data/processed/mp3_robustness/mp3_128/sample_02015.mp3,True,encoded,479277
sample_02015,FAKE,data/raw/Echoes/Echoes/TTA/songgen/Leaving_Here_Mod_Fun_songgen_TTA_001.mp3,mp3_64,64k,data/processed/mp3_robustness/mp3_64/sample_02015.mp3,True,encoded,239661
sample_02018,FAKE,data/raw/Echoes/Echoes/TTA/songgen/LIQUID_SKULLS_voyageurs_songgen_TTA_001.mp3,mp3_128,128k,data/processed/mp3_robustness/mp3_128/sample_02018.mp3,True,encoded,472941
sample_02018,FAKE,data/raw/Echoes/Echoes/TTA/songgen/LIQUID_SKULLS_voyageurs_songgen_TTA_001.mp3,mp3_64,64k,data/processed/mp3_robustness/mp3_64/sample_02018.mp3,True,encoded,236493
sample_02020,FAKE,data/raw/Echoes/Echoes/TTA/songgen/Love_Dream_The_Zombie_Dandies_songgen_TTA_001.mp3,mp3_128,128k,data/processed/mp3_robustness/mp3_128/sample_02020.mp3,True,encoded,374445
sample_02020,FAKE,data/raw/Echoes/Echoes/TTA/songgen/Love_Dream_The_Zombie_Dandies_songgen_TTA_001.mp3,mp3_64,64k,data/processed/mp3_robustness/mp3_64/sample_02020.mp3,True,encoded,187245
sample_02024,FAKE,data/raw/Echoes/Echoes/TTA/songgen/Moja_Krypta_AmortE_songgen_TTA_001.mp3,mp3_128,128k,data/processed/mp3_robustness/mp3_128/sample_02024.mp3,True,encoded,479277
sample_02024,FAKE,data/raw/Echoes/Echoes/TTA/songgen/Moja_Krypta_AmortE_songgen_TTA_001.mp3,mp3_64,64k,data/processed/mp3_robustness/mp3_64/sample_02024.mp3,True,encoded,239661
sample_02032,FAKE,data/raw/Echoes/Echoes/TTA/songgen/Puertas_de_Fuego_Guerra_de_Cerdos_songgen_TTA_001.mp3,mp3_128,128k,data/processed/mp3_robustness/mp3_128/sample_02032.mp3,True,encoded,452205
sample_02032,FAKE,data/raw/Echoes/Echoes/TTA/songgen/Puertas_de_Fuego_Guerra_de_Cerdos_songgen_TTA_001.mp3,mp3_64,64k,data/processed/mp3_robustness/mp3_64/sample_02032.mp3,True,encoded,226125
sample_02041,FAKE,data/raw/Echoes/Echoes/TTA/songgen/Sfogare_Il_Dissenso_Deiezione_HC_songgen_TTA_001.mp3,mp3_128,128k,data/processed/mp3_robustness/mp3_128/sample_02041.mp3,True,encoded,479277
sample_02041,FAKE,data/raw/Echoes/Echoes/TTA/songgen/Sfogare_Il_Dissenso_Deiezione_HC_songgen_TTA_001.mp3,mp3_64,64k,data/processed/mp3_robustness/mp3_64/sample_02041.mp3,True,encoded,239661
sample_02045,FAKE,data/raw/Echoes/Echoes/TTA/songgen/Sonzis_FM_Pipe_Choir_songgen_TTA_001.mp3,mp3_128,128k,data/processed/mp3_robustness/mp3_128/sample_02045.mp3,True,encoded,433197
sample_02045,FAKE,data/raw/Echoes/Echoes/TTA/songgen/Sonzis_FM_Pipe_Choir_songgen_TTA_001.mp3,mp3_64,64k,data/processed/mp3_robustness/mp3_64/sample_02045.mp3,True,encoded,216621
sample_02048,FAKE,data/raw/Echoes/Echoes/TTA/songgen/Stuttgart_Portrayal_songgen_TTA_001.mp3,mp3_128,128k,data/processed/mp3_robustness/mp3_128/sample_02048.mp3,True,encoded,395757
sample_02048,FAKE,data/raw/Echoes/Echoes/TTA/songgen/Stuttgart_Portrayal_songgen_TTA_001.mp3,mp3_64,64k,data/processed/mp3_robustness/mp3_64/sample_02048.mp3,True,encoded,197901
sample_02050,FAKE,data/raw/Echoes/Echoes/TTA/songgen/Terve_Teille_Чокнутый_Пропеллер_songgen_TTA_001.mp3,mp3_128,128k,data/processed/mp3_robustness/mp3_128/sample_02050.mp3,True,encoded,479277
sample_02050,FAKE,data/raw/Echoes/Echoes/TTA/songgen/Terve_Teille_Чокнутый_Пропеллер_songgen_TTA_001.mp3,mp3_64,64k,data/processed/mp3_robustness/mp3_64/sample_02050.mp3,True,encoded,239661
sample_02057,FAKE,data/raw/Echoes/Echoes/TTA/songgen/Untitled_Fatal_Injection_songgen_TTA_001.mp3,mp3_128,128k,data/processed/mp3_robustness/mp3_128/sample_02057.mp3,True,encoded,444717
sample_02057,FAKE,data/raw/Echoes/Echoes/TTA/songgen/Untitled_Fatal_Injection_songgen_TTA_001.mp3,mp3_64,64k,data/processed/mp3_robustness/mp3_64/sample_02057.mp3,True,encoded,222381
sample_02064,FAKE,data/raw/Echoes/Echoes/TTA/songgen/Where_Is_Everything_The_Moi_Non_Plus_songgen_TTA_001.mp3,mp3_128,128k,data/processed/mp3_robustness/mp3_128/sample_02064.mp3,True,encoded,407853
sample_02064,FAKE,data/raw/Echoes/Echoes/TTA/songgen/Where_Is_Everything_The_Moi_Non_Plus_songgen_TTA_001.mp3,mp3_64,64k,data/processed/mp3_robustness/mp3_64/sample_02064.mp3,True,encoded,203949
sample_02065,FAKE,data/raw/Echoes/Echoes/TTA/songgen/Who_Loves_You_Dear_Mink_Lungs_songgen_TTA_001.mp3,mp3_128,128k,data/processed/mp3_robustness/mp3_128/sample_02065.mp3,True,encoded,479277
sample_02065,FAKE,data/raw/Echoes/Echoes/TTA/songgen/Who_Loves_You_Dear_Mink_Lungs_songgen_TTA_001.mp3,mp3_64,64k,data/processed/mp3_robustness/mp3_64/sample_02065.mp3,True,encoded,239661
sample_02089,FAKE,data/raw/Echoes/Echoes/TTA/suno/Dance_Harder_Three_Chain_Links_suno_TTA_001.mp3,mp3_128,128k,data/processed/mp3_robustness/mp3_128/sample_02089.mp3,True,encoded,4162989
sample_02089,FAKE,data/raw/Echoes/Echoes/TTA/suno/Dance_Harder_Three_Chain_Links_suno_TTA_001.mp3,mp3_64,64k,data/processed/mp3_robustness/mp3_64/sample_02089.mp3,True,encoded,2081517
sample_02090,FAKE,data/raw/Echoes/Echoes/TTA/suno/Dance_Harder_Three_Chain_Links_suno_TTA_002.mp3,mp3_128,128k,data/processed/mp3_robustness/mp3_128/sample_02090.mp3,True,encoded,4161069
sample_02090,FAKE,data/raw/Echoes/Echoes/TTA/suno/Dance_Harder_Three_Chain_Links_suno_TTA_002.mp3,mp3_64,64k,data/processed/mp3_robustness/mp3_64/sample_02090.mp3,True,encoded,2080557
sample_02101,FAKE,data/raw/Echoes/Echoes/TTA/suno/Fuckaboing_RoccoW_suno_TTA_001.mp3,mp3_128,128k,data/processed/mp3_robustness/mp3_128/sample_02101.mp3,True,encoded,2752941
sample_02101,FAKE,data/raw/Echoes/Echoes/TTA/suno/Fuckaboing_RoccoW_suno_TTA_001.mp3,mp3_64,64k,data/processed/mp3_robustness/mp3_64/sample_02101.mp3,True,encoded,1376493
sample_02102,FAKE,data/raw/Echoes/Echoes/TTA/suno/Fuckaboing_RoccoW_suno_TTA_002.mp3,mp3_128,128k,data/processed/mp3_robustness/mp3_128/sample_02102.mp3,True,encoded,1721133
sample_02102,FAKE,data/raw/Echoes/Echoes/TTA/suno/Fuckaboing_RoccoW_suno_TTA_002.mp3,mp3_64,64k,data/processed/mp3_robustness/mp3_64/sample_02102.mp3,True,encoded,860589
sample_02117,FAKE,data/raw/Echoes/Echoes/TTA/suno/Night_Owl_Broke_For_Free_suno_TTA_001.mp3,mp3_128,128k,data/processed/mp3_robustness/mp3_128/sample_02117.mp3,True,encoded,3170733
sample_02117,FAKE,data/raw/Echoes/Echoes/TTA/suno/Night_Owl_Broke_For_Free_suno_TTA_001.mp3,mp3_64,64k,data/processed/mp3_robustness/mp3_64/sample_02117.mp3,True,encoded,1585389
sample_02118,FAKE,data/raw/Echoes/Echoes/TTA/suno/Night_Owl_Broke_For_Free_suno_TTA_002.mp3,mp3_128,128k,data/processed/mp3_robustness/mp3_128/sample_02118.mp3,True,encoded,2711469
sample_02118,FAKE,data/raw/Echoes/Echoes/TTA/suno/Night_Owl_Broke_For_Free_suno_TTA_002.mp3,mp3_64,64k,data/processed/mp3_robustness/mp3_64/sample_02118.mp3,True,encoded,1355757
sample_02137,FAKE,data/raw/Echoes/Echoes/TTA/suno/Pista_Afuera_Epstein_suno_TTA_001.mp3,mp3_128,128k,data/processed/mp3_robustness/mp3_128/sample_02137.mp3,True,encoded,2890413
sample_02137,FAKE,data/raw/Echoes/Echoes/TTA/suno/Pista_Afuera_Epstein_suno_TTA_001.mp3,mp3_64,64k,data/processed/mp3_robustness/mp3_64/sample_02137.mp3,True,encoded,1445229
sample_02138,FAKE,data/raw/Echoes/Echoes/TTA/suno/Pista_Afuera_Epstein_suno_TTA_002.mp3,mp3_128,128k,data/processed/mp3_robustness/mp3_128/sample_02138.mp3,True,encoded,2450349
sample_02138,FAKE,data/raw/Echoes/Echoes/TTA/suno/Pista_Afuera_Epstein_suno_TTA_002.mp3,mp3_64,64k,data/processed/mp3_robustness/mp3_64/sample_02138.mp3,True,encoded,1225197
sample_02141,FAKE,data/raw/Echoes/Echoes/TTA/suno/Realize_Me_Jim_Rooster_suno_TTA_001.mp3,mp3_128,128k,data/processed/mp3_robustness/mp3_128/sample_02141.mp3,True,encoded,3256749
sample_02141,FAKE,data/raw/Echoes/Echoes/TTA/suno/Realize_Me_Jim_Rooster_suno_TTA_001.mp3,mp3_64,64k,data/processed/mp3_robustness/mp3_64/sample_02141.mp3,True,encoded,1628397
sample_02142,FAKE,data/raw/Echoes/Echoes/TTA/suno/Realize_Me_Jim_Rooster_suno_TTA_002.mp3,mp3_128,128k,data/processed/mp3_robustness/mp3_128/sample_02142.mp3,True,encoded,4482093
sample_02142,FAKE,data/raw/Echoes/Echoes/TTA/suno/Realize_Me_Jim_Rooster_suno_TTA_002.mp3,mp3_64,64k,data/processed/mp3_robustness/mp3_64/sample_02142.mp3,True,encoded,2241069
sample_02143,FAKE,data/raw/Echoes/Echoes/TTA/suno/Resistentialism_Nihilore_suno_TTA_001.mp3,mp3_128,128k,data/processed/mp3_robustness/mp3_128/sample_02143.mp3,True,encoded,3277101
sample_02143,FAKE,data/raw/Echoes/Echoes/TTA/suno/Resistentialism_Nihilore_suno_TTA_001.mp3,mp3_64,64k,data/processed/mp3_robustness/mp3_64/sample_02143.mp3,True,encoded,1638573
sample_02144,FAKE,data/raw/Echoes/Echoes/TTA/suno/Resistentialism_Nihilore_suno_TTA_002.mp3,mp3_128,128k,data/processed/mp3_robustness/mp3_128/sample_02144.mp3,True,encoded,3634989
sample_02144,FAKE,data/raw/Echoes/Echoes/TTA/suno/Resistentialism_Nihilore_suno_TTA_002.mp3,mp3_64,64k,data/processed/mp3_robustness/mp3_64/sample_02144.mp3,True,encoded,1817517
sample_02165,FAKE,data/raw/Echoes/Echoes/TTA/suno/Ugh_Humans_Can_Join_Mystery_Mammal_suno_TTA_001.mp3,mp3_128,128k,data/processed/mp3_robustness/mp3_128/sample_02165.mp3,True,encoded,3188781
sample_02165,FAKE,data/raw/Echoes/Echoes/TTA/suno/Ugh_Humans_Can_Join_Mystery_Mammal_suno_TTA_001.mp3,mp3_64,64k,data/processed/mp3_robustness/mp3_64/sample_02165.mp3,True,encoded,1594413
sample_02166,FAKE,data/raw/Echoes/Echoes/TTA/suno/Ugh_Humans_Can_Join_Mystery_Mammal_suno_TTA_002.mp3,mp3_128,128k,data/processed/mp3_robustness/mp3_128/sample_02166.mp3,True,encoded,6112941
sample_02166,FAKE,data/raw/Echoes/Echoes/TTA/suno/Ugh_Humans_Can_Join_Mystery_Mammal_suno_TTA_002.mp3,mp3_64,64k,data/processed/mp3_robustness/mp3_64/sample_02166.mp3,True,encoded,3056493
sample_02183,FAKE,data/raw/Echoes/Echoes/TTA/suno/Different_Day_First_suno_TTA_001.mp3,mp3_128,128k,data/processed/mp3_robustness/mp3_128/sample_02183.mp3,True,encoded,3330861
sample_02183,FAKE,data/raw/Echoes/Echoes/TTA/suno/Different_Day_First_suno_TTA_001.mp3,mp3_64,64k,data/processed/mp3_robustness/mp3_64/sample_02183.mp3,True,encoded,1665453
sample_02184,FAKE,data/raw/Echoes/Echoes/TTA/suno/Different_Day_First_suno_TTA_002.mp3,mp3_128,128k,data/processed/mp3_robustness/mp3_128/sample_02184.mp3,True,encoded,3195309
sample_02184,FAKE,data/raw/Echoes/Echoes/TTA/suno/Different_Day_First_suno_TTA_002.mp3,mp3_64,64k,data/processed/mp3_robustness/mp3_64/sample_02184.mp3,True,encoded,1597677
sample_02193,FAKE,data/raw/Echoes/Echoes/TTA/suno/Hungry_Oh_Yeah_the_Future_suno_TTA_001.mp3,mp3_128,128k,data/processed/mp3_robustness/mp3_128/sample_02193.mp3,True,encoded,2078253
sample_02193,FAKE,data/raw/Echoes/Echoes/TTA/suno/Hungry_Oh_Yeah_the_Future_suno_TTA_001.mp3,mp3_64,64k,data/processed/mp3_robustness/mp3_64/sample_02193.mp3,True,encoded,1039149
sample_02194,FAKE,data/raw/Echoes/Echoes/TTA/suno/Hungry_Oh_Yeah_the_Future_suno_TTA_002.mp3,mp3_128,128k,data/processed/mp3_robustness/mp3_128/sample_02194.mp3,True,encoded,1951149
sample_02194,FAKE,data/raw/Echoes/Echoes/TTA/suno/Hungry_Oh_Yeah_the_Future_suno_TTA_002.mp3,mp3_64,64k,data/processed/mp3_robustness/mp3_64/sample_02194.mp3,True,encoded,975597
sample_02215,FAKE,data/raw/Echoes/Echoes/TTA/suno/Motocross_Mania_Monroeville_Music_Center_suno_TTA_001.mp3,mp3_128,128k,data/processed/mp3_robustness/mp3_128/sample_02215.mp3,True,encoded,2077101
sample_02215,FAKE,data/raw/Echoes/Echoes/TTA/suno/Motocross_Mania_Monroeville_Music_Center_suno_TTA_001.mp3,mp3_64,64k,data/processed/mp3_robustness/mp3_64/sample_02215.mp3,True,encoded,1038573
sample_02216,FAKE,data/raw/Echoes/Echoes/TTA/suno/Motocross_Mania_Monroeville_Music_Center_suno_TTA_002.mp3,mp3_128,128k,data/processed/mp3_robustness/mp3_128/sample_02216.mp3,True,encoded,2269101
sample_02216,FAKE,data/raw/Echoes/Echoes/TTA/suno/Motocross_Mania_Monroeville_Music_Center_suno_TTA_002.mp3,mp3_64,64k,data/processed/mp3_robustness/mp3_64/sample_02216.mp3,True,encoded,1134573
sample_02217,FAKE,data/raw/Echoes/Echoes/TTA/suno/Music_For_an_Underground_Circu_Ergo_Phizmiz_suno_TTA_001.mp3,mp3_128,128k,data/processed/mp3_robustness/mp3_128/sample_02217.mp3,True,encoded,1793709
sample_02217,FAKE,data/raw/Echoes/Echoes/TTA/suno/Music_For_an_Underground_Circu_Ergo_Phizmiz_suno_TTA_001.mp3,mp3_64,64k,data/processed/mp3_robustness/mp3_64/sample_02217.mp3,True,encoded,896877
sample_02218,FAKE,data/raw/Echoes/Echoes/TTA/suno/Music_For_an_Underground_Circu_Ergo_Phizmiz_suno_TTA_002.mp3,mp3_128,128k,data/processed/mp3_robustness/mp3_128/sample_02218.mp3,True,encoded,1820973
sample_02218,FAKE,data/raw/Echoes/Echoes/TTA/suno/Music_For_an_Underground_Circu_Ergo_Phizmiz_suno_TTA_002.mp3,mp3_64,64k,data/processed/mp3_robustness/mp3_64/sample_02218.mp3,True,encoded,910509
sample_02237,FAKE,data/raw/Echoes/Echoes/TTA/suno/She_Works_Tepid_Waters_Bird_Names_suno_TTA_001.mp3,mp3_128,128k,data/processed/mp3_robustness/mp3_128/sample_02237.mp3,True,encoded,3116589
sample_02237,FAKE,data/raw/Echoes/Echoes/TTA/suno/She_Works_Tepid_Waters_Bird_Names_suno_TTA_001.mp3,mp3_64,64k,data/processed/mp3_robustness/mp3_64/sample_02237.mp3,True,encoded,1558317
sample_02238,FAKE,data/raw/Echoes/Echoes/TTA/suno/She_Works_Tepid_Waters_Bird_Names_suno_TTA_002.mp3,mp3_128,128k,data/processed/mp3_robustness/mp3_128/sample_02238.mp3,True,encoded,2669613
sample_02238,FAKE,data/raw/Echoes/Echoes/TTA/suno/She_Works_Tepid_Waters_Bird_Names_suno_TTA_002.mp3,mp3_64,64k,data/processed/mp3_robustness/mp3_64/sample_02238.mp3,True,encoded,1334829
sample_02241,FAKE,data/raw/Echoes/Echoes/TTA/suno/Something_Dirty_Ergo_Phizmiz_suno_TTA_001.mp3,mp3_128,128k,data/processed/mp3_robustness/mp3_128/sample_02241.mp3,True,encoded,2235693
sample_02241,FAKE,data/raw/Echoes/Echoes/TTA/suno/Something_Dirty_Ergo_Phizmiz_suno_TTA_001.mp3,mp3_64,64k,data/processed/mp3_robustness/mp3_64/sample_02241.mp3,True,encoded,1117869
sample_02242,FAKE,data/raw/Echoes/Echoes/TTA/suno/Something_Dirty_Ergo_Phizmiz_suno_TTA_002.mp3,mp3_128,128k,data/processed/mp3_robustness/mp3_128/sample_02242.mp3,True,encoded,2213421
sample_02242,FAKE,data/raw/Echoes/Echoes/TTA/suno/Something_Dirty_Ergo_Phizmiz_suno_TTA_002.mp3,mp3_64,64k,data/processed/mp3_robustness/mp3_64/sample_02242.mp3,True,encoded,1106733
sample_02261,FAKE,data/raw/Echoes/Echoes/TTA/suno/Troubles_Ive_seen_Malaventura_suno_TTA_001.mp3,mp3_128,128k,data/processed/mp3_robustness/mp3_128/sample_02261.mp3,True,encoded,3087789
sample_02261,FAKE,data/raw/Echoes/Echoes/TTA/suno/Troubles_Ive_seen_Malaventura_suno_TTA_001.mp3,mp3_64,64k,data/processed/mp3_robustness/mp3_64/sample_02261.mp3,True,encoded,1543917
sample_02262,FAKE,data/raw/Echoes/Echoes/TTA/suno/Troubles_Ive_seen_Malaventura_suno_TTA_002.mp3,mp3_128,128k,data/processed/mp3_robustness/mp3_128/sample_02262.mp3,True,encoded,3039789
sample_02262,FAKE,data/raw/Echoes/Echoes/TTA/suno/Troubles_Ive_seen_Malaventura_suno_TTA_002.mp3,mp3_64,64k,data/processed/mp3_robustness/mp3_64/sample_02262.mp3,True,encoded,1519917
sample_02275,FAKE,data/raw/Echoes/Echoes/TTA/suno/Attention_Pete_Prodoehl_suno_TTA_001.mp3,mp3_128,128k,data/processed/mp3_robustness/mp3_128/sample_02275.mp3,True,encoded,2359341
sample_02275,FAKE,data/raw/Echoes/Echoes/TTA/suno/Attention_Pete_Prodoehl_suno_TTA_001.mp3,mp3_64,64k,data/processed/mp3_robustness/mp3_64/sample_02275.mp3,True,encoded,1179693
sample_02276,FAKE,data/raw/Echoes/Echoes/TTA/suno/Attention_Pete_Prodoehl_suno_TTA_002.mp3,mp3_128,128k,data/processed/mp3_robustness/mp3_128/sample_02276.mp3,True,encoded,2260269
sample_02276,FAKE,data/raw/Echoes/Echoes/TTA/suno/Attention_Pete_Prodoehl_suno_TTA_002.mp3,mp3_64,64k,data/processed/mp3_robustness/mp3_64/sample_02276.mp3,True,encoded,1130157
sample_02291,FAKE,data/raw/Echoes/Echoes/TTA/suno/Head_of_Ancante_Talking_Tree_Akchamel_The_Giver_of_Illness_suno_TTA_001.mp3,mp3_128,128k,data/processed/mp3_robustness/mp3_128/sample_02291.mp3,True,encoded,3919533
sample_02291,FAKE,data/raw/Echoes/Echoes/TTA/suno/Head_of_Ancante_Talking_Tree_Akchamel_The_Giver_of_Illness_suno_TTA_001.mp3,mp3_64,64k,data/processed/mp3_robustness/mp3_64/sample_02291.mp3,True,encoded,1959789
sample_02292,FAKE,data/raw/Echoes/Echoes/TTA/suno/Head_of_Ancante_Talking_Tree_Akchamel_The_Giver_of_Illness_suno_TTA_002.mp3,mp3_128,128k,data/processed/mp3_robustness/mp3_128/sample_02292.mp3,True,encoded,3247149
sample_02292,FAKE,data/raw/Echoes/Echoes/TTA/suno/Head_of_Ancante_Talking_Tree_Akchamel_The_Giver_of_Illness_suno_TTA_002.mp3,mp3_64,64k,data/processed/mp3_robustness/mp3_64/sample_02292.mp3,True,encoded,1623597
sample_02299,FAKE,data/raw/Echoes/Echoes/TTA/suno/I_Inflammator_suno_TTA_001.mp3,mp3_128,128k,data/processed/mp3_robustness/mp3_128/sample_02299.mp3,True,encoded,2151213
sample_02299,FAKE,data/raw/Echoes/Echoes/TTA/suno/I_Inflammator_suno_TTA_001.mp3,mp3_64,64k,data/processed/mp3_robustness/mp3_64/sample_02299.mp3,True,encoded,1075629
sample_02300,FAKE,data/raw/Echoes/Echoes/TTA/suno/I_Inflammator_suno_TTA_002.mp3,mp3_128,128k,data/processed/mp3_robustness/mp3_128/sample_02300.mp3,True,encoded,2361645
sample_02300,FAKE,data/raw/Echoes/Echoes/TTA/suno/I_Inflammator_suno_TTA_002.mp3,mp3_64,64k,data/processed/mp3_robustness/mp3_64/sample_02300.mp3,True,encoded,1180845
sample_02305,FAKE,data/raw/Echoes/Echoes/TTA/suno/LIQUID_SKULLS_voyageurs_suno_TTA_001.mp3,mp3_128,128k,data/processed/mp3_robustness/mp3_128/sample_02305.mp3,True,encoded,2914221
sample_02305,FAKE,data/raw/Echoes/Echoes/TTA/suno/LIQUID_SKULLS_voyageurs_suno_TTA_001.mp3,mp3_64,64k,data/processed/mp3_robustness/mp3_64/sample_02305.mp3,True,encoded,1457133
sample_02306,FAKE,data/raw/Echoes/Echoes/TTA/suno/LIQUID_SKULLS_voyageurs_suno_TTA_002.mp3,mp3_128,128k,data/processed/mp3_robustness/mp3_128/sample_02306.mp3,True,encoded,2655789
sample_02306,FAKE,data/raw/Echoes/Echoes/TTA/suno/LIQUID_SKULLS_voyageurs_suno_TTA_002.mp3,mp3_64,64k,data/processed/mp3_robustness/mp3_64/sample_02306.mp3,True,encoded,1327917
sample_02309,FAKE,data/raw/Echoes/Echoes/TTA/suno/Love_Dream_The_Zombie_Dandies_suno_TTA_001.mp3,mp3_128,128k,data/processed/mp3_robustness/mp3_128/sample_02309.mp3,True,encoded,2186541
sample_02309,FAKE,data/raw/Echoes/Echoes/TTA/suno/Love_Dream_The_Zombie_Dandies_suno_TTA_001.mp3,mp3_64,64k,data/processed/mp3_robustness/mp3_64/sample_02309.mp3,True,encoded,1093293
sample_02310,FAKE,data/raw/Echoes/Echoes/TTA/suno/Love_Dream_The_Zombie_Dandies_suno_TTA_002.mp3,mp3_128,128k,data/processed/mp3_robustness/mp3_128/sample_02310.mp3,True,encoded,1317933
sample_02310,FAKE,data/raw/Echoes/Echoes/TTA/suno/Love_Dream_The_Zombie_Dandies_suno_TTA_002.mp3,mp3_64,64k,data/processed/mp3_robustness/mp3_64/sample_02310.mp3,True,encoded,658989
sample_02335,FAKE,data/raw/Echoes/Echoes/TTA/suno/Sfogare_Il_Dissenso_Deiezione_HC_suno_TTA_001.mp3,mp3_128,128k,data/processed/mp3_robustness/mp3_128/sample_02335.mp3,True,encoded,1246893
sample_02335,FAKE,data/raw/Echoes/Echoes/TTA/suno/Sfogare_Il_Dissenso_Deiezione_HC_suno_TTA_001.mp3,mp3_64,64k,data/processed/mp3_robustness/mp3_64/sample_02335.mp3,True,encoded,623469
sample_02336,FAKE,data/raw/Echoes/Echoes/TTA/suno/Sfogare_Il_Dissenso_Deiezione_HC_suno_TTA_002.mp3,mp3_128,128k,data/processed/mp3_robustness/mp3_128/sample_02336.mp3,True,encoded,1452333
sample_02336,FAKE,data/raw/Echoes/Echoes/TTA/suno/Sfogare_Il_Dissenso_Deiezione_HC_suno_TTA_002.mp3,mp3_64,64k,data/processed/mp3_robustness/mp3_64/sample_02336.mp3,True,encoded,726189
sample_02343,FAKE,data/raw/Echoes/Echoes/TTA/suno/Stuttgart_Portrayal_suno_TTA_001.mp3,mp3_128,128k,data/processed/mp3_robustness/mp3_128/sample_02343.mp3,True,encoded,3435309
sample_02343,FAKE,data/raw/Echoes/Echoes/TTA/suno/Stuttgart_Portrayal_suno_TTA_001.mp3,mp3_64,64k,data/processed/mp3_robustness/mp3_64/sample_02343.mp3,True,encoded,1717677
sample_02344,FAKE,data/raw/Echoes/Echoes/TTA/suno/Stuttgart_Portrayal_suno_TTA_002.mp3,mp3_128,128k,data/processed/mp3_robustness/mp3_128/sample_02344.mp3,True,encoded,3738669
sample_02344,FAKE,data/raw/Echoes/Echoes/TTA/suno/Stuttgart_Portrayal_suno_TTA_002.mp3,mp3_64,64k,data/processed/mp3_robustness/mp3_64/sample_02344.mp3,True,encoded,1869357
sample_02345,FAKE,data/raw/Echoes/Echoes/TTA/suno/Terve_Teille_Чокнутый_Пропеллер_suno_TTA_001.mp3,mp3_128,128k,data/processed/mp3_robustness/mp3_128/sample_02345.mp3,True,encoded,1992621
sample_02345,FAKE,data/raw/Echoes/Echoes/TTA/suno/Terve_Teille_Чокнутый_Пропеллер_suno_TTA_001.mp3,mp3_64,64k,data/processed/mp3_robustness/mp3_64/sample_02345.mp3,True,encoded,996333
sample_02346,FAKE,data/raw/Echoes/Echoes/TTA/suno/Terve_Teille_Чокнутый_Пропеллер_suno_TTA_002.mp3,mp3_128,128k,data/processed/mp3_robustness/mp3_128/sample_02346.mp3,True,encoded,1367853
sample_02346,FAKE,data/raw/Echoes/Echoes/TTA/suno/Terve_Teille_Чокнутый_Пропеллер_suno_TTA_002.mp3,mp3_64,64k,data/processed/mp3_robustness/mp3_64/sample_02346.mp3,True,encoded,683949
sample_02359,FAKE,data/raw/Echoes/Echoes/TTA/suno/Where_Is_Everything_The_Moi_Non_Plus_suno_TTA_001.mp3,mp3_128,128k,data/processed/mp3_robustness/mp3_128/sample_02359.mp3,True,encoded,1819053
sample_02359,FAKE,data/raw/Echoes/Echoes/TTA/suno/Where_Is_Everything_The_Moi_Non_Plus_suno_TTA_001.mp3,mp3_64,64k,data/processed/mp3_robustness/mp3_64/sample_02359.mp3,True,encoded,909549
sample_02360,FAKE,data/raw/Echoes/Echoes/TTA/suno/Where_Is_Everything_The_Moi_Non_Plus_suno_TTA_002.mp3,mp3_128,128k,data/processed/mp3_robustness/mp3_128/sample_02360.mp3,True,encoded,1918509
sample_02360,FAKE,data/raw/Echoes/Echoes/TTA/suno/Where_Is_Everything_The_Moi_Non_Plus_suno_TTA_002.mp3,mp3_64,64k,data/processed/mp3_robustness/mp3_64/sample_02360.mp3,True,encoded,959277
sample_02361,FAKE,data/raw/Echoes/Echoes/TTA/suno/Who_Loves_You_Dear_Mink_Lungs_suno_TTA_001.mp3,mp3_128,128k,data/processed/mp3_robustness/mp3_128/sample_02361.mp3,True,encoded,2396589
sample_02361,FAKE,data/raw/Echoes/Echoes/TTA/suno/Who_Loves_You_Dear_Mink_Lungs_suno_TTA_001.mp3,mp3_64,64k,data/processed/mp3_robustness/mp3_64/sample_02361.mp3,True,encoded,1198317
sample_02362,FAKE,data/raw/Echoes/Echoes/TTA/suno/Who_Loves_You_Dear_Mink_Lungs_suno_TTA_002.mp3,mp3_128,128k,data/processed/mp3_robustness/mp3_128/sample_02362.mp3,True,encoded,1963821
sample_02362,FAKE,data/raw/Echoes/Echoes/TTA/suno/Who_Loves_You_Dear_Mink_Lungs_suno_TTA_002.mp3,mp3_64,64k,data/processed/mp3_robustness/mp3_64/sample_02362.mp3,True,encoded,981933
sample_02389,FAKE,data/raw/Echoes/Echoes/TTA/udio/Dance_Harder_Three_Chain_Links_udio_TTA_001.mp3,mp3_128,128k,data/processed/mp3_robustness/mp3_128/sample_02389.mp3,True,encoded,2098989
sample_02389,FAKE,data/raw/Echoes/Echoes/TTA/udio/Dance_Harder_Three_Chain_Links_udio_TTA_001.mp3,mp3_64,64k,data/processed/mp3_robustness/mp3_64/sample_02389.mp3,True,encoded,1049517
sample_02390,FAKE,data/raw/Echoes/Echoes/TTA/udio/Dance_Harder_Three_Chain_Links_udio_TTA_002.mp3,mp3_128,128k,data/processed/mp3_robustness/mp3_128/sample_02390.mp3,True,encoded,2098989
sample_02390,FAKE,data/raw/Echoes/Echoes/TTA/udio/Dance_Harder_Three_Chain_Links_udio_TTA_002.mp3,mp3_64,64k,data/processed/mp3_robustness/mp3_64/sample_02390.mp3,True,encoded,1049517
sample_02401,FAKE,data/raw/Echoes/Echoes/TTA/udio/Fuckaboing_RoccoW_udio_TTA_001.mp3,mp3_128,128k,data/processed/mp3_robustness/mp3_128/sample_02401.mp3,True,encoded,2098989
sample_02401,FAKE,data/raw/Echoes/Echoes/TTA/udio/Fuckaboing_RoccoW_udio_TTA_001.mp3,mp3_64,64k,data/processed/mp3_robustness/mp3_64/sample_02401.mp3,True,encoded,1049517
sample_02402,FAKE,data/raw/Echoes/Echoes/TTA/udio/Fuckaboing_RoccoW_udio_TTA_002.mp3,mp3_128,128k,data/processed/mp3_robustness/mp3_128/sample_02402.mp3,True,encoded,2098989
sample_02402,FAKE,data/raw/Echoes/Echoes/TTA/udio/Fuckaboing_RoccoW_udio_TTA_002.mp3,mp3_64,64k,data/processed/mp3_robustness/mp3_64/sample_02402.mp3,True,encoded,1049517
sample_02417,FAKE,data/raw/Echoes/Echoes/TTA/udio/Night_Owl_Broke_For_Free_udio_TTA_001.mp3,mp3_128,128k,data/processed/mp3_robustness/mp3_128/sample_02417.mp3,True,encoded,2098989
sample_02417,FAKE,data/raw/Echoes/Echoes/TTA/udio/Night_Owl_Broke_For_Free_udio_TTA_001.mp3,mp3_64,64k,data/processed/mp3_robustness/mp3_64/sample_02417.mp3,True,encoded,1049517
sample_02418,FAKE,data/raw/Echoes/Echoes/TTA/udio/Night_Owl_Broke_For_Free_udio_TTA_002.mp3,mp3_128,128k,data/processed/mp3_robustness/mp3_128/sample_02418.mp3,True,encoded,2098989
sample_02418,FAKE,data/raw/Echoes/Echoes/TTA/udio/Night_Owl_Broke_For_Free_udio_TTA_002.mp3,mp3_64,64k,data/processed/mp3_robustness/mp3_64/sample_02418.mp3,True,encoded,1049517
sample_02437,FAKE,data/raw/Echoes/Echoes/TTA/udio/Pista_Afuera_Epstein_udio_TTA_001.mp3,mp3_128,128k,data/processed/mp3_robustness/mp3_128/sample_02437.mp3,True,encoded,2098989
sample_02437,FAKE,data/raw/Echoes/Echoes/TTA/udio/Pista_Afuera_Epstein_udio_TTA_001.mp3,mp3_64,64k,data/processed/mp3_robustness/mp3_64/sample_02437.mp3,True,encoded,1049517
sample_02438,FAKE,data/raw/Echoes/Echoes/TTA/udio/Pista_Afuera_Epstein_udio_TTA_002.mp3,mp3_128,128k,data/processed/mp3_robustness/mp3_128/sample_02438.mp3,True,encoded,2098989
sample_02438,FAKE,data/raw/Echoes/Echoes/TTA/udio/Pista_Afuera_Epstein_udio_TTA_002.mp3,mp3_64,64k,data/processed/mp3_robustness/mp3_64/sample_02438.mp3,True,encoded,1049517
sample_02441,FAKE,data/raw/Echoes/Echoes/TTA/udio/Realize_Me_Jim_Rooster_udio_TTA_001.mp3,mp3_128,128k,data/processed/mp3_robustness/mp3_128/sample_02441.mp3,True,encoded,2098989
sample_02441,FAKE,data/raw/Echoes/Echoes/TTA/udio/Realize_Me_Jim_Rooster_udio_TTA_001.mp3,mp3_64,64k,data/processed/mp3_robustness/mp3_64/sample_02441.mp3,True,encoded,1049517
sample_02442,FAKE,data/raw/Echoes/Echoes/TTA/udio/Realize_Me_Jim_Rooster_udio_TTA_002.mp3,mp3_128,128k,data/processed/mp3_robustness/mp3_128/sample_02442.mp3,True,encoded,2098989
sample_02442,FAKE,data/raw/Echoes/Echoes/TTA/udio/Realize_Me_Jim_Rooster_udio_TTA_002.mp3,mp3_64,64k,data/processed/mp3_robustness/mp3_64/sample_02442.mp3,True,encoded,1049517
sample_02443,FAKE,data/raw/Echoes/Echoes/TTA/udio/Resistentialism_Nihilore_udio_TTA_001.mp3,mp3_128,128k,data/processed/mp3_robustness/mp3_128/sample_02443.mp3,True,encoded,2098989
sample_02443,FAKE,data/raw/Echoes/Echoes/TTA/udio/Resistentialism_Nihilore_udio_TTA_001.mp3,mp3_64,64k,data/processed/mp3_robustness/mp3_64/sample_02443.mp3,True,encoded,1049517
sample_02444,FAKE,data/raw/Echoes/Echoes/TTA/udio/Resistentialism_Nihilore_udio_TTA_002.mp3,mp3_128,128k,data/processed/mp3_robustness/mp3_128/sample_02444.mp3,True,encoded,2098989
sample_02444,FAKE,data/raw/Echoes/Echoes/TTA/udio/Resistentialism_Nihilore_udio_TTA_002.mp3,mp3_64,64k,data/processed/mp3_robustness/mp3_64/sample_02444.mp3,True,encoded,1049517
sample_02465,FAKE,data/raw/Echoes/Echoes/TTA/udio/Ugh_Humans_Can_Join_Mystery_Mammal_udio_TTA_001.mp3,mp3_128,128k,data/processed/mp3_robustness/mp3_128/sample_02465.mp3,True,encoded,2098989
sample_02465,FAKE,data/raw/Echoes/Echoes/TTA/udio/Ugh_Humans_Can_Join_Mystery_Mammal_udio_TTA_001.mp3,mp3_64,64k,data/processed/mp3_robustness/mp3_64/sample_02465.mp3,True,encoded,1049517
sample_02466,FAKE,data/raw/Echoes/Echoes/TTA/udio/Ugh_Humans_Can_Join_Mystery_Mammal_udio_TTA_002.mp3,mp3_128,128k,data/processed/mp3_robustness/mp3_128/sample_02466.mp3,True,encoded,2098989
sample_02466,FAKE,data/raw/Echoes/Echoes/TTA/udio/Ugh_Humans_Can_Join_Mystery_Mammal_udio_TTA_002.mp3,mp3_64,64k,data/processed/mp3_robustness/mp3_64/sample_02466.mp3,True,encoded,1049517
sample_02483,FAKE,data/raw/Echoes/Echoes/TTA/udio/Different_Day_First_udio_TTA_001.mp3,mp3_128,128k,data/processed/mp3_robustness/mp3_128/sample_02483.mp3,True,encoded,2094765
sample_02483,FAKE,data/raw/Echoes/Echoes/TTA/udio/Different_Day_First_udio_TTA_001.mp3,mp3_64,64k,data/processed/mp3_robustness/mp3_64/sample_02483.mp3,True,encoded,1047405
sample_02484,FAKE,data/raw/Echoes/Echoes/TTA/udio/Different_Day_First_udio_TTA_002.mp3,mp3_128,128k,data/processed/mp3_robustness/mp3_128/sample_02484.mp3,True,encoded,2094765
sample_02484,FAKE,data/raw/Echoes/Echoes/TTA/udio/Different_Day_First_udio_TTA_002.mp3,mp3_64,64k,data/processed/mp3_robustness/mp3_64/sample_02484.mp3,True,encoded,1047405
sample_02493,FAKE,data/raw/Echoes/Echoes/TTA/udio/Hungry_Oh_Yeah_the_Future_udio_TTA_001.mp3,mp3_128,128k,data/processed/mp3_robustness/mp3_128/sample_02493.mp3,True,encoded,2094765
sample_02493,FAKE,data/raw/Echoes/Echoes/TTA/udio/Hungry_Oh_Yeah_the_Future_udio_TTA_001.mp3,mp3_64,64k,data/processed/mp3_robustness/mp3_64/sample_02493.mp3,True,encoded,1047405
sample_02494,FAKE,data/raw/Echoes/Echoes/TTA/udio/Hungry_Oh_Yeah_the_Future_udio_TTA_002.mp3,mp3_128,128k,data/processed/mp3_robustness/mp3_128/sample_02494.mp3,True,encoded,2094765
sample_02494,FAKE,data/raw/Echoes/Echoes/TTA/udio/Hungry_Oh_Yeah_the_Future_udio_TTA_002.mp3,mp3_64,64k,data/processed/mp3_robustness/mp3_64/sample_02494.mp3,True,encoded,1047405
sample_02515,FAKE,data/raw/Echoes/Echoes/TTA/udio/Motocross_Mania_Monroeville_Music_Center_udio_TTA_001.mp3,mp3_128,128k,data/processed/mp3_robustness/mp3_128/sample_02515.mp3,True,encoded,2094765
sample_02515,FAKE,data/raw/Echoes/Echoes/TTA/udio/Motocross_Mania_Monroeville_Music_Center_udio_TTA_001.mp3,mp3_64,64k,data/processed/mp3_robustness/mp3_64/sample_02515.mp3,True,encoded,1047405
sample_02516,FAKE,data/raw/Echoes/Echoes/TTA/udio/Motocross_Mania_Monroeville_Music_Center_udio_TTA_002.mp3,mp3_128,128k,data/processed/mp3_robustness/mp3_128/sample_02516.mp3,True,encoded,2094765
sample_02516,FAKE,data/raw/Echoes/Echoes/TTA/udio/Motocross_Mania_Monroeville_Music_Center_udio_TTA_002.mp3,mp3_64,64k,data/processed/mp3_robustness/mp3_64/sample_02516.mp3,True,encoded,1047405
sample_02517,FAKE,data/raw/Echoes/Echoes/TTA/udio/Music_For_an_Underground_Circu_Ergo_Phizmiz_udio_TTA_001.mp3,mp3_128,128k,data/processed/mp3_robustness/mp3_128/sample_02517.mp3,True,encoded,2094765
sample_02517,FAKE,data/raw/Echoes/Echoes/TTA/udio/Music_For_an_Underground_Circu_Ergo_Phizmiz_udio_TTA_001.mp3,mp3_64,64k,data/processed/mp3_robustness/mp3_64/sample_02517.mp3,True,encoded,1047405
sample_02518,FAKE,data/raw/Echoes/Echoes/TTA/udio/Music_For_an_Underground_Circu_Ergo_Phizmiz_udio_TTA_002.mp3,mp3_128,128k,data/processed/mp3_robustness/mp3_128/sample_02518.mp3,True,encoded,2094765
sample_02518,FAKE,data/raw/Echoes/Echoes/TTA/udio/Music_For_an_Underground_Circu_Ergo_Phizmiz_udio_TTA_002.mp3,mp3_64,64k,data/processed/mp3_robustness/mp3_64/sample_02518.mp3,True,encoded,1047405
sample_02537,FAKE,data/raw/Echoes/Echoes/TTA/udio/She_Works_Tepid_Waters_Bird_Names_udio_TTA_001.mp3,mp3_128,128k,data/processed/mp3_robustness/mp3_128/sample_02537.mp3,True,encoded,2094765
sample_02537,FAKE,data/raw/Echoes/Echoes/TTA/udio/She_Works_Tepid_Waters_Bird_Names_udio_TTA_001.mp3,mp3_64,64k,data/processed/mp3_robustness/mp3_64/sample_02537.mp3,True,encoded,1047405
sample_02538,FAKE,data/raw/Echoes/Echoes/TTA/udio/She_Works_Tepid_Waters_Bird_Names_udio_TTA_002.mp3,mp3_128,128k,data/processed/mp3_robustness/mp3_128/sample_02538.mp3,True,encoded,2094765
sample_02538,FAKE,data/raw/Echoes/Echoes/TTA/udio/She_Works_Tepid_Waters_Bird_Names_udio_TTA_002.mp3,mp3_64,64k,data/processed/mp3_robustness/mp3_64/sample_02538.mp3,True,encoded,1047405
sample_02541,FAKE,data/raw/Echoes/Echoes/TTA/udio/Something_Dirty_Ergo_Phizmiz_udio_TTA_001.mp3,mp3_128,128k,data/processed/mp3_robustness/mp3_128/sample_02541.mp3,True,encoded,2094765
sample_02541,FAKE,data/raw/Echoes/Echoes/TTA/udio/Something_Dirty_Ergo_Phizmiz_udio_TTA_001.mp3,mp3_64,64k,data/processed/mp3_robustness/mp3_64/sample_02541.mp3,True,encoded,1047405
sample_02542,FAKE,data/raw/Echoes/Echoes/TTA/udio/Something_Dirty_Ergo_Phizmiz_udio_TTA_002.mp3,mp3_128,128k,data/processed/mp3_robustness/mp3_128/sample_02542.mp3,True,encoded,2094765
sample_02542,FAKE,data/raw/Echoes/Echoes/TTA/udio/Something_Dirty_Ergo_Phizmiz_udio_TTA_002.mp3,mp3_64,64k,data/processed/mp3_robustness/mp3_64/sample_02542.mp3,True,encoded,1047405
sample_02561,FAKE,data/raw/Echoes/Echoes/TTA/udio/Troubles_Ive_seen_Malaventura_udio_TTA_001.mp3,mp3_128,128k,data/processed/mp3_robustness/mp3_128/sample_02561.mp3,True,encoded,2094765
sample_02561,FAKE,data/raw/Echoes/Echoes/TTA/udio/Troubles_Ive_seen_Malaventura_udio_TTA_001.mp3,mp3_64,64k,data/processed/mp3_robustness/mp3_64/sample_02561.mp3,True,encoded,1047405
sample_02562,FAKE,data/raw/Echoes/Echoes/TTA/udio/Troubles_Ive_seen_Malaventura_udio_TTA_002.mp3,mp3_128,128k,data/processed/mp3_robustness/mp3_128/sample_02562.mp3,True,encoded,2094765
sample_02562,FAKE,data/raw/Echoes/Echoes/TTA/udio/Troubles_Ive_seen_Malaventura_udio_TTA_002.mp3,mp3_64,64k,data/processed/mp3_robustness/mp3_64/sample_02562.mp3,True,encoded,1047405
sample_02575,FAKE,data/raw/Echoes/Echoes/TTA/udio/Attention_Pete_Prodoehl_udio_TTA_001.mp3,mp3_128,128k,data/processed/mp3_robustness/mp3_128/sample_02575.mp3,True,encoded,2094765
sample_02575,FAKE,data/raw/Echoes/Echoes/TTA/udio/Attention_Pete_Prodoehl_udio_TTA_001.mp3,mp3_64,64k,data/processed/mp3_robustness/mp3_64/sample_02575.mp3,True,encoded,1047405
sample_02576,FAKE,data/raw/Echoes/Echoes/TTA/udio/Attention_Pete_Prodoehl_udio_TTA_002.mp3,mp3_128,128k,data/processed/mp3_robustness/mp3_128/sample_02576.mp3,True,encoded,2094765
sample_02576,FAKE,data/raw/Echoes/Echoes/TTA/udio/Attention_Pete_Prodoehl_udio_TTA_002.mp3,mp3_64,64k,data/processed/mp3_robustness/mp3_64/sample_02576.mp3,True,encoded,1047405
sample_02591,FAKE,data/raw/Echoes/Echoes/TTA/udio/Head_of_Ancante_Talking_Tree_Akchamel_The_Giver_of_Illness_udio_TTA_001.mp3,mp3_128,128k,data/processed/mp3_robustness/mp3_128/sample_02591.mp3,True,encoded,2094765
sample_02591,FAKE,data/raw/Echoes/Echoes/TTA/udio/Head_of_Ancante_Talking_Tree_Akchamel_The_Giver_of_Illness_udio_TTA_001.mp3,mp3_64,64k,data/processed/mp3_robustness/mp3_64/sample_02591.mp3,True,encoded,1047405
sample_02592,FAKE,data/raw/Echoes/Echoes/TTA/udio/Head_of_Ancante_Talking_Tree_Akchamel_The_Giver_of_Illness_udio_TTA_002.mp3,mp3_128,128k,data/processed/mp3_robustness/mp3_128/sample_02592.mp3,True,encoded,2094765
sample_02592,FAKE,data/raw/Echoes/Echoes/TTA/udio/Head_of_Ancante_Talking_Tree_Akchamel_The_Giver_of_Illness_udio_TTA_002.mp3,mp3_64,64k,data/processed/mp3_robustness/mp3_64/sample_02592.mp3,True,encoded,1047405
sample_02599,FAKE,data/raw/Echoes/Echoes/TTA/udio/I_Inflammator_udio_TTA_001.mp3,mp3_128,128k,data/processed/mp3_robustness/mp3_128/sample_02599.mp3,True,encoded,2094765
sample_02599,FAKE,data/raw/Echoes/Echoes/TTA/udio/I_Inflammator_udio_TTA_001.mp3,mp3_64,64k,data/processed/mp3_robustness/mp3_64/sample_02599.mp3,True,encoded,1047405
sample_02600,FAKE,data/raw/Echoes/Echoes/TTA/udio/I_Inflammator_udio_TTA_002.mp3,mp3_128,128k,data/processed/mp3_robustness/mp3_128/sample_02600.mp3,True,encoded,2094765
sample_02600,FAKE,data/raw/Echoes/Echoes/TTA/udio/I_Inflammator_udio_TTA_002.mp3,mp3_64,64k,data/processed/mp3_robustness/mp3_64/sample_02600.mp3,True,encoded,1047405
sample_02605,FAKE,data/raw/Echoes/Echoes/TTA/udio/LIQUID_SKULLS_voyageurs_udio_TTA_001.mp3,mp3_128,128k,data/processed/mp3_robustness/mp3_128/sample_02605.mp3,True,encoded,2094765
sample_02605,FAKE,data/raw/Echoes/Echoes/TTA/udio/LIQUID_SKULLS_voyageurs_udio_TTA_001.mp3,mp3_64,64k,data/processed/mp3_robustness/mp3_64/sample_02605.mp3,True,encoded,1047405
sample_02606,FAKE,data/raw/Echoes/Echoes/TTA/udio/LIQUID_SKULLS_voyageurs_udio_TTA_002.mp3,mp3_128,128k,data/processed/mp3_robustness/mp3_128/sample_02606.mp3,True,encoded,2094765
sample_02606,FAKE,data/raw/Echoes/Echoes/TTA/udio/LIQUID_SKULLS_voyageurs_udio_TTA_002.mp3,mp3_64,64k,data/processed/mp3_robustness/mp3_64/sample_02606.mp3,True,encoded,1047405
sample_02609,FAKE,data/raw/Echoes/Echoes/TTA/udio/Love_Dream_The_Zombie_Dandies_udio_TTA_001.mp3,mp3_128,128k,data/processed/mp3_robustness/mp3_128/sample_02609.mp3,True,encoded,2094765
sample_02609,FAKE,data/raw/Echoes/Echoes/TTA/udio/Love_Dream_The_Zombie_Dandies_udio_TTA_001.mp3,mp3_64,64k,data/processed/mp3_robustness/mp3_64/sample_02609.mp3,True,encoded,1047405
sample_02610,FAKE,data/raw/Echoes/Echoes/TTA/udio/Love_Dream_The_Zombie_Dandies_udio_TTA_002.mp3,mp3_128,128k,data/processed/mp3_robustness/mp3_128/sample_02610.mp3,True,encoded,2094765
sample_02610,FAKE,data/raw/Echoes/Echoes/TTA/udio/Love_Dream_The_Zombie_Dandies_udio_TTA_002.mp3,mp3_64,64k,data/processed/mp3_robustness/mp3_64/sample_02610.mp3,True,encoded,1047405
sample_02635,FAKE,data/raw/Echoes/Echoes/TTA/udio/Sfogare_Il_Dissenso_Deiezione_HC_udio_TTA_001.mp3,mp3_128,128k,data/processed/mp3_robustness/mp3_128/sample_02635.mp3,True,encoded,2094765
sample_02635,FAKE,data/raw/Echoes/Echoes/TTA/udio/Sfogare_Il_Dissenso_Deiezione_HC_udio_TTA_001.mp3,mp3_64,64k,data/processed/mp3_robustness/mp3_64/sample_02635.mp3,True,encoded,1047405
sample_02636,FAKE,data/raw/Echoes/Echoes/TTA/udio/Sfogare_Il_Dissenso_Deiezione_HC_udio_TTA_002.mp3,mp3_128,128k,data/processed/mp3_robustness/mp3_128/sample_02636.mp3,True,encoded,2094765
sample_02636,FAKE,data/raw/Echoes/Echoes/TTA/udio/Sfogare_Il_Dissenso_Deiezione_HC_udio_TTA_002.mp3,mp3_64,64k,data/processed/mp3_robustness/mp3_64/sample_02636.mp3,True,encoded,1047405
sample_02643,FAKE,data/raw/Echoes/Echoes/TTA/udio/Stuttgart_Portrayal_udio_TTA_001.mp3,mp3_128,128k,data/processed/mp3_robustness/mp3_128/sample_02643.mp3,True,encoded,2094765
sample_02643,FAKE,data/raw/Echoes/Echoes/TTA/udio/Stuttgart_Portrayal_udio_TTA_001.mp3,mp3_64,64k,data/processed/mp3_robustness/mp3_64/sample_02643.mp3,True,encoded,1047405
sample_02644,FAKE,data/raw/Echoes/Echoes/TTA/udio/Stuttgart_Portrayal_udio_TTA_002.mp3,mp3_128,128k,data/processed/mp3_robustness/mp3_128/sample_02644.mp3,True,encoded,2094765
sample_02644,FAKE,data/raw/Echoes/Echoes/TTA/udio/Stuttgart_Portrayal_udio_TTA_002.mp3,mp3_64,64k,data/processed/mp3_robustness/mp3_64/sample_02644.mp3,True,encoded,1047405
sample_02645,FAKE,data/raw/Echoes/Echoes/TTA/udio/Terve_Teille_Чокнутый_Пропеллер_udio_TTA_001.mp3,mp3_128,128k,data/processed/mp3_robustness/mp3_128/sample_02645.mp3,True,encoded,2094765
sample_02645,FAKE,data/raw/Echoes/Echoes/TTA/udio/Terve_Teille_Чокнутый_Пропеллер_udio_TTA_001.mp3,mp3_64,64k,data/processed/mp3_robustness/mp3_64/sample_02645.mp3,True,encoded,1047405
sample_02646,FAKE,data/raw/Echoes/Echoes/TTA/udio/Terve_Teille_Чокнутый_Пропеллер_udio_TTA_002.mp3,mp3_128,128k,data/processed/mp3_robustness/mp3_128/sample_02646.mp3,True,encoded,2094765
sample_02646,FAKE,data/raw/Echoes/Echoes/TTA/udio/Terve_Teille_Чокнутый_Пропеллер_udio_TTA_002.mp3,mp3_64,64k,data/processed/mp3_robustness/mp3_64/sample_02646.mp3,True,encoded,1047405
sample_02659,FAKE,data/raw/Echoes/Echoes/TTA/udio/Where_Is_Everything_The_Moi_Non_Plus_udio_TTA_001.mp3,mp3_128,128k,data/processed/mp3_robustness/mp3_128/sample_02659.mp3,True,encoded,2094765
sample_02659,FAKE,data/raw/Echoes/Echoes/TTA/udio/Where_Is_Everything_The_Moi_Non_Plus_udio_TTA_001.mp3,mp3_64,64k,data/processed/mp3_robustness/mp3_64/sample_02659.mp3,True,encoded,1047405
sample_02660,FAKE,data/raw/Echoes/Echoes/TTA/udio/Where_Is_Everything_The_Moi_Non_Plus_udio_TTA_002.mp3,mp3_128,128k,data/processed/mp3_robustness/mp3_128/sample_02660.mp3,True,encoded,2094765
sample_02660,FAKE,data/raw/Echoes/Echoes/TTA/udio/Where_Is_Everything_The_Moi_Non_Plus_udio_TTA_002.mp3,mp3_64,64k,data/processed/mp3_robustness/mp3_64/sample_02660.mp3,True,encoded,1047405
sample_02661,FAKE,data/raw/Echoes/Echoes/TTA/udio/Who_Loves_You_Dear_Mink_Lungs_udio_TTA_001.mp3,mp3_128,128k,data/processed/mp3_robustness/mp3_128/sample_02661.mp3,True,encoded,2094765
sample_02661,FAKE,data/raw/Echoes/Echoes/TTA/udio/Who_Loves_You_Dear_Mink_Lungs_udio_TTA_001.mp3,mp3_64,64k,data/processed/mp3_robustness/mp3_64/sample_02661.mp3,True,encoded,1047405
sample_02662,FAKE,data/raw/Echoes/Echoes/TTA/udio/Who_Loves_You_Dear_Mink_Lungs_udio_TTA_002.mp3,mp3_128,128k,data/processed/mp3_robustness/mp3_128/sample_02662.mp3,True,encoded,2094765
sample_02662,FAKE,data/raw/Echoes/Echoes/TTA/udio/Who_Loves_You_Dear_Mink_Lungs_udio_TTA_002.mp3,mp3_64,64k,data/processed/mp3_robustness/mp3_64/sample_02662.mp3,True,encoded,1047405
sample_02679,FAKE,data/raw/Echoes/Echoes/TTA/stableaudio/Dance_Harder_Three_Chain_Links_stableaudio_TTA_001.mp3,mp3_128,128k,data/processed/mp3_robustness/mp3_128/sample_02679.mp3,True,encoded,2881036
sample_02679,FAKE,data/raw/Echoes/Echoes/TTA/stableaudio/Dance_Harder_Three_Chain_Links_stableaudio_TTA_001.mp3,mp3_64,64k,data/processed/mp3_robustness/mp3_64/sample_02679.mp3,True,encoded,1440540
sample_02683,FAKE,data/raw/Echoes/Echoes/TTA/stableaudio/Fuckaboing_RoccoW_stableaudio_TTA_001.mp3,mp3_128,128k,data/processed/mp3_robustness/mp3_128/sample_02683.mp3,True,encoded,2881036
sample_02683,FAKE,data/raw/Echoes/Echoes/TTA/stableaudio/Fuckaboing_RoccoW_stableaudio_TTA_001.mp3,mp3_64,64k,data/processed/mp3_robustness/mp3_64/sample_02683.mp3,True,encoded,1440540
sample_02691,FAKE,data/raw/Echoes/Echoes/TTA/stableaudio/Night_Owl_Broke_For_Free_stableaudio_TTA_001.mp3,mp3_128,128k,data/processed/mp3_robustness/mp3_128/sample_02691.mp3,True,encoded,2881036
sample_02691,FAKE,data/raw/Echoes/Echoes/TTA/stableaudio/Night_Owl_Broke_For_Free_stableaudio_TTA_001.mp3,mp3_64,64k,data/processed/mp3_robustness/mp3_64/sample_02691.mp3,True,encoded,1440540
sample_02700,FAKE,data/raw/Echoes/Echoes/TTA/stableaudio/Pista_Afuera_Epstein_stableaudio_TTA_001.mp3,mp3_128,128k,data/processed/mp3_robustness/mp3_128/sample_02700.mp3,True,encoded,2881036
sample_02700,FAKE,data/raw/Echoes/Echoes/TTA/stableaudio/Pista_Afuera_Epstein_stableaudio_TTA_001.mp3,mp3_64,64k,data/processed/mp3_robustness/mp3_64/sample_02700.mp3,True,encoded,1440540
sample_02702,FAKE,data/raw/Echoes/Echoes/TTA/stableaudio/Realize_Me_Jim_Rooster_stableaudio_TTA_001.mp3,mp3_128,128k,data/processed/mp3_robustness/mp3_128/sample_02702.mp3,True,encoded,2881036
sample_02702,FAKE,data/raw/Echoes/Echoes/TTA/stableaudio/Realize_Me_Jim_Rooster_stableaudio_TTA_001.mp3,mp3_64,64k,data/processed/mp3_robustness/mp3_64/sample_02702.mp3,True,encoded,1440540
sample_02703,FAKE,data/raw/Echoes/Echoes/TTA/stableaudio/Resistentialism_Nihilore_stableaudio_TTA_001.mp3,mp3_128,128k,data/processed/mp3_robustness/mp3_128/sample_02703.mp3,True,encoded,2881036
sample_02703,FAKE,data/raw/Echoes/Echoes/TTA/stableaudio/Resistentialism_Nihilore_stableaudio_TTA_001.mp3,mp3_64,64k,data/processed/mp3_robustness/mp3_64/sample_02703.mp3,True,encoded,1440540
sample_02714,FAKE,data/raw/Echoes/Echoes/TTA/stableaudio/Ugh_Humans_Can_Join_Mystery_Mammal_stableaudio_TTA_001.mp3,mp3_128,128k,data/processed/mp3_robustness/mp3_128/sample_02714.mp3,True,encoded,2881036
sample_02714,FAKE,data/raw/Echoes/Echoes/TTA/stableaudio/Ugh_Humans_Can_Join_Mystery_Mammal_stableaudio_TTA_001.mp3,mp3_64,64k,data/processed/mp3_robustness/mp3_64/sample_02714.mp3,True,encoded,1440540
sample_02724,FAKE,data/raw/Echoes/Echoes/TTA/stableaudio/El_Burrito_Malaventura_stableaudio_TTA_001.mp3,mp3_128,128k,data/processed/mp3_robustness/mp3_128/sample_02724.mp3,True,encoded,2881036
sample_02724,FAKE,data/raw/Echoes/Echoes/TTA/stableaudio/El_Burrito_Malaventura_stableaudio_TTA_001.mp3,mp3_64,64k,data/processed/mp3_robustness/mp3_64/sample_02724.mp3,True,encoded,1440540
sample_02741,FAKE,data/raw/Echoes/Echoes/TTA/stableaudio/Motocross_Mania_Monroeville_Music_Center_stableaudio_TTA_001.mp3,mp3_128,128k,data/processed/mp3_robustness/mp3_128/sample_02741.mp3,True,encoded,2881036
sample_02741,FAKE,data/raw/Echoes/Echoes/TTA/stableaudio/Motocross_Mania_Monroeville_Music_Center_stableaudio_TTA_001.mp3,mp3_64,64k,data/processed/mp3_robustness/mp3_64/sample_02741.mp3,True,encoded,1440540
sample_02742,FAKE,data/raw/Echoes/Echoes/TTA/stableaudio/Music_For_an_Underground_Circu_Ergo_Phizmiz_stableaudio_TTA_001.mp3,mp3_128,128k,data/processed/mp3_robustness/mp3_128/sample_02742.mp3,True,encoded,2881036
sample_02742,FAKE,data/raw/Echoes/Echoes/TTA/stableaudio/Music_For_an_Underground_Circu_Ergo_Phizmiz_stableaudio_TTA_001.mp3,mp3_64,64k,data/processed/mp3_robustness/mp3_64/sample_02742.mp3,True,encoded,1440540
sample_02752,FAKE,data/raw/Echoes/Echoes/TTA/stableaudio/Production_Bird_Names_stableaudio_TTA_001.mp3,mp3_128,128k,data/processed/mp3_robustness/mp3_128/sample_02752.mp3,True,encoded,2881036
sample_02752,FAKE,data/raw/Echoes/Echoes/TTA/stableaudio/Production_Bird_Names_stableaudio_TTA_001.mp3,mp3_64,64k,data/processed/mp3_robustness/mp3_64/sample_02752.mp3,True,encoded,1440540
sample_02756,FAKE,data/raw/Echoes/Echoes/TTA/stableaudio/She_Works_Tepid_Waters_Bird_Names_stableaudio_TTA_001.mp3,mp3_128,128k,data/processed/mp3_robustness/mp3_128/sample_02756.mp3,True,encoded,2881036
sample_02756,FAKE,data/raw/Echoes/Echoes/TTA/stableaudio/She_Works_Tepid_Waters_Bird_Names_stableaudio_TTA_001.mp3,mp3_64,64k,data/processed/mp3_robustness/mp3_64/sample_02756.mp3,True,encoded,1440540
sample_02759,FAKE,data/raw/Echoes/Echoes/TTA/stableaudio/Something_Dirty_Ergo_Phizmiz_stableaudio_TTA_001.mp3,mp3_128,128k,data/processed/mp3_robustness/mp3_128/sample_02759.mp3,True,encoded,2881036
sample_02759,FAKE,data/raw/Echoes/Echoes/TTA/stableaudio/Something_Dirty_Ergo_Phizmiz_stableaudio_TTA_001.mp3,mp3_64,64k,data/processed/mp3_robustness/mp3_64/sample_02759.mp3,True,encoded,1440540
sample_02767,FAKE,data/raw/Echoes/Echoes/TTA/stableaudio/The_Pursuit_of_Unintentional_Humor_Oh_Yeah_the_Future_stableaudio_TTA_001.mp3,mp3_128,128k,data/processed/mp3_robustness/mp3_128/sample_02767.mp3,True,encoded,2881036
sample_02767,FAKE,data/raw/Echoes/Echoes/TTA/stableaudio/The_Pursuit_of_Unintentional_Humor_Oh_Yeah_the_Future_stableaudio_TTA_001.mp3,mp3_64,64k,data/processed/mp3_robustness/mp3_64/sample_02767.mp3,True,encoded,1440540
sample_02773,FAKE,data/raw/Echoes/Echoes/TTA/stableaudio/Troubles_Ive_seen_Malaventura_stableaudio_TTA_001.mp3,mp3_128,128k,data/processed/mp3_robustness/mp3_128/sample_02773.mp3,True,encoded,2881036
sample_02773,FAKE,data/raw/Echoes/Echoes/TTA/stableaudio/Troubles_Ive_seen_Malaventura_stableaudio_TTA_001.mp3,mp3_64,64k,data/processed/mp3_robustness/mp3_64/sample_02773.mp3,True,encoded,1440540
sample_02782,FAKE,data/raw/Echoes/Echoes/TTA/stableaudio/5_Lexington_Isle_of_Pine_stableaudio_TTA_001.mp3,mp3_128,128k,data/processed/mp3_robustness/mp3_128/sample_02782.mp3,True,encoded,2881036
sample_02782,FAKE,data/raw/Echoes/Echoes/TTA/stableaudio/5_Lexington_Isle_of_Pine_stableaudio_TTA_001.mp3,mp3_64,64k,data/processed/mp3_robustness/mp3_64/sample_02782.mp3,True,encoded,1440540
sample_02785,FAKE,data/raw/Echoes/Echoes/TTA/stableaudio/Attention_Pete_Prodoehl_stableaudio_TTA_001.mp3,mp3_128,128k,data/processed/mp3_robustness/mp3_128/sample_02785.mp3,True,encoded,2881036
sample_02785,FAKE,data/raw/Echoes/Echoes/TTA/stableaudio/Attention_Pete_Prodoehl_stableaudio_TTA_001.mp3,mp3_64,64k,data/processed/mp3_robustness/mp3_64/sample_02785.mp3,True,encoded,1440540
sample_02808,FAKE,data/raw/Echoes/Echoes/TTA/stableaudio/Head_of_Ancante_Talking_Tree_Akchamel_The_Giver_of_Illness_stableaudio_TTA_001.mp3,mp3_128,128k,data/processed/mp3_robustness/mp3_128/sample_02808.mp3,True,encoded,2881036
sample_02808,FAKE,data/raw/Echoes/Echoes/TTA/stableaudio/Head_of_Ancante_Talking_Tree_Akchamel_The_Giver_of_Illness_stableaudio_TTA_001.mp3,mp3_64,64k,data/processed/mp3_robustness/mp3_64/sample_02808.mp3,True,encoded,1440540
sample_02822,FAKE,data/raw/Echoes/Echoes/TTA/stableaudio/LIQUID_SKULLS_voyageurs_stableaudio_TTA_001.mp3,mp3_128,128k,data/processed/mp3_robustness/mp3_128/sample_02822.mp3,True,encoded,2881036
sample_02822,FAKE,data/raw/Echoes/Echoes/TTA/stableaudio/LIQUID_SKULLS_voyageurs_stableaudio_TTA_001.mp3,mp3_64,64k,data/processed/mp3_robustness/mp3_64/sample_02822.mp3,True,encoded,1440540
sample_02824,FAKE,data/raw/Echoes/Echoes/TTA/stableaudio/Love_Dream_The_Zombie_Dandies_stableaudio_TTA_001.mp3,mp3_128,128k,data/processed/mp3_robustness/mp3_128/sample_02824.mp3,True,encoded,2881036
sample_02824,FAKE,data/raw/Echoes/Echoes/TTA/stableaudio/Love_Dream_The_Zombie_Dandies_stableaudio_TTA_001.mp3,mp3_64,64k,data/processed/mp3_robustness/mp3_64/sample_02824.mp3,True,encoded,1440540
sample_02832,FAKE,data/raw/Echoes/Echoes/TTA/stableaudio/Puertas_de_Fuego_Guerra_de_Cerdos_stableaudio_TTA_001.mp3,mp3_128,128k,data/processed/mp3_robustness/mp3_128/sample_02832.mp3,True,encoded,2881036
sample_02832,FAKE,data/raw/Echoes/Echoes/TTA/stableaudio/Puertas_de_Fuego_Guerra_de_Cerdos_stableaudio_TTA_001.mp3,mp3_64,64k,data/processed/mp3_robustness/mp3_64/sample_02832.mp3,True,encoded,1440540
sample_02839,FAKE,data/raw/Echoes/Echoes/TTA/stableaudio/Sfogare_Il_Dissenso_Deiezione_HC_stableaudio_TTA_001.mp3,mp3_128,128k,data/processed/mp3_robustness/mp3_128/sample_02839.mp3,True,encoded,2881036
sample_02839,FAKE,data/raw/Echoes/Echoes/TTA/stableaudio/Sfogare_Il_Dissenso_Deiezione_HC_stableaudio_TTA_001.mp3,mp3_64,64k,data/processed/mp3_robustness/mp3_64/sample_02839.mp3,True,encoded,1440540
sample_02843,FAKE,data/raw/Echoes/Echoes/TTA/stableaudio/Sonzis_FM_Pipe_Choir_stableaudio_TTA_001.mp3,mp3_128,128k,data/processed/mp3_robustness/mp3_128/sample_02843.mp3,True,encoded,2881036
sample_02843,FAKE,data/raw/Echoes/Echoes/TTA/stableaudio/Sonzis_FM_Pipe_Choir_stableaudio_TTA_001.mp3,mp3_64,64k,data/processed/mp3_robustness/mp3_64/sample_02843.mp3,True,encoded,1440540
sample_02846,FAKE,data/raw/Echoes/Echoes/TTA/stableaudio/Stuttgart_Portrayal_stableaudio_TTA_001.mp3,mp3_128,128k,data/processed/mp3_robustness/mp3_128/sample_02846.mp3,True,encoded,2881036
sample_02846,FAKE,data/raw/Echoes/Echoes/TTA/stableaudio/Stuttgart_Portrayal_stableaudio_TTA_001.mp3,mp3_64,64k,data/processed/mp3_robustness/mp3_64/sample_02846.mp3,True,encoded,1440540
sample_02852,FAKE,data/raw/Echoes/Echoes/TTA/stableaudio/Untitled_Fatal_Injection_stableaudio_TTA_001.mp3,mp3_128,128k,data/processed/mp3_robustness/mp3_128/sample_02852.mp3,True,encoded,2881036
sample_02852,FAKE,data/raw/Echoes/Echoes/TTA/stableaudio/Untitled_Fatal_Injection_stableaudio_TTA_001.mp3,mp3_64,64k,data/processed/mp3_robustness/mp3_64/sample_02852.mp3,True,encoded,1440540
sample_02857,FAKE,data/raw/Echoes/Echoes/TTA/stableaudio/Who_Loves_You_Dear_Mink_Lungs_stableaudio_TTA_001.mp3,mp3_128,128k,data/processed/mp3_robustness/mp3_128/sample_02857.mp3,True,encoded,2881036
sample_02857,FAKE,data/raw/Echoes/Echoes/TTA/stableaudio/Who_Loves_You_Dear_Mink_Lungs_stableaudio_TTA_001.mp3,mp3_64,64k,data/processed/mp3_robustness/mp3_64/sample_02857.mp3,True,encoded,1440540
sample_02877,FAKE,data/raw/Echoes/Echoes/TTA/elevenlabs/Attention_Pete_Prodoehl_elevenlabs_TTA_001.mp3,mp3_128,128k,data/processed/mp3_robustness/mp3_128/sample_02877.mp3,True,encoded,2881454
sample_02877,FAKE,data/raw/Echoes/Echoes/TTA/elevenlabs/Attention_Pete_Prodoehl_elevenlabs_TTA_001.mp3,mp3_64,64k,data/processed/mp3_robustness/mp3_64/sample_02877.mp3,True,encoded,1440749
sample_02878,FAKE,data/raw/Echoes/Echoes/TTA/elevenlabs/Attention_Pete_Prodoehl_elevenlabs_TTA_002.mp3,mp3_128,128k,data/processed/mp3_robustness/mp3_128/sample_02878.mp3,True,encoded,2881454
sample_02878,FAKE,data/raw/Echoes/Echoes/TTA/elevenlabs/Attention_Pete_Prodoehl_elevenlabs_TTA_002.mp3,mp3_64,64k,data/processed/mp3_robustness/mp3_64/sample_02878.mp3,True,encoded,1440749
sample_02903,FAKE,data/raw/Echoes/Echoes/TTA/elevenlabs/Dance_Harder_Three_Chain_Links_elevenlabs_TTA_001.mp3,mp3_128,128k,data/processed/mp3_robustness/mp3_128/sample_02903.mp3,True,encoded,3361689
sample_02903,FAKE,data/raw/Echoes/Echoes/TTA/elevenlabs/Dance_Harder_Three_Chain_Links_elevenlabs_TTA_001.mp3,mp3_64,64k,data/processed/mp3_robustness/mp3_64/sample_02903.mp3,True,encoded,1680866
sample_02904,FAKE,data/raw/Echoes/Echoes/TTA/elevenlabs/Dance_Harder_Three_Chain_Links_elevenlabs_TTA_002.mp3,mp3_128,128k,data/processed/mp3_robustness/mp3_128/sample_02904.mp3,True,encoded,2881454
sample_02904,FAKE,data/raw/Echoes/Echoes/TTA/elevenlabs/Dance_Harder_Three_Chain_Links_elevenlabs_TTA_002.mp3,mp3_64,64k,data/processed/mp3_robustness/mp3_64/sample_02904.mp3,True,encoded,1440749
sample_02907,FAKE,data/raw/Echoes/Echoes/TTA/elevenlabs/Different_Day_First_elevenlabs_TTA_001.mp3,mp3_128,128k,data/processed/mp3_robustness/mp3_128/sample_02907.mp3,True,encoded,3361689
sample_02907,FAKE,data/raw/Echoes/Echoes/TTA/elevenlabs/Different_Day_First_elevenlabs_TTA_001.mp3,mp3_64,64k,data/processed/mp3_robustness/mp3_64/sample_02907.mp3,True,encoded,1680866
sample_02908,FAKE,data/raw/Echoes/Echoes/TTA/elevenlabs/Different_Day_First_elevenlabs_TTA_002.mp3,mp3_128,128k,data/processed/mp3_robustness/mp3_128/sample_02908.mp3,True,encoded,3361689
sample_02908,FAKE,data/raw/Echoes/Echoes/TTA/elevenlabs/Different_Day_First_elevenlabs_TTA_002.mp3,mp3_64,64k,data/processed/mp3_robustness/mp3_64/sample_02908.mp3,True,encoded,1680866
sample_02931,FAKE,data/raw/Echoes/Echoes/TTA/elevenlabs/Fuckaboing_RoccoW_elevenlabs_TTA_001.mp3,mp3_128,128k,data/processed/mp3_robustness/mp3_128/sample_02931.mp3,True,encoded,2401637
sample_02931,FAKE,data/raw/Echoes/Echoes/TTA/elevenlabs/Fuckaboing_RoccoW_elevenlabs_TTA_001.mp3,mp3_64,64k,data/processed/mp3_robustness/mp3_64/sample_02931.mp3,True,encoded,1200840
sample_02932,FAKE,data/raw/Echoes/Echoes/TTA/elevenlabs/Fuckaboing_RoccoW_elevenlabs_TTA_002.mp3,mp3_128,128k,data/processed/mp3_robustness/mp3_128/sample_02932.mp3,True,encoded,2401637
sample_02932,FAKE,data/raw/Echoes/Echoes/TTA/elevenlabs/Fuckaboing_RoccoW_elevenlabs_TTA_002.mp3,mp3_64,64k,data/processed/mp3_robustness/mp3_64/sample_02932.mp3,True,encoded,1200840
sample_02939,FAKE,data/raw/Echoes/Echoes/TTA/elevenlabs/Head_of_Ancante_Talking_Tree_Akchamel_The_Giver_of_Illness_elevenlabs_TTA_001.mp3,mp3_128,128k,data/processed/mp3_robustness/mp3_128/sample_02939.mp3,True,encoded,3361689
sample_02939,FAKE,data/raw/Echoes/Echoes/TTA/elevenlabs/Head_of_Ancante_Talking_Tree_Akchamel_The_Giver_of_Illness_elevenlabs_TTA_001.mp3,mp3_64,64k,data/processed/mp3_robustness/mp3_64/sample_02939.mp3,True,encoded,1680866
sample_02940,FAKE,data/raw/Echoes/Echoes/TTA/elevenlabs/Head_of_Ancante_Talking_Tree_Akchamel_The_Giver_of_Illness_elevenlabs_TTA_002.mp3,mp3_128,128k,data/processed/mp3_robustness/mp3_128/sample_02940.mp3,True,encoded,3361689
sample_02940,FAKE,data/raw/Echoes/Echoes/TTA/elevenlabs/Head_of_Ancante_Talking_Tree_Akchamel_The_Giver_of_Illness_elevenlabs_TTA_002.mp3,mp3_64,64k,data/processed/mp3_robustness/mp3_64/sample_02940.mp3,True,encoded,1680866
sample_02941,FAKE,data/raw/Echoes/Echoes/TTA/elevenlabs/Hungry_Oh_Yeah_the_Future_elevenlabs_TTA_001.mp3,mp3_128,128k,data/processed/mp3_robustness/mp3_128/sample_02941.mp3,True,encoded,3601598
sample_02941,FAKE,data/raw/Echoes/Echoes/TTA/elevenlabs/Hungry_Oh_Yeah_the_Future_elevenlabs_TTA_001.mp3,mp3_64,64k,data/processed/mp3_robustness/mp3_64/sample_02941.mp3,True,encoded,1800821
sample_02942,FAKE,data/raw/Echoes/Echoes/TTA/elevenlabs/Hungry_Oh_Yeah_the_Future_elevenlabs_TTA_002.mp3,mp3_128,128k,data/processed/mp3_robustness/mp3_128/sample_02942.mp3,True,encoded,3361689
sample_02942,FAKE,data/raw/Echoes/Echoes/TTA/elevenlabs/Hungry_Oh_Yeah_the_Future_elevenlabs_TTA_002.mp3,mp3_64,64k,data/processed/mp3_robustness/mp3_64/sample_02942.mp3,True,encoded,1680866
sample_02947,FAKE,data/raw/Echoes/Echoes/TTA/elevenlabs/I_Inflammator_elevenlabs_TTA_001.mp3,mp3_128,128k,data/processed/mp3_robustness/mp3_128/sample_02947.mp3,True,encoded,3361689
sample_02947,FAKE,data/raw/Echoes/Echoes/TTA/elevenlabs/I_Inflammator_elevenlabs_TTA_001.mp3,mp3_64,64k,data/processed/mp3_robustness/mp3_64/sample_02947.mp3,True,encoded,1680866
sample_02948,FAKE,data/raw/Echoes/Echoes/TTA/elevenlabs/I_Inflammator_elevenlabs_TTA_002.mp3,mp3_128,128k,data/processed/mp3_robustness/mp3_128/sample_02948.mp3,True,encoded,3361689
sample_02948,FAKE,data/raw/Echoes/Echoes/TTA/elevenlabs/I_Inflammator_elevenlabs_TTA_002.mp3,mp3_64,64k,data/processed/mp3_robustness/mp3_64/sample_02948.mp3,True,encoded,1680866
sample_02971,FAKE,data/raw/Echoes/Echoes/TTA/elevenlabs/LIQUID_SKULLS_voyageurs_elevenlabs_TTA_001.mp3,mp3_128,128k,data/processed/mp3_robustness/mp3_128/sample_02971.mp3,True,encoded,3361689
sample_02971,FAKE,data/raw/Echoes/Echoes/TTA/elevenlabs/LIQUID_SKULLS_voyageurs_elevenlabs_TTA_001.mp3,mp3_64,64k,data/processed/mp3_robustness/mp3_64/sample_02971.mp3,True,encoded,1680866
sample_02972,FAKE,data/raw/Echoes/Echoes/TTA/elevenlabs/LIQUID_SKULLS_voyageurs_elevenlabs_TTA_002.mp3,mp3_128,128k,data/processed/mp3_robustness/mp3_128/sample_02972.mp3,True,encoded,3361689
sample_02972,FAKE,data/raw/Echoes/Echoes/TTA/elevenlabs/LIQUID_SKULLS_voyageurs_elevenlabs_TTA_002.mp3,mp3_64,64k,data/processed/mp3_robustness/mp3_64/sample_02972.mp3,True,encoded,1680866
sample_02977,FAKE,data/raw/Echoes/Echoes/TTA/elevenlabs/Love_Dream_The_Zombie_Dandies_elevenlabs_TTA_001.mp3,mp3_128,128k,data/processed/mp3_robustness/mp3_128/sample_02977.mp3,True,encoded,2881454
sample_02977,FAKE,data/raw/Echoes/Echoes/TTA/elevenlabs/Love_Dream_The_Zombie_Dandies_elevenlabs_TTA_001.mp3,mp3_64,64k,data/processed/mp3_robustness/mp3_64/sample_02977.mp3,True,encoded,1440749
sample_02978,FAKE,data/raw/Echoes/Echoes/TTA/elevenlabs/Love_Dream_The_Zombie_Dandies_elevenlabs_TTA_002.mp3,mp3_128,128k,data/processed/mp3_robustness/mp3_128/sample_02978.mp3,True,encoded,2081480
sample_02978,FAKE,data/raw/Echoes/Echoes/TTA/elevenlabs/Love_Dream_The_Zombie_Dandies_elevenlabs_TTA_002.mp3,mp3_64,64k,data/processed/mp3_robustness/mp3_64/sample_02978.mp3,True,encoded,1040762
sample_02991,FAKE,data/raw/Echoes/Echoes/TTA/elevenlabs/Motocross_Mania_Monroeville_Music_Center_elevenlabs_TTA_001.mp3,mp3_128,128k,data/processed/mp3_robustness/mp3_128/sample_02991.mp3,True,encoded,2881454
sample_02991,FAKE,data/raw/Echoes/Echoes/TTA/elevenlabs/Motocross_Mania_Monroeville_Music_Center_elevenlabs_TTA_001.mp3,mp3_64,64k,data/processed/mp3_robustness/mp3_64/sample_02991.mp3,True,encoded,1440749
sample_02992,FAKE,data/raw/Echoes/Echoes/TTA/elevenlabs/Motocross_Mania_Monroeville_Music_Center_elevenlabs_TTA_002.mp3,mp3_128,128k,data/processed/mp3_robustness/mp3_128/sample_02992.mp3,True,encoded,2881454
sample_02992,FAKE,data/raw/Echoes/Echoes/TTA/elevenlabs/Motocross_Mania_Monroeville_Music_Center_elevenlabs_TTA_002.mp3,mp3_64,64k,data/processed/mp3_robustness/mp3_64/sample_02992.mp3,True,encoded,1440749
sample_02995,FAKE,data/raw/Echoes/Echoes/TTA/elevenlabs/Music_For_an_Underground_Circu_Ergo_Phizmiz_elevenlabs_TTA_001.mp3,mp3_128,128k,data/processed/mp3_robustness/mp3_128/sample_02995.mp3,True,encoded,2881454
sample_02995,FAKE,data/raw/Echoes/Echoes/TTA/elevenlabs/Music_For_an_Underground_Circu_Ergo_Phizmiz_elevenlabs_TTA_001.mp3,mp3_64,64k,data/processed/mp3_robustness/mp3_64/sample_02995.mp3,True,encoded,1440749
sample_02996,FAKE,data/raw/Echoes/Echoes/TTA/elevenlabs/Music_For_an_Underground_Circu_Ergo_Phizmiz_elevenlabs_TTA_002.mp3,mp3_128,128k,data/processed/mp3_robustness/mp3_128/sample_02996.mp3,True,encoded,2881454
sample_02996,FAKE,data/raw/Echoes/Echoes/TTA/elevenlabs/Music_For_an_Underground_Circu_Ergo_Phizmiz_elevenlabs_TTA_002.mp3,mp3_64,64k,data/processed/mp3_robustness/mp3_64/sample_02996.mp3,True,encoded,1440749
sample_03003,FAKE,data/raw/Echoes/Echoes/TTA/elevenlabs/Night_Owl_Broke_For_Free_elevenlabs_TTA_001.mp3,mp3_128,128k,data/processed/mp3_robustness/mp3_128/sample_03003.mp3,True,encoded,2881454
sample_03003,FAKE,data/raw/Echoes/Echoes/TTA/elevenlabs/Night_Owl_Broke_For_Free_elevenlabs_TTA_001.mp3,mp3_64,64k,data/processed/mp3_robustness/mp3_64/sample_03003.mp3,True,encoded,1440749
sample_03004,FAKE,data/raw/Echoes/Echoes/TTA/elevenlabs/Night_Owl_Broke_For_Free_elevenlabs_TTA_002.mp3,mp3_128,128k,data/processed/mp3_robustness/mp3_128/sample_03004.mp3,True,encoded,2881454
sample_03004,FAKE,data/raw/Echoes/Echoes/TTA/elevenlabs/Night_Owl_Broke_For_Free_elevenlabs_TTA_002.mp3,mp3_64,64k,data/processed/mp3_robustness/mp3_64/sample_03004.mp3,True,encoded,1440749
sample_03031,FAKE,data/raw/Echoes/Echoes/TTA/elevenlabs/Pista_Afuera_Epstein_elevenlabs_TTA_001.mp3,mp3_128,128k,data/processed/mp3_robustness/mp3_128/sample_03031.mp3,True,encoded,2881454
sample_03031,FAKE,data/raw/Echoes/Echoes/TTA/elevenlabs/Pista_Afuera_Epstein_elevenlabs_TTA_001.mp3,mp3_64,64k,data/processed/mp3_robustness/mp3_64/sample_03031.mp3,True,encoded,1440749
sample_03032,FAKE,data/raw/Echoes/Echoes/TTA/elevenlabs/Pista_Afuera_Epstein_elevenlabs_TTA_002.mp3,mp3_128,128k,data/processed/mp3_robustness/mp3_128/sample_03032.mp3,True,encoded,3361689
sample_03032,FAKE,data/raw/Echoes/Echoes/TTA/elevenlabs/Pista_Afuera_Epstein_elevenlabs_TTA_002.mp3,mp3_64,64k,data/processed/mp3_robustness/mp3_64/sample_03032.mp3,True,encoded,1680866
sample_03035,FAKE,data/raw/Echoes/Echoes/TTA/elevenlabs/Realize_Me_Jim_Rooster_elevenlabs_TTA_001.mp3,mp3_128,128k,data/processed/mp3_robustness/mp3_128/sample_03035.mp3,True,encoded,2881454
sample_03035,FAKE,data/raw/Echoes/Echoes/TTA/elevenlabs/Realize_Me_Jim_Rooster_elevenlabs_TTA_001.mp3,mp3_64,64k,data/processed/mp3_robustness/mp3_64/sample_03035.mp3,True,encoded,1440749
sample_03036,FAKE,data/raw/Echoes/Echoes/TTA/elevenlabs/Realize_Me_Jim_Rooster_elevenlabs_TTA_002.mp3,mp3_128,128k,data/processed/mp3_robustness/mp3_128/sample_03036.mp3,True,encoded,3361689
sample_03036,FAKE,data/raw/Echoes/Echoes/TTA/elevenlabs/Realize_Me_Jim_Rooster_elevenlabs_TTA_002.mp3,mp3_64,64k,data/processed/mp3_robustness/mp3_64/sample_03036.mp3,True,encoded,1680866
sample_03037,FAKE,data/raw/Echoes/Echoes/TTA/elevenlabs/Resistentialism_Nihilore_elevenlabs_TTA_001.mp3,mp3_128,128k,data/processed/mp3_robustness/mp3_128/sample_03037.mp3,True,encoded,2881454
sample_03037,FAKE,data/raw/Echoes/Echoes/TTA/elevenlabs/Resistentialism_Nihilore_elevenlabs_TTA_001.mp3,mp3_64,64k,data/processed/mp3_robustness/mp3_64/sample_03037.mp3,True,encoded,1440749
sample_03038,FAKE,data/raw/Echoes/Echoes/TTA/elevenlabs/Resistentialism_Nihilore_elevenlabs_TTA_002.mp3,mp3_128,128k,data/processed/mp3_robustness/mp3_128/sample_03038.mp3,True,encoded,3361689
sample_03038,FAKE,data/raw/Echoes/Echoes/TTA/elevenlabs/Resistentialism_Nihilore_elevenlabs_TTA_002.mp3,mp3_64,64k,data/processed/mp3_robustness/mp3_64/sample_03038.mp3,True,encoded,1680866
sample_03061,FAKE,data/raw/Echoes/Echoes/TTA/elevenlabs/Sfogare_Il_Dissenso_Deiezione_HC_elevenlabs_TTA_001.mp3,mp3_128,128k,data/processed/mp3_robustness/mp3_128/sample_03061.mp3,True,encoded,2401637
sample_03061,FAKE,data/raw/Echoes/Echoes/TTA/elevenlabs/Sfogare_Il_Dissenso_Deiezione_HC_elevenlabs_TTA_001.mp3,mp3_64,64k,data/processed/mp3_robustness/mp3_64/sample_03061.mp3,True,encoded,1200840
sample_03062,FAKE,data/raw/Echoes/Echoes/TTA/elevenlabs/Sfogare_Il_Dissenso_Deiezione_HC_elevenlabs_TTA_002.mp3,mp3_128,128k,data/processed/mp3_robustness/mp3_128/sample_03062.mp3,True,encoded,2401637
sample_03062,FAKE,data/raw/Echoes/Echoes/TTA/elevenlabs/Sfogare_Il_Dissenso_Deiezione_HC_elevenlabs_TTA_002.mp3,mp3_64,64k,data/processed/mp3_robustness/mp3_64/sample_03062.mp3,True,encoded,1200840
sample_03065,FAKE,data/raw/Echoes/Echoes/TTA/elevenlabs/She_Works_Tepid_Waters_Bird_Names_elevenlabs_TTA_001.mp3,mp3_128,128k,data/processed/mp3_robustness/mp3_128/sample_03065.mp3,True,encoded,3361689
sample_03065,FAKE,data/raw/Echoes/Echoes/TTA/elevenlabs/She_Works_Tepid_Waters_Bird_Names_elevenlabs_TTA_001.mp3,mp3_64,64k,data/processed/mp3_robustness/mp3_64/sample_03065.mp3,True,encoded,1680866
sample_03066,FAKE,data/raw/Echoes/Echoes/TTA/elevenlabs/She_Works_Tepid_Waters_Bird_Names_elevenlabs_TTA_002.mp3,mp3_128,128k,data/processed/mp3_robustness/mp3_128/sample_03066.mp3,True,encoded,2801624
sample_03066,FAKE,data/raw/Echoes/Echoes/TTA/elevenlabs/She_Works_Tepid_Waters_Bird_Names_elevenlabs_TTA_002.mp3,mp3_64,64k,data/processed/mp3_robustness/mp3_64/sample_03066.mp3,True,encoded,1400834
sample_03071,FAKE,data/raw/Echoes/Echoes/TTA/elevenlabs/Something_Dirty_Ergo_Phizmiz_elevenlabs_TTA_001.mp3,mp3_128,128k,data/processed/mp3_robustness/mp3_128/sample_03071.mp3,True,encoded,2881454
sample_03071,FAKE,data/raw/Echoes/Echoes/TTA/elevenlabs/Something_Dirty_Ergo_Phizmiz_elevenlabs_TTA_001.mp3,mp3_64,64k,data/processed/mp3_robustness/mp3_64/sample_03071.mp3,True,encoded,1440749
sample_03072,FAKE,data/raw/Echoes/Echoes/TTA/elevenlabs/Something_Dirty_Ergo_Phizmiz_elevenlabs_TTA_002.mp3,mp3_128,128k,data/processed/mp3_robustness/mp3_128/sample_03072.mp3,True,encoded,2881454
sample_03072,FAKE,data/raw/Echoes/Echoes/TTA/elevenlabs/Something_Dirty_Ergo_Phizmiz_elevenlabs_TTA_002.mp3,mp3_64,64k,data/processed/mp3_robustness/mp3_64/sample_03072.mp3,True,encoded,1440749
sample_03083,FAKE,data/raw/Echoes/Echoes/TTA/elevenlabs/Stuttgart_Portrayal_elevenlabs_TTA_001.mp3,mp3_128,128k,data/processed/mp3_robustness/mp3_128/sample_03083.mp3,True,encoded,3361689
sample_03083,FAKE,data/raw/Echoes/Echoes/TTA/elevenlabs/Stuttgart_Portrayal_elevenlabs_TTA_001.mp3,mp3_64,64k,data/processed/mp3_robustness/mp3_64/sample_03083.mp3,True,encoded,1680866
sample_03084,FAKE,data/raw/Echoes/Echoes/TTA/elevenlabs/Stuttgart_Portrayal_elevenlabs_TTA_002.mp3,mp3_128,128k,data/processed/mp3_robustness/mp3_128/sample_03084.mp3,True,encoded,2881454
sample_03084,FAKE,data/raw/Echoes/Echoes/TTA/elevenlabs/Stuttgart_Portrayal_elevenlabs_TTA_002.mp3,mp3_64,64k,data/processed/mp3_robustness/mp3_64/sample_03084.mp3,True,encoded,1440749
sample_03089,FAKE,data/raw/Echoes/Echoes/TTA/elevenlabs/Terve_Teille_Чокнутый_Пропеллер_elevenlabs_TTA_001.mp3,mp3_128,128k,data/processed/mp3_robustness/mp3_128/sample_03089.mp3,True,encoded,2401637
sample_03089,FAKE,data/raw/Echoes/Echoes/TTA/elevenlabs/Terve_Teille_Чокнутый_Пропеллер_elevenlabs_TTA_001.mp3,mp3_64,64k,data/processed/mp3_robustness/mp3_64/sample_03089.mp3,True,encoded,1200840
sample_03090,FAKE,data/raw/Echoes/Echoes/TTA/elevenlabs/Terve_Teille_Чокнутый_Пропеллер_elevenlabs_TTA_002.mp3,mp3_128,128k,data/processed/mp3_robustness/mp3_128/sample_03090.mp3,True,encoded,2401637
sample_03090,FAKE,data/raw/Echoes/Echoes/TTA/elevenlabs/Terve_Teille_Чокнутый_Пропеллер_elevenlabs_TTA_002.mp3,mp3_64,64k,data/processed/mp3_robustness/mp3_64/sample_03090.mp3,True,encoded,1200840
sample_03119,FAKE,data/raw/Echoes/Echoes/TTA/elevenlabs/Troubles_Ive_seen_Malaventura_elevenlabs_TTA_001.mp3,mp3_128,128k,data/processed/mp3_robustness/mp3_128/sample_03119.mp3,True,encoded,2881454
sample_03119,FAKE,data/raw/Echoes/Echoes/TTA/elevenlabs/Troubles_Ive_seen_Malaventura_elevenlabs_TTA_001.mp3,mp3_64,64k,data/processed/mp3_robustness/mp3_64/sample_03119.mp3,True,encoded,1440749
sample_03120,FAKE,data/raw/Echoes/Echoes/TTA/elevenlabs/Troubles_Ive_seen_Malaventura_elevenlabs_TTA_002.mp3,mp3_128,128k,data/processed/mp3_robustness/mp3_128/sample_03120.mp3,True,encoded,2881454
sample_03120,FAKE,data/raw/Echoes/Echoes/TTA/elevenlabs/Troubles_Ive_seen_Malaventura_elevenlabs_TTA_002.mp3,mp3_64,64k,data/processed/mp3_robustness/mp3_64/sample_03120.mp3,True,encoded,1440749
sample_03121,FAKE,data/raw/Echoes/Echoes/TTA/elevenlabs/Ugh_Humans_Can_Join_Mystery_Mammal_elevenlabs_TTA_001.mp3,mp3_128,128k,data/processed/mp3_robustness/mp3_128/sample_03121.mp3,True,encoded,2881454
sample_03121,FAKE,data/raw/Echoes/Echoes/TTA/elevenlabs/Ugh_Humans_Can_Join_Mystery_Mammal_elevenlabs_TTA_001.mp3,mp3_64,64k,data/processed/mp3_robustness/mp3_64/sample_03121.mp3,True,encoded,1440749
sample_03122,FAKE,data/raw/Echoes/Echoes/TTA/elevenlabs/Ugh_Humans_Can_Join_Mystery_Mammal_elevenlabs_TTA_002.mp3,mp3_128,128k,data/processed/mp3_robustness/mp3_128/sample_03122.mp3,True,encoded,2881454
sample_03122,FAKE,data/raw/Echoes/Echoes/TTA/elevenlabs/Ugh_Humans_Can_Join_Mystery_Mammal_elevenlabs_TTA_002.mp3,mp3_64,64k,data/processed/mp3_robustness/mp3_64/sample_03122.mp3,True,encoded,1440749
sample_03133,FAKE,data/raw/Echoes/Echoes/TTA/elevenlabs/Where_Is_Everything_The_Moi_Non_Plus_elevenlabs_TTA_001.mp3,mp3_128,128k,data/processed/mp3_robustness/mp3_128/sample_03133.mp3,True,encoded,2881454
sample_03133,FAKE,data/raw/Echoes/Echoes/TTA/elevenlabs/Where_Is_Everything_The_Moi_Non_Plus_elevenlabs_TTA_001.mp3,mp3_64,64k,data/processed/mp3_robustness/mp3_64/sample_03133.mp3,True,encoded,1440749
sample_03134,FAKE,data/raw/Echoes/Echoes/TTA/elevenlabs/Where_Is_Everything_The_Moi_Non_Plus_elevenlabs_TTA_002.mp3,mp3_128,128k,data/processed/mp3_robustness/mp3_128/sample_03134.mp3,True,encoded,2401637
sample_03134,FAKE,data/raw/Echoes/Echoes/TTA/elevenlabs/Where_Is_Everything_The_Moi_Non_Plus_elevenlabs_TTA_002.mp3,mp3_64,64k,data/processed/mp3_robustness/mp3_64/sample_03134.mp3,True,encoded,1200840
sample_03135,FAKE,data/raw/Echoes/Echoes/TTA/elevenlabs/Who_Loves_You_Dear_Mink_Lungs_elevenlabs_TTA_001.mp3,mp3_128,128k,data/processed/mp3_robustness/mp3_128/sample_03135.mp3,True,encoded,2561297
sample_03135,FAKE,data/raw/Echoes/Echoes/TTA/elevenlabs/Who_Loves_You_Dear_Mink_Lungs_elevenlabs_TTA_001.mp3,mp3_64,64k,data/processed/mp3_robustness/mp3_64/sample_03135.mp3,True,encoded,1280670
sample_03136,FAKE,data/raw/Echoes/Echoes/TTA/elevenlabs/Who_Loves_You_Dear_Mink_Lungs_elevenlabs_TTA_002.mp3,mp3_128,128k,data/processed/mp3_robustness/mp3_128/sample_03136.mp3,True,encoded,2881454
sample_03136,FAKE,data/raw/Echoes/Echoes/TTA/elevenlabs/Who_Loves_You_Dear_Mink_Lungs_elevenlabs_TTA_002.mp3,mp3_64,64k,data/processed/mp3_robustness/mp3_64/sample_03136.mp3,True,encoded,1440749
sample_03167,FAKE,data/raw/Echoes/Echoes/TTA/musicgen/2Much_Andy_Spinelli_Alex_Snchez_House_Edit_Tentacles_musicgen_TTA_001.wav,mp3_128,128k,data/processed/mp3_robustness/mp3_128/sample_03167.mp3,True,encoded,480429
sample_03167,FAKE,data/raw/Echoes/Echoes/TTA/musicgen/2Much_Andy_Spinelli_Alex_Snchez_House_Edit_Tentacles_musicgen_TTA_001.wav,mp3_64,64k,data/processed/mp3_robustness/mp3_64/sample_03167.mp3,True,encoded,240237
sample_03169,FAKE,data/raw/Echoes/Echoes/TTA/musicgen/3_am_West_End_statusq_musicgen_TTA_001.wav,mp3_128,128k,data/processed/mp3_robustness/mp3_128/sample_03169.mp3,True,encoded,480429
sample_03169,FAKE,data/raw/Echoes/Echoes/TTA/musicgen/3_am_West_End_statusq_musicgen_TTA_001.wav,mp3_64,64k,data/processed/mp3_robustness/mp3_64/sample_03169.mp3,True,encoded,240237
sample_03171,FAKE,data/raw/Echoes/Echoes/TTA/musicgen/5_Lexington_Isle_of_Pine_musicgen_TTA_001.wav,mp3_128,128k,data/processed/mp3_robustness/mp3_128/sample_03171.mp3,True,encoded,480429
sample_03171,FAKE,data/raw/Echoes/Echoes/TTA/musicgen/5_Lexington_Isle_of_Pine_musicgen_TTA_001.wav,mp3_64,64k,data/processed/mp3_robustness/mp3_64/sample_03171.mp3,True,encoded,240237
sample_03183,FAKE,data/raw/Echoes/Echoes/TTA/musicgen/Attention_Pete_Prodoehl_musicgen_TTA_001.wav,mp3_128,128k,data/processed/mp3_robustness/mp3_128/sample_03183.mp3,True,encoded,480429
sample_03183,FAKE,data/raw/Echoes/Echoes/TTA/musicgen/Attention_Pete_Prodoehl_musicgen_TTA_001.wav,mp3_64,64k,data/processed/mp3_robustness/mp3_64/sample_03183.mp3,True,encoded,240237
sample_03193,FAKE,data/raw/Echoes/Echoes/TTA/musicgen/Bizzy_The_Tleilaxu_Music_Machine_musicgen_TTA_001.wav,mp3_128,128k,data/processed/mp3_robustness/mp3_128/sample_03193.mp3,True,encoded,480429
sample_03193,FAKE,data/raw/Echoes/Echoes/TTA/musicgen/Bizzy_The_Tleilaxu_Music_Machine_musicgen_TTA_001.wav,mp3_64,64k,data/processed/mp3_robustness/mp3_64/sample_03193.mp3,True,encoded,240237
sample_03209,FAKE,data/raw/Echoes/Echoes/TTA/musicgen/Dance_Harder_Three_Chain_Links_musicgen_TTA_001.wav,mp3_128,128k,data/processed/mp3_robustness/mp3_128/sample_03209.mp3,True,encoded,480429
sample_03209,FAKE,data/raw/Echoes/Echoes/TTA/musicgen/Dance_Harder_Three_Chain_Links_musicgen_TTA_001.wav,mp3_64,64k,data/processed/mp3_robustness/mp3_64/sample_03209.mp3,True,encoded,240237
sample_03214,FAKE,data/raw/Echoes/Echoes/TTA/musicgen/Different_Day_First_musicgen_TTA_001.wav,mp3_128,128k,data/processed/mp3_robustness/mp3_128/sample_03214.mp3,True,encoded,480429
sample_03214,FAKE,data/raw/Echoes/Echoes/TTA/musicgen/Different_Day_First_musicgen_TTA_001.wav,mp3_64,64k,data/processed/mp3_robustness/mp3_64/sample_03214.mp3,True,encoded,240237
sample_03222,FAKE,data/raw/Echoes/Echoes/TTA/musicgen/El_Burrito_Malaventura_musicgen_TTA_001.wav,mp3_128,128k,data/processed/mp3_robustness/mp3_128/sample_03222.mp3,True,encoded,480429
sample_03222,FAKE,data/raw/Echoes/Echoes/TTA/musicgen/El_Burrito_Malaventura_musicgen_TTA_001.wav,mp3_64,64k,data/processed/mp3_robustness/mp3_64/sample_03222.mp3,True,encoded,240237
sample_03227,FAKE,data/raw/Echoes/Echoes/TTA/musicgen/End_titles_Itsenssyjt_musicgen_TTA_001.wav,mp3_128,128k,data/processed/mp3_robustness/mp3_128/sample_03227.mp3,True,encoded,480429
sample_03227,FAKE,data/raw/Echoes/Echoes/TTA/musicgen/End_titles_Itsenssyjt_musicgen_TTA_001.wav,mp3_64,64k,data/processed/mp3_robustness/mp3_64/sample_03227.mp3,True,encoded,240237
sample_03244,FAKE,data/raw/Echoes/Echoes/TTA/musicgen/Fuckaboing_RoccoW_musicgen_TTA_001.wav,mp3_128,128k,data/processed/mp3_robustness/mp3_128/sample_03244.mp3,True,encoded,480429
sample_03244,FAKE,data/raw/Echoes/Echoes/TTA/musicgen/Fuckaboing_RoccoW_musicgen_TTA_001.wav,mp3_64,64k,data/processed/mp3_robustness/mp3_64/sample_03244.mp3,True,encoded,240237
sample_03253,FAKE,data/raw/Echoes/Echoes/TTA/musicgen/Head_of_Ancante_Talking_Tree_Akchamel_The_Giver_of_Illness_musicgen_TTA_001.wav,mp3_128,128k,data/processed/mp3_robustness/mp3_128/sample_03253.mp3,True,encoded,480429
sample_03253,FAKE,data/raw/Echoes/Echoes/TTA/musicgen/Head_of_Ancante_Talking_Tree_Akchamel_The_Giver_of_Illness_musicgen_TTA_001.wav,mp3_64,64k,data/processed/mp3_robustness/mp3_64/sample_03253.mp3,True,encoded,240237
sample_03255,FAKE,data/raw/Echoes/Echoes/TTA/musicgen/Hungry_Oh_Yeah_the_Future_musicgen_TTA_001.wav,mp3_128,128k,data/processed/mp3_robustness/mp3_128/sample_03255.mp3,True,encoded,480429
sample_03255,FAKE,data/raw/Echoes/Echoes/TTA/musicgen/Hungry_Oh_Yeah_the_Future_musicgen_TTA_001.wav,mp3_64,64k,data/processed/mp3_robustness/mp3_64/sample_03255.mp3,True,encoded,240237
sample_03267,FAKE,data/raw/Echoes/Echoes/TTA/musicgen/I_Inflammator_musicgen_TTA_001.wav,mp3_128,128k,data/processed/mp3_robustness/mp3_128/sample_03267.mp3,True,encoded,480429
sample_03267,FAKE,data/raw/Echoes/Echoes/TTA/musicgen/I_Inflammator_musicgen_TTA_001.wav,mp3_64,64k,data/processed/mp3_robustness/mp3_64/sample_03267.mp3,True,encoded,240237
sample_03287,FAKE,data/raw/Echoes/Echoes/TTA/musicgen/Leaving_Here_Mod_Fun_musicgen_TTA_001.wav,mp3_128,128k,data/processed/mp3_robustness/mp3_128/sample_03287.mp3,True,encoded,480429
sample_03287,FAKE,data/raw/Echoes/Echoes/TTA/musicgen/Leaving_Here_Mod_Fun_musicgen_TTA_001.wav,mp3_64,64k,data/processed/mp3_robustness/mp3_64/sample_03287.mp3,True,encoded,240237
sample_03288,FAKE,data/raw/Echoes/Echoes/TTA/musicgen/Lets_Start_Out_Slow_RoccoW_musicgen_TTA_001.wav,mp3_128,128k,data/processed/mp3_robustness/mp3_128/sample_03288.mp3,True,encoded,480429
sample_03288,FAKE,data/raw/Echoes/Echoes/TTA/musicgen/Lets_Start_Out_Slow_RoccoW_musicgen_TTA_001.wav,mp3_64,64k,data/processed/mp3_robustness/mp3_64/sample_03288.mp3,True,encoded,240237
sample_03290,FAKE,data/raw/Echoes/Echoes/TTA/musicgen/Let_Youre_Body_Move_D_SMILEZ_musicgen_TTA_001.wav,mp3_128,128k,data/processed/mp3_robustness/mp3_128/sample_03290.mp3,True,encoded,480429
sample_03290,FAKE,data/raw/Echoes/Echoes/TTA/musicgen/Let_Youre_Body_Move_D_SMILEZ_musicgen_TTA_001.wav,mp3_64,64k,data/processed/mp3_robustness/mp3_64/sample_03290.mp3,True,encoded,240237
sample_03295,FAKE,data/raw/Echoes/Echoes/TTA/musicgen/LIQUID_SKULLS_voyageurs_musicgen_TTA_001.wav,mp3_128,128k,data/processed/mp3_robustness/mp3_128/sample_03295.mp3,True,encoded,480429
sample_03295,FAKE,data/raw/Echoes/Echoes/TTA/musicgen/LIQUID_SKULLS_voyageurs_musicgen_TTA_001.wav,mp3_64,64k,data/processed/mp3_robustness/mp3_64/sample_03295.mp3,True,encoded,240237
sample_03301,FAKE,data/raw/Echoes/Echoes/TTA/musicgen/Love_Dream_The_Zombie_Dandies_musicgen_TTA_001.wav,mp3_128,128k,data/processed/mp3_robustness/mp3_128/sample_03301.mp3,True,encoded,480429
sample_03301,FAKE,data/raw/Echoes/Echoes/TTA/musicgen/Love_Dream_The_Zombie_Dandies_musicgen_TTA_001.wav,mp3_64,64k,data/processed/mp3_robustness/mp3_64/sample_03301.mp3,True,encoded,240237
sample_03302,FAKE,data/raw/Echoes/Echoes/TTA/musicgen/Larbre_Salmo_musicgen_TTA_001.wav,mp3_128,128k,data/processed/mp3_robustness/mp3_128/sample_03302.mp3,True,encoded,480429
sample_03302,FAKE,data/raw/Echoes/Echoes/TTA/musicgen/Larbre_Salmo_musicgen_TTA_001.wav,mp3_64,64k,data/processed/mp3_robustness/mp3_64/sample_03302.mp3,True,encoded,240237
sample_03308,FAKE,data/raw/Echoes/Echoes/TTA/musicgen/Moja_Krypta_AmortE_musicgen_TTA_001.wav,mp3_128,128k,data/processed/mp3_robustness/mp3_128/sample_03308.mp3,True,encoded,480429
sample_03308,FAKE,data/raw/Echoes/Echoes/TTA/musicgen/Moja_Krypta_AmortE_musicgen_TTA_001.wav,mp3_64,64k,data/processed/mp3_robustness/mp3_64/sample_03308.mp3,True,encoded,240237
sample_03313,FAKE,data/raw/Echoes/Echoes/TTA/musicgen/Motocross_Mania_Monroeville_Music_Center_musicgen_TTA_001.wav,mp3_128,128k,data/processed/mp3_robustness/mp3_128/sample_03313.mp3,True,encoded,480429
sample_03313,FAKE,data/raw/Echoes/Echoes/TTA/musicgen/Motocross_Mania_Monroeville_Music_Center_musicgen_TTA_001.wav,mp3_64,64k,data/processed/mp3_robustness/mp3_64/sample_03313.mp3,True,encoded,240237
sample_03315,FAKE,data/raw/Echoes/Echoes/TTA/musicgen/Music_For_an_Underground_Circu_Ergo_Phizmiz_musicgen_TTA_001.wav,mp3_128,128k,data/processed/mp3_robustness/mp3_128/sample_03315.mp3,True,encoded,480429
sample_03315,FAKE,data/raw/Echoes/Echoes/TTA/musicgen/Music_For_an_Underground_Circu_Ergo_Phizmiz_musicgen_TTA_001.wav,mp3_64,64k,data/processed/mp3_robustness/mp3_64/sample_03315.mp3,True,encoded,240237
sample_03324,FAKE,data/raw/Echoes/Echoes/TTA/musicgen/Night_Owl_Broke_For_Free_musicgen_TTA_001.wav,mp3_128,128k,data/processed/mp3_robustness/mp3_128/sample_03324.mp3,True,encoded,480429
sample_03324,FAKE,data/raw/Echoes/Echoes/TTA/musicgen/Night_Owl_Broke_For_Free_musicgen_TTA_001.wav,mp3_64,64k,data/processed/mp3_robustness/mp3_64/sample_03324.mp3,True,encoded,240237
sample_03342,FAKE,data/raw/Echoes/Echoes/TTA/musicgen/Pista_Afuera_Epstein_musicgen_TTA_001.wav,mp3_128,128k,data/processed/mp3_robustness/mp3_128/sample_03342.mp3,True,encoded,480429
sample_03342,FAKE,data/raw/Echoes/Echoes/TTA/musicgen/Pista_Afuera_Epstein_musicgen_TTA_001.wav,mp3_64,64k,data/processed/mp3_robustness/mp3_64/sample_03342.mp3,True,encoded,240237
sample_03345,FAKE,data/raw/Echoes/Echoes/TTA/musicgen/Production_Bird_Names_musicgen_TTA_001.wav,mp3_128,128k,data/processed/mp3_robustness/mp3_128/sample_03345.mp3,True,encoded,480429
sample_03345,FAKE,data/raw/Echoes/Echoes/TTA/musicgen/Production_Bird_Names_musicgen_TTA_001.wav,mp3_64,64k,data/processed/mp3_robustness/mp3_64/sample_03345.mp3,True,encoded,240237
sample_03347,FAKE,data/raw/Echoes/Echoes/TTA/musicgen/Puertas_de_Fuego_Guerra_de_Cerdos_musicgen_TTA_001.wav,mp3_128,128k,data/processed/mp3_robustness/mp3_128/sample_03347.mp3,True,encoded,480429
sample_03347,FAKE,data/raw/Echoes/Echoes/TTA/musicgen/Puertas_de_Fuego_Guerra_de_Cerdos_musicgen_TTA_001.wav,mp3_64,64k,data/processed/mp3_robustness/mp3_64/sample_03347.mp3,True,encoded,240237
sample_03350,FAKE,data/raw/Echoes/Echoes/TTA/musicgen/Realize_Me_Jim_Rooster_musicgen_TTA_001.wav,mp3_128,128k,data/processed/mp3_robustness/mp3_128/sample_03350.mp3,True,encoded,480429
sample_03350,FAKE,data/raw/Echoes/Echoes/TTA/musicgen/Realize_Me_Jim_Rooster_musicgen_TTA_001.wav,mp3_64,64k,data/processed/mp3_robustness/mp3_64/sample_03350.mp3,True,encoded,240237
sample_03352,FAKE,data/raw/Echoes/Echoes/TTA/musicgen/Resistentialism_Nihilore_musicgen_TTA_001.wav,mp3_128,128k,data/processed/mp3_robustness/mp3_128/sample_03352.mp3,True,encoded,480429
sample_03352,FAKE,data/raw/Echoes/Echoes/TTA/musicgen/Resistentialism_Nihilore_musicgen_TTA_001.wav,mp3_64,64k,data/processed/mp3_robustness/mp3_64/sample_03352.mp3,True,encoded,240237
sample_03367,FAKE,data/raw/Echoes/Echoes/TTA/musicgen/Set_Fire_to_Creation_Nihilore_musicgen_TTA_001.wav,mp3_128,128k,data/processed/mp3_robustness/mp3_128/sample_03367.mp3,True,encoded,480429
sample_03367,FAKE,data/raw/Echoes/Echoes/TTA/musicgen/Set_Fire_to_Creation_Nihilore_musicgen_TTA_001.wav,mp3_64,64k,data/processed/mp3_robustness/mp3_64/sample_03367.mp3,True,encoded,240237
sample_03368,FAKE,data/raw/Echoes/Echoes/TTA/musicgen/Sfogare_Il_Dissenso_Deiezione_HC_musicgen_TTA_001.wav,mp3_128,128k,data/processed/mp3_robustness/mp3_128/sample_03368.mp3,True,encoded,480429
sample_03368,FAKE,data/raw/Echoes/Echoes/TTA/musicgen/Sfogare_Il_Dissenso_Deiezione_HC_musicgen_TTA_001.wav,mp3_64,64k,data/processed/mp3_robustness/mp3_64/sample_03368.mp3,True,encoded,240237
sample_03371,FAKE,data/raw/Echoes/Echoes/TTA/musicgen/She_Works_Tepid_Waters_Bird_Names_musicgen_TTA_001.wav,mp3_128,128k,data/processed/mp3_robustness/mp3_128/sample_03371.mp3,True,encoded,480429
sample_03371,FAKE,data/raw/Echoes/Echoes/TTA/musicgen/She_Works_Tepid_Waters_Bird_Names_musicgen_TTA_001.wav,mp3_64,64k,data/processed/mp3_robustness/mp3_64/sample_03371.mp3,True,encoded,240237
sample_03379,FAKE,data/raw/Echoes/Echoes/TTA/musicgen/Something_Dirty_Ergo_Phizmiz_musicgen_TTA_001.wav,mp3_128,128k,data/processed/mp3_robustness/mp3_128/sample_03379.mp3,True,encoded,480429
sample_03379,FAKE,data/raw/Echoes/Echoes/TTA/musicgen/Something_Dirty_Ergo_Phizmiz_musicgen_TTA_001.wav,mp3_64,64k,data/processed/mp3_robustness/mp3_64/sample_03379.mp3,True,encoded,240237
sample_03381,FAKE,data/raw/Echoes/Echoes/TTA/musicgen/Sonzis_FM_Pipe_Choir_musicgen_TTA_001.wav,mp3_128,128k,data/processed/mp3_robustness/mp3_128/sample_03381.mp3,True,encoded,480429
sample_03381,FAKE,data/raw/Echoes/Echoes/TTA/musicgen/Sonzis_FM_Pipe_Choir_musicgen_TTA_001.wav,mp3_64,64k,data/processed/mp3_robustness/mp3_64/sample_03381.mp3,True,encoded,240237
sample_03390,FAKE,data/raw/Echoes/Echoes/TTA/musicgen/Stuttgart_Portrayal_musicgen_TTA_001.wav,mp3_128,128k,data/processed/mp3_robustness/mp3_128/sample_03390.mp3,True,encoded,480429
sample_03390,FAKE,data/raw/Echoes/Echoes/TTA/musicgen/Stuttgart_Portrayal_musicgen_TTA_001.wav,mp3_64,64k,data/processed/mp3_robustness/mp3_64/sample_03390.mp3,True,encoded,240237
sample_03391,FAKE,data/raw/Echoes/Echoes/TTA/musicgen/Support_Me_in_This_Moment_That_Im_About_To_Lose_Heart_Nihilore_musicgen_TTA_001.wav,mp3_128,128k,data/processed/mp3_robustness/mp3_128/sample_03391.mp3,True,encoded,480429
sample_03391,FAKE,data/raw/Echoes/Echoes/TTA/musicgen/Support_Me_in_This_Moment_That_Im_About_To_Lose_Heart_Nihilore_musicgen_TTA_001.wav,mp3_64,64k,data/processed/mp3_robustness/mp3_64/sample_03391.mp3,True,encoded,240237
sample_03396,FAKE,data/raw/Echoes/Echoes/TTA/musicgen/Terve_Teille_musicgen_TTA_001.wav,mp3_128,128k,data/processed/mp3_robustness/mp3_128/sample_03396.mp3,True,encoded,480429
sample_03396,FAKE,data/raw/Echoes/Echoes/TTA/musicgen/Terve_Teille_musicgen_TTA_001.wav,mp3_64,64k,data/processed/mp3_robustness/mp3_64/sample_03396.mp3,True,encoded,240237
sample_03397,FAKE,data/raw/Echoes/Echoes/TTA/musicgen/The_Adventures_Of_Roderick_Random_Maps_And_Diagrams_musicgen_TTA_001.wav,mp3_128,128k,data/processed/mp3_robustness/mp3_128/sample_03397.mp3,True,encoded,480429
sample_03397,FAKE,data/raw/Echoes/Echoes/TTA/musicgen/The_Adventures_Of_Roderick_Random_Maps_And_Diagrams_musicgen_TTA_001.wav,mp3_64,64k,data/processed/mp3_robustness/mp3_64/sample_03397.mp3,True,encoded,240237
sample_03411,FAKE,data/raw/Echoes/Echoes/TTA/musicgen/The_Pursuit_of_Unintentional_Humor_Oh_Yeah_the_Future_musicgen_TTA_001.wav,mp3_128,128k,data/processed/mp3_robustness/mp3_128/sample_03411.mp3,True,encoded,480429
sample_03411,FAKE,data/raw/Echoes/Echoes/TTA/musicgen/The_Pursuit_of_Unintentional_Humor_Oh_Yeah_the_Future_musicgen_TTA_001.wav,mp3_64,64k,data/processed/mp3_robustness/mp3_64/sample_03411.mp3,True,encoded,240237
sample_03416,FAKE,data/raw/Echoes/Echoes/TTA/musicgen/The_Secret_Garden_Barbarix_musicgen_TTA_001.wav,mp3_128,128k,data/processed/mp3_robustness/mp3_128/sample_03416.mp3,True,encoded,480429
sample_03416,FAKE,data/raw/Echoes/Echoes/TTA/musicgen/The_Secret_Garden_Barbarix_musicgen_TTA_001.wav,mp3_64,64k,data/processed/mp3_robustness/mp3_64/sample_03416.mp3,True,encoded,240237
sample_03425,FAKE,data/raw/Echoes/Echoes/TTA/musicgen/Troubles_Ive_seen_Malaventura_musicgen_TTA_001.wav,mp3_128,128k,data/processed/mp3_robustness/mp3_128/sample_03425.mp3,True,encoded,480429
sample_03425,FAKE,data/raw/Echoes/Echoes/TTA/musicgen/Troubles_Ive_seen_Malaventura_musicgen_TTA_001.wav,mp3_64,64k,data/processed/mp3_robustness/mp3_64/sample_03425.mp3,True,encoded,240237
sample_03427,FAKE,data/raw/Echoes/Echoes/TTA/musicgen/Ugh_Humans_Can_Join_Mystery_Mammal_musicgen_TTA_001.wav,mp3_128,128k,data/processed/mp3_robustness/mp3_128/sample_03427.mp3,True,encoded,480429
sample_03427,FAKE,data/raw/Echoes/Echoes/TTA/musicgen/Ugh_Humans_Can_Join_Mystery_Mammal_musicgen_TTA_001.wav,mp3_64,64k,data/processed/mp3_robustness/mp3_64/sample_03427.mp3,True,encoded,240237
sample_03431,FAKE,data/raw/Echoes/Echoes/TTA/musicgen/Untitled_Fatal_Injection_musicgen_TTA_001.wav,mp3_128,128k,data/processed/mp3_robustness/mp3_128/sample_03431.mp3,True,encoded,480429
sample_03431,FAKE,data/raw/Echoes/Echoes/TTA/musicgen/Untitled_Fatal_Injection_musicgen_TTA_001.wav,mp3_64,64k,data/processed/mp3_robustness/mp3_64/sample_03431.mp3,True,encoded,240237
sample_03443,FAKE,data/raw/Echoes/Echoes/TTA/musicgen/Where_Is_Everything_The_Moi_Non_Plus_musicgen_TTA_001.wav,mp3_128,128k,data/processed/mp3_robustness/mp3_128/sample_03443.mp3,True,encoded,480429
sample_03443,FAKE,data/raw/Echoes/Echoes/TTA/musicgen/Where_Is_Everything_The_Moi_Non_Plus_musicgen_TTA_001.wav,mp3_64,64k,data/processed/mp3_robustness/mp3_64/sample_03443.mp3,True,encoded,240237
sample_03444,FAKE,data/raw/Echoes/Echoes/TTA/musicgen/Who_Loves_You_Dear_Mink_Lungs_musicgen_TTA_001.wav,mp3_128,128k,data/processed/mp3_robustness/mp3_128/sample_03444.mp3,True,encoded,480429
sample_03444,FAKE,data/raw/Echoes/Echoes/TTA/musicgen/Who_Loves_You_Dear_Mink_Lungs_musicgen_TTA_001.wav,mp3_64,64k,data/processed/mp3_robustness/mp3_64/sample_03444.mp3,True,encoded,240237
sample_03451,FAKE,data/raw/Echoes/Echoes/TTA/musicgen/Yurtology_Michett_musicgen_TTA_001.wav,mp3_128,128k,data/processed/mp3_robustness/mp3_128/sample_03451.mp3,True,encoded,480429
sample_03451,FAKE,data/raw/Echoes/Echoes/TTA/musicgen/Yurtology_Michett_musicgen_TTA_001.wav,mp3_64,64k,data/processed/mp3_robustness/mp3_64/sample_03451.mp3,True,encoded,240237
